-- phpMyAdmin SQL Dump
-- version 4.8.3
-- https://www.phpmyadmin.net/
--
-- Host: 127.0.0.1
-- Generation Time: Jan 29, 2019 at 09:08 AM
-- Server version: 10.1.35-MariaDB
-- PHP Version: 7.2.9

SET SQL_MODE = "NO_AUTO_VALUE_ON_ZERO";
SET AUTOCOMMIT = 0;
START TRANSACTION;
SET time_zone = "+00:00";


/*!40101 SET @OLD_CHARACTER_SET_CLIENT=@@CHARACTER_SET_CLIENT */;
/*!40101 SET @OLD_CHARACTER_SET_RESULTS=@@CHARACTER_SET_RESULTS */;
/*!40101 SET @OLD_COLLATION_CONNECTION=@@COLLATION_CONNECTION */;
/*!40101 SET NAMES utf8mb4 */;

--
-- Database: `attendance_management_db`
--

-- --------------------------------------------------------

--
-- Table structure for table `student_grades_hs`
--

CREATE TABLE `student_grades_hs` (
  `id` int(11) NOT NULL,
  `student_id` int(11) NOT NULL,
  `class_id` int(11) NOT NULL,
  `1st_grading` float NOT NULL DEFAULT '70',
  `2nd_grading` float DEFAULT '70',
  `3rd_grading` float NOT NULL DEFAULT '70',
  `4th_grading` float NOT NULL DEFAULT '70',
  `final_grading` float NOT NULL
) ENGINE=InnoDB DEFAULT CHARSET=latin1;

--
-- Dumping data for table `student_grades_hs`
--

INSERT INTO `student_grades_hs` (`id`, `student_id`, `class_id`, `1st_grading`, `2nd_grading`, `3rd_grading`, `4th_grading`, `final_grading`) VALUES
(8, 22, 10, 94, 96, 96, 0, 0),
(9, 6, 10, 94, 94, 0, 0, 0),
(10, 16, 10, 92, 94, 94, 0, 0),
(11, 39, 10, 93, 94, 95, 0, 0),
(12, 38, 10, 93, 94, 93, 0, 0),
(13, 20, 10, 94, 94, 96, 0, 0),
(14, 42, 10, 82, 0, 0, 0, 0),
(15, 12, 10, 94, 96, 96, 0, 0),
(16, 13, 10, 92, 96, 95, 0, 0),
(17, 21, 10, 87, 96, 96, 0, 0),
(18, 29, 10, 94, 96, 96, 0, 0),
(19, 5, 10, 89, 94, 93, 0, 0),
(20, 17, 10, 91, 92, 93, 0, 0);

-- --------------------------------------------------------

--
-- Table structure for table `tbl_advisory`
--

CREATE TABLE `tbl_advisory` (
  `id` int(11) NOT NULL,
  `grade` int(11) NOT NULL,
  `section` int(11) NOT NULL,
  `teacher_id` int(11) NOT NULL
) ENGINE=InnoDB DEFAULT CHARSET=latin1;

-- --------------------------------------------------------

--
-- Table structure for table `tbl_attendance`
--

CREATE TABLE `tbl_attendance` (
  `id` int(11) NOT NULL,
  `member_id` int(11) NOT NULL,
  `class_id` int(11) NOT NULL,
  `att_date` date NOT NULL,
  `att_status` varchar(100) NOT NULL
) ENGINE=InnoDB DEFAULT CHARSET=latin1;

--
-- Dumping data for table `tbl_attendance`
--

INSERT INTO `tbl_attendance` (`id`, `member_id`, `class_id`, `att_date`, `att_status`) VALUES
(1, 32, 10, '2018-07-09', '1'),
(2, 13, 10, '2018-07-09', '1'),
(3, 9, 10, '2018-07-09', '1'),
(4, 44, 10, '2018-07-09', '1'),
(5, 28, 10, '2018-07-09', '1'),
(6, 19, 10, '2018-07-09', '1'),
(7, 43, 10, '2018-07-09', '1'),
(8, 33, 10, '2018-07-09', '1'),
(9, 4, 10, '2018-07-09', '1'),
(10, 29, 10, '2018-07-09', '1'),
(11, 17, 10, '2018-07-09', '1'),
(12, 3, 10, '2018-07-09', '1'),
(13, 21, 10, '2018-07-09', '1'),
(14, 22, 10, '2018-07-09', '1'),
(15, 5, 10, '2018-07-09', '1'),
(16, 46, 10, '2018-07-09', '1'),
(17, 11, 10, '2018-07-09', '1'),
(18, 24, 10, '2018-07-09', '1'),
(19, 10, 10, '2018-07-09', '1'),
(20, 37, 10, '2018-07-09', '1'),
(21, 41, 10, '2018-07-09', '0'),
(22, 42, 10, '2018-07-09', '1'),
(23, 8, 10, '2018-07-09', '1'),
(24, 7, 10, '2018-07-09', '1'),
(25, 39, 10, '2018-07-09', '1'),
(26, 31, 10, '2018-07-09', '1'),
(27, 12, 10, '2018-07-09', '1'),
(28, 34, 10, '2018-07-09', '1'),
(29, 35, 10, '2018-07-09', '1'),
(30, 15, 10, '2018-07-09', '1'),
(31, 27, 10, '2018-07-09', '1'),
(32, 45, 10, '2018-07-09', '1'),
(33, 36, 10, '2018-07-09', '1'),
(34, 14, 10, '2018-07-09', '1'),
(35, 18, 10, '2018-07-09', '1'),
(36, 25, 10, '2018-07-09', '1'),
(37, 6, 10, '2018-07-09', '1'),
(38, 30, 10, '2018-07-09', '1'),
(39, 40, 10, '2018-07-09', '1'),
(40, 20, 10, '2018-07-09', '1'),
(41, 38, 10, '2018-07-09', '1'),
(42, 26, 10, '2018-07-09', '1'),
(43, 16, 10, '2018-07-09', '1'),
(44, 23, 10, '2018-07-09', '1'),
(45, 47, 11, '2018-07-09', '1'),
(46, 48, 11, '2018-07-09', '1'),
(47, 49, 11, '2018-07-09', '1'),
(48, 50, 11, '2018-07-09', '1'),
(49, 51, 11, '2018-07-09', '0'),
(50, 52, 11, '2018-07-09', '1'),
(51, 53, 11, '2018-07-09', '1'),
(52, 54, 11, '2018-07-09', '1'),
(53, 55, 11, '2018-07-09', '1'),
(54, 57, 11, '2018-07-09', '1'),
(55, 58, 11, '2018-07-09', '1'),
(56, 59, 11, '2018-07-09', '1'),
(57, 60, 11, '2018-07-09', '1'),
(58, 61, 11, '2018-07-09', '1'),
(59, 62, 11, '2018-07-09', '1'),
(60, 63, 11, '2018-07-09', '1'),
(61, 65, 11, '2018-07-09', '1'),
(62, 64, 11, '2018-07-09', '1'),
(63, 66, 11, '2018-07-09', '1'),
(64, 67, 11, '2018-07-09', '1'),
(65, 68, 11, '2018-07-09', '1'),
(66, 69, 11, '2018-07-09', '1'),
(67, 70, 11, '2018-07-09', '1'),
(68, 71, 11, '2018-07-09', '1'),
(69, 72, 11, '2018-07-09', '1'),
(70, 56, 11, '2018-07-09', '1'),
(71, 73, 11, '2018-07-09', '0'),
(72, 74, 11, '2018-07-09', '1'),
(73, 75, 11, '2018-07-09', '1'),
(74, 76, 11, '2018-07-09', '1'),
(75, 77, 11, '2018-07-09', '1'),
(76, 78, 11, '2018-07-09', '1'),
(77, 79, 11, '2018-07-09', '1'),
(78, 80, 11, '2018-07-09', '1'),
(79, 81, 11, '2018-07-09', '1'),
(80, 82, 11, '2018-07-09', '1'),
(81, 83, 11, '2018-07-09', '1'),
(82, 84, 11, '2018-07-09', '1'),
(83, 85, 11, '2018-07-09', '1'),
(84, 86, 11, '2018-07-09', '1'),
(85, 87, 11, '2018-07-09', '1'),
(86, 88, 11, '2018-07-09', '1'),
(87, 90, 11, '2018-07-09', '1'),
(88, 91, 11, '2018-07-09', '1'),
(89, 89, 11, '2018-07-09', '1'),
(90, 114, 14, '2018-07-17', '1'),
(91, 115, 14, '2018-07-17', '1'),
(92, 116, 14, '2018-07-17', '1'),
(93, 117, 14, '2018-07-17', '1'),
(94, 118, 14, '2018-07-17', '1'),
(95, 119, 14, '2018-07-17', '1'),
(96, 120, 14, '2018-07-17', '1'),
(97, 121, 14, '2018-07-17', '1'),
(98, 122, 14, '2018-07-17', '1'),
(99, 123, 14, '2018-07-17', '1'),
(100, 124, 14, '2018-07-17', '1'),
(101, 125, 14, '2018-07-17', '1'),
(102, 126, 14, '2018-07-17', '1'),
(103, 127, 14, '2018-07-17', '1'),
(104, 128, 14, '2018-07-17', '1'),
(105, 129, 14, '2018-07-17', '1'),
(106, 130, 14, '2018-07-17', '1'),
(107, 131, 14, '2018-07-17', '1'),
(108, 132, 14, '2018-07-17', '1'),
(109, 133, 14, '2018-07-17', '1'),
(110, 134, 14, '2018-07-17', '1'),
(111, 135, 14, '2018-07-17', '1'),
(112, 136, 14, '2018-07-17', '1'),
(113, 137, 14, '2018-07-17', '1'),
(114, 92, 14, '2018-07-17', '1'),
(115, 93, 14, '2018-07-17', '1'),
(116, 94, 14, '2018-07-17', '1'),
(117, 95, 14, '2018-07-17', '1'),
(118, 96, 14, '2018-07-17', '1'),
(119, 97, 14, '2018-07-17', '1'),
(120, 98, 14, '2018-07-17', '1'),
(121, 99, 14, '2018-07-17', '1'),
(122, 100, 14, '2018-07-17', '1'),
(123, 101, 14, '2018-07-17', '1'),
(124, 102, 14, '2018-07-17', '1'),
(125, 103, 14, '2018-07-17', '1'),
(126, 104, 14, '2018-07-17', '1'),
(127, 105, 14, '2018-07-17', '1'),
(128, 107, 14, '2018-07-17', '1'),
(129, 106, 14, '2018-07-17', '1'),
(130, 108, 14, '2018-07-17', '1'),
(131, 109, 14, '2018-07-17', '1'),
(132, 110, 14, '2018-07-17', '1'),
(133, 111, 14, '2018-07-17', '1'),
(134, 112, 14, '2018-07-17', '1'),
(135, 113, 14, '2018-07-17', '1'),
(136, 140, 16, '2018-07-18', '1'),
(137, 139, 16, '2018-07-18', '1'),
(138, 141, 16, '2018-07-18', '1'),
(139, 145, 16, '2018-07-18', '1'),
(140, 144, 16, '2018-07-18', '1'),
(141, 172, 16, '2018-07-18', '1'),
(142, 147, 16, '2018-07-18', '1'),
(143, 142, 16, '2018-07-18', '1'),
(144, 146, 16, '2018-07-18', '1'),
(145, 149, 16, '2018-07-18', '1'),
(146, 150, 16, '2018-07-18', '1'),
(147, 151, 16, '2018-07-18', '1'),
(148, 152, 16, '2018-07-18', '1'),
(149, 153, 16, '2018-07-18', '1'),
(150, 154, 16, '2018-07-18', '1'),
(151, 155, 16, '2018-07-18', '1'),
(152, 157, 16, '2018-07-18', '1'),
(153, 158, 16, '2018-07-18', '1'),
(154, 181, 16, '2018-07-18', '1'),
(155, 163, 16, '2018-07-18', '1'),
(156, 161, 16, '2018-07-18', '1'),
(157, 159, 16, '2018-07-18', '1'),
(158, 160, 16, '2018-07-18', '1'),
(159, 164, 16, '2018-07-18', '1'),
(160, 164, 16, '2018-07-18', '1'),
(161, 165, 16, '2018-07-18', '1'),
(162, 166, 16, '2018-07-18', '1'),
(163, 167, 16, '2018-07-18', '1'),
(164, 168, 16, '2018-07-18', '1'),
(165, 169, 16, '2018-07-18', '1'),
(166, 143, 16, '2018-07-18', '1'),
(167, 186, 16, '2018-07-18', '1'),
(168, 170, 16, '2018-07-18', '1'),
(169, 187, 16, '2018-07-18', '1'),
(170, 176, 16, '2018-07-18', '1'),
(171, 175, 16, '2018-07-18', '1'),
(172, 174, 16, '2018-07-18', '1'),
(173, 171, 16, '2018-07-18', '1'),
(174, 173, 16, '2018-07-18', '1'),
(175, 178, 16, '2018-07-18', '1'),
(176, 177, 16, '2018-07-18', '1'),
(177, 179, 16, '2018-07-18', '1'),
(178, 180, 16, '2018-07-18', '1'),
(179, 183, 16, '2018-07-18', '1'),
(180, 156, 16, '2018-07-18', '1'),
(181, 182, 16, '2018-07-18', '1'),
(182, 185, 16, '2018-07-18', '0'),
(183, 184, 16, '2018-07-18', '0'),
(184, 162, 16, '2018-07-18', '0'),
(185, 148, 16, '2018-07-18', '0'),
(186, 138, 16, '2018-07-18', '0'),
(187, 32, 10, '2018-07-23', '1'),
(188, 13, 10, '2018-07-23', '1'),
(189, 9, 10, '2018-07-23', '1'),
(190, 44, 10, '2018-07-23', '1'),
(191, 28, 10, '2018-07-23', '1'),
(192, 45, 10, '2018-07-23', '1'),
(193, 19, 10, '2018-07-23', '1'),
(194, 43, 10, '2018-07-23', '1'),
(195, 33, 10, '2018-07-23', '1'),
(196, 4, 10, '2018-07-23', '1'),
(197, 29, 10, '2018-07-23', '1'),
(198, 14, 10, '2018-07-23', '1'),
(199, 17, 10, '2018-07-23', '1'),
(200, 3, 10, '2018-07-23', '1'),
(201, 21, 10, '2018-07-23', '1'),
(202, 22, 10, '2018-07-23', '0'),
(203, 5, 10, '2018-07-23', '1'),
(204, 46, 10, '2018-07-23', '1'),
(205, 11, 10, '2018-07-23', '1'),
(206, 24, 10, '2018-07-23', '1'),
(207, 10, 10, '2018-07-23', '1'),
(208, 37, 10, '2018-07-23', '1'),
(209, 41, 10, '2018-07-23', '1'),
(210, 42, 10, '2018-07-23', '1'),
(211, 8, 10, '2018-07-23', '1'),
(212, 7, 10, '2018-07-23', '1'),
(213, 20, 10, '2018-07-23', '1'),
(214, 39, 10, '2018-07-23', '1'),
(215, 16, 10, '2018-07-23', '1'),
(216, 23, 10, '2018-07-23', '1'),
(217, 31, 10, '2018-07-23', '1'),
(218, 12, 10, '2018-07-23', '1'),
(219, 34, 10, '2018-07-23', '1'),
(220, 35, 10, '2018-07-23', '1'),
(221, 15, 10, '2018-07-23', '1'),
(222, 27, 10, '2018-07-23', '1'),
(223, 36, 10, '2018-07-23', '1'),
(224, 18, 10, '2018-07-23', '1'),
(225, 25, 10, '2018-07-23', '1'),
(226, 6, 10, '2018-07-23', '1'),
(227, 30, 10, '2018-07-23', '1'),
(228, 40, 10, '2018-07-23', '1'),
(229, 38, 10, '2018-07-23', '0'),
(230, 26, 10, '2018-07-23', '1'),
(231, 47, 11, '2018-07-23', '1'),
(232, 48, 11, '2018-07-23', '1'),
(233, 49, 11, '2018-07-23', '1'),
(234, 71, 11, '2018-07-23', '1'),
(235, 50, 11, '2018-07-23', '1'),
(236, 51, 11, '2018-07-23', '0'),
(237, 52, 11, '2018-07-23', '1'),
(238, 53, 11, '2018-07-23', '1'),
(239, 54, 11, '2018-07-23', '1'),
(240, 55, 11, '2018-07-23', '1'),
(241, 57, 11, '2018-07-23', '1'),
(242, 58, 11, '2018-07-23', '1'),
(243, 78, 11, '2018-07-23', '1'),
(244, 59, 11, '2018-07-23', '1'),
(245, 88, 11, '2018-07-23', '1'),
(246, 60, 11, '2018-07-23', '1'),
(247, 61, 11, '2018-07-23', '1'),
(248, 62, 11, '2018-07-23', '1'),
(249, 63, 11, '2018-07-23', '1'),
(250, 65, 11, '2018-07-23', '1'),
(251, 64, 11, '2018-07-23', '1'),
(252, 90, 11, '2018-07-23', '0'),
(253, 66, 11, '2018-07-23', '1'),
(254, 67, 11, '2018-07-23', '1'),
(255, 68, 11, '2018-07-23', '1'),
(256, 69, 11, '2018-07-23', '1'),
(257, 70, 11, '2018-07-23', '1'),
(258, 87, 11, '2018-07-23', '1'),
(259, 72, 11, '2018-07-23', '1'),
(260, 188, 11, '2018-07-23', '1'),
(261, 56, 11, '2018-07-23', '1'),
(262, 73, 11, '2018-07-23', '1'),
(263, 74, 11, '2018-07-23', '1'),
(264, 75, 11, '2018-07-23', '1'),
(265, 76, 11, '2018-07-23', '1'),
(266, 77, 11, '2018-07-23', '1'),
(267, 79, 11, '2018-07-23', '1'),
(268, 91, 11, '2018-07-23', '1'),
(269, 80, 11, '2018-07-23', '0'),
(270, 81, 11, '2018-07-23', '1'),
(271, 82, 11, '2018-07-23', '1'),
(272, 83, 11, '2018-07-23', '1'),
(273, 84, 11, '2018-07-23', '1'),
(274, 85, 11, '2018-07-23', '1'),
(275, 86, 11, '2018-07-23', '1'),
(276, 89, 11, '2018-07-23', '1'),
(277, 259, 12, '2018-07-24', '1'),
(278, 235, 12, '2018-07-24', '1'),
(279, 240, 12, '2018-07-24', '1'),
(280, 237, 12, '2018-07-24', '1'),
(281, 261, 12, '2018-07-24', '1'),
(282, 262, 12, '2018-07-24', '1'),
(283, 238, 12, '2018-07-24', '1'),
(284, 236, 12, '2018-07-24', '1'),
(285, 239, 12, '2018-07-24', '1'),
(286, 247, 12, '2018-07-24', '1'),
(287, 234, 12, '2018-07-24', '1'),
(288, 255, 12, '2018-07-24', '1'),
(289, 249, 12, '2018-07-24', '1'),
(290, 250, 12, '2018-07-24', '1'),
(291, 256, 12, '2018-07-24', '1'),
(292, 253, 12, '2018-07-24', '1'),
(293, 254, 12, '2018-07-24', '1'),
(294, 248, 12, '2018-07-24', '1'),
(295, 265, 12, '2018-07-24', '1'),
(296, 264, 12, '2018-07-24', '1'),
(297, 263, 12, '2018-07-24', '1'),
(298, 241, 12, '2018-07-24', '1'),
(299, 243, 12, '2018-07-24', '1'),
(300, 267, 12, '2018-07-24', '1'),
(301, 273, 12, '2018-07-24', '1'),
(302, 258, 12, '2018-07-24', '1'),
(303, 233, 12, '2018-07-24', '1'),
(304, 271, 12, '2018-07-24', '0'),
(305, 269, 12, '2018-07-24', '1'),
(306, 257, 12, '2018-07-24', '1'),
(307, 260, 12, '2018-07-24', '1'),
(308, 270, 12, '2018-07-24', '0'),
(309, 272, 12, '2018-07-24', '0'),
(310, 244, 12, '2018-07-24', '1'),
(311, 266, 12, '2018-07-24', '1'),
(312, 246, 12, '2018-07-24', '1'),
(313, 242, 12, '2018-07-24', '1'),
(314, 245, 12, '2018-07-24', '1'),
(315, 268, 12, '2018-07-24', '1'),
(316, 252, 12, '2018-07-24', '1'),
(317, 232, 12, '2018-07-24', '1'),
(318, 251, 12, '2018-07-24', '1'),
(319, 280, 13, '2018-07-24', '1'),
(320, 282, 13, '2018-07-24', '1'),
(321, 283, 13, '2018-07-24', '1'),
(322, 285, 13, '2018-07-24', '1'),
(323, 286, 13, '2018-07-24', '1'),
(324, 289, 13, '2018-07-24', '1'),
(325, 291, 13, '2018-07-24', '1'),
(326, 292, 13, '2018-07-24', '1'),
(327, 293, 13, '2018-07-24', '1'),
(328, 294, 13, '2018-07-24', '1'),
(329, 299, 13, '2018-07-24', '1'),
(330, 302, 13, '2018-07-24', '1'),
(331, 307, 13, '2018-07-24', '1'),
(332, 309, 13, '2018-07-24', '1'),
(333, 310, 13, '2018-07-24', '1'),
(334, 313, 13, '2018-07-24', '1'),
(335, 316, 13, '2018-07-24', '1'),
(336, 275, 13, '2018-07-24', '1'),
(337, 278, 13, '2018-07-24', '1'),
(338, 279, 13, '2018-07-24', '1'),
(339, 287, 13, '2018-07-24', '1'),
(340, 288, 13, '2018-07-24', '1'),
(341, 290, 13, '2018-07-24', '1'),
(342, 295, 13, '2018-07-24', '1'),
(343, 297, 13, '2018-07-24', '1'),
(344, 301, 13, '2018-07-24', '1'),
(345, 303, 13, '2018-07-24', '1'),
(346, 304, 13, '2018-07-24', '1'),
(347, 305, 13, '2018-07-24', '1'),
(348, 306, 13, '2018-07-24', '1'),
(349, 311, 13, '2018-07-24', '1'),
(350, 312, 13, '2018-07-24', '1'),
(351, 315, 13, '2018-07-24', '1'),
(352, 317, 13, '2018-07-24', '1'),
(353, 308, 13, '2018-07-24', '1'),
(354, 298, 13, '2018-07-24', '1'),
(355, 276, 13, '2018-07-24', '1'),
(356, 300, 13, '2018-07-24', '0'),
(357, 281, 13, '2018-07-24', '0'),
(358, 277, 13, '2018-07-24', '0'),
(359, 284, 13, '2018-07-24', '0'),
(360, 296, 13, '2018-07-24', '0'),
(361, 314, 13, '2018-07-24', '0'),
(362, 550, 13, '2018-07-24', '1'),
(363, 114, 14, '2018-07-24', '1'),
(364, 115, 14, '2018-07-24', '1'),
(365, 116, 14, '2018-07-24', '1'),
(366, 117, 14, '2018-07-24', '1'),
(367, 118, 14, '2018-07-24', '1'),
(368, 119, 14, '2018-07-24', '1'),
(369, 120, 14, '2018-07-24', '1'),
(370, 121, 14, '2018-07-24', '1'),
(371, 122, 14, '2018-07-24', '1'),
(372, 123, 14, '2018-07-24', '1'),
(373, 124, 14, '2018-07-24', '1'),
(374, 125, 14, '2018-07-24', '1'),
(375, 126, 14, '2018-07-24', '1'),
(376, 127, 14, '2018-07-24', '1'),
(377, 128, 14, '2018-07-24', '1'),
(378, 129, 14, '2018-07-24', '1'),
(379, 130, 14, '2018-07-24', '1'),
(380, 131, 14, '2018-07-24', '1'),
(381, 132, 14, '2018-07-24', '1'),
(382, 133, 14, '2018-07-24', '1'),
(383, 134, 14, '2018-07-24', '1'),
(384, 135, 14, '2018-07-24', '1'),
(385, 136, 14, '2018-07-24', '0'),
(386, 137, 14, '2018-07-24', '1'),
(387, 92, 14, '2018-07-24', '1'),
(388, 93, 14, '2018-07-24', '1'),
(389, 94, 14, '2018-07-24', '1'),
(390, 95, 14, '2018-07-24', '1'),
(391, 96, 14, '2018-07-24', '1'),
(392, 97, 14, '2018-07-24', '1'),
(393, 98, 14, '2018-07-24', '1'),
(394, 99, 14, '2018-07-24', '1'),
(395, 100, 14, '2018-07-24', '1'),
(396, 101, 14, '2018-07-24', '0'),
(397, 102, 14, '2018-07-24', '0'),
(398, 103, 14, '2018-07-24', '1'),
(399, 104, 14, '2018-07-24', '1'),
(400, 105, 14, '2018-07-24', '1'),
(401, 107, 14, '2018-07-24', '1'),
(402, 106, 14, '2018-07-24', '0'),
(403, 108, 14, '2018-07-24', '1'),
(404, 109, 14, '2018-07-24', '1'),
(405, 110, 14, '2018-07-24', '0'),
(406, 111, 14, '2018-07-24', '0'),
(407, 112, 14, '2018-07-24', '1'),
(408, 113, 14, '2018-07-24', '1'),
(409, 362, 15, '2018-07-24', '1'),
(410, 549, 15, '2018-07-24', '1'),
(411, 371, 15, '2018-07-24', '1'),
(412, 373, 15, '2018-07-24', '1'),
(413, 374, 15, '2018-07-24', '1'),
(414, 376, 15, '2018-07-24', '1'),
(415, 377, 15, '2018-07-24', '1'),
(416, 378, 15, '2018-07-24', '1'),
(417, 381, 15, '2018-07-24', '1'),
(418, 382, 15, '2018-07-24', '1'),
(419, 385, 15, '2018-07-24', '1'),
(420, 387, 15, '2018-07-24', '1'),
(421, 388, 15, '2018-07-24', '1'),
(422, 390, 15, '2018-07-24', '1'),
(423, 392, 15, '2018-07-24', '1'),
(424, 393, 15, '2018-07-24', '1'),
(425, 397, 15, '2018-07-24', '1'),
(426, 359, 15, '2018-07-24', '0'),
(427, 360, 15, '2018-07-24', '1'),
(428, 399, 15, '2018-07-24', '0'),
(429, 361, 15, '2018-07-24', '1'),
(430, 398, 15, '2018-07-24', '1'),
(431, 363, 15, '2018-07-24', '1'),
(432, 364, 15, '2018-07-24', '1'),
(433, 365, 15, '2018-07-24', '1'),
(434, 366, 15, '2018-07-24', '1'),
(435, 400, 15, '2018-07-24', '1'),
(436, 367, 15, '2018-07-24', '0'),
(437, 368, 15, '2018-07-24', '1'),
(438, 369, 15, '2018-07-24', '1'),
(439, 370, 15, '2018-07-24', '0'),
(440, 375, 15, '2018-07-24', '1'),
(441, 380, 15, '2018-07-24', '1'),
(442, 379, 15, '2018-07-24', '1'),
(443, 372, 15, '2018-07-24', '1'),
(444, 383, 15, '2018-07-24', '0'),
(445, 384, 15, '2018-07-24', '1'),
(446, 386, 15, '2018-07-24', '1'),
(447, 389, 15, '2018-07-24', '0'),
(448, 391, 15, '2018-07-24', '0'),
(449, 394, 15, '2018-07-24', '1'),
(450, 395, 15, '2018-07-24', '1'),
(451, 396, 15, '2018-07-24', '1'),
(452, 138, 16, '2018-07-25', '1'),
(453, 139, 16, '2018-07-25', '1'),
(454, 140, 16, '2018-07-25', '1'),
(455, 141, 16, '2018-07-25', '1'),
(456, 142, 16, '2018-07-25', '1'),
(457, 144, 16, '2018-07-25', '1'),
(458, 145, 16, '2018-07-25', '1'),
(459, 146, 16, '2018-07-25', '1'),
(460, 172, 16, '2018-07-25', '1'),
(461, 147, 16, '2018-07-25', '1'),
(462, 148, 16, '2018-07-25', '1'),
(463, 149, 16, '2018-07-25', '1'),
(464, 150, 16, '2018-07-25', '1'),
(465, 151, 16, '2018-07-25', '1'),
(466, 152, 16, '2018-07-25', '1'),
(467, 153, 16, '2018-07-25', '1'),
(468, 154, 16, '2018-07-25', '1'),
(469, 155, 16, '2018-07-25', '1'),
(470, 157, 16, '2018-07-25', '1'),
(471, 158, 16, '2018-07-25', '1'),
(472, 159, 16, '2018-07-25', '1'),
(473, 160, 16, '2018-07-25', '1'),
(474, 161, 16, '2018-07-25', '1'),
(475, 162, 16, '2018-07-25', '1'),
(476, 163, 16, '2018-07-25', '1'),
(477, 164, 16, '2018-07-25', '1'),
(478, 165, 16, '2018-07-25', '1'),
(479, 166, 16, '2018-07-25', '1'),
(480, 167, 16, '2018-07-25', '1'),
(481, 168, 16, '2018-07-25', '1'),
(482, 169, 16, '2018-07-25', '1'),
(483, 143, 16, '2018-07-25', '1'),
(484, 186, 16, '2018-07-25', '1'),
(485, 170, 16, '2018-07-25', '1'),
(486, 187, 16, '2018-07-25', '1'),
(487, 171, 16, '2018-07-25', '1'),
(488, 173, 16, '2018-07-25', '1'),
(489, 174, 16, '2018-07-25', '1'),
(490, 175, 16, '2018-07-25', '1'),
(491, 176, 16, '2018-07-25', '1'),
(492, 177, 16, '2018-07-25', '0'),
(493, 156, 16, '2018-07-25', '0'),
(494, 178, 16, '2018-07-25', '1'),
(495, 179, 16, '2018-07-25', '1'),
(496, 180, 16, '2018-07-25', '0'),
(497, 181, 16, '2018-07-25', '1'),
(498, 182, 16, '2018-07-25', '1'),
(499, 183, 16, '2018-07-25', '1'),
(500, 184, 16, '2018-07-25', '1'),
(501, 185, 16, '2018-07-25', '0'),
(502, 404, 17, '2018-07-25', '1'),
(503, 194, 17, '2018-07-25', '1'),
(504, 193, 17, '2018-07-25', '1'),
(505, 199, 17, '2018-07-25', '1'),
(506, 196, 17, '2018-07-25', '1'),
(507, 207, 17, '2018-07-25', '1'),
(508, 208, 17, '2018-07-25', '1'),
(509, 195, 17, '2018-07-25', '1'),
(510, 204, 17, '2018-07-25', '1'),
(511, 209, 17, '2018-07-25', '1'),
(512, 191, 17, '2018-07-25', '1'),
(513, 203, 17, '2018-07-25', '1'),
(514, 403, 17, '2018-07-25', '0'),
(515, 198, 17, '2018-07-25', '1'),
(516, 206, 17, '2018-07-25', '1'),
(517, 205, 17, '2018-07-25', '1'),
(518, 202, 17, '2018-07-25', '1'),
(519, 201, 17, '2018-07-25', '1'),
(520, 210, 17, '2018-07-25', '1'),
(521, 192, 17, '2018-07-25', '1'),
(522, 197, 17, '2018-07-25', '1'),
(523, 200, 17, '2018-07-25', '1'),
(524, 190, 17, '2018-07-25', '1'),
(525, 211, 17, '2018-07-25', '0'),
(526, 212, 17, '2018-07-25', '1'),
(527, 405, 17, '2018-07-25', '0'),
(528, 213, 17, '2018-07-25', '1'),
(529, 214, 17, '2018-07-25', '1'),
(530, 215, 17, '2018-07-25', '1'),
(531, 216, 17, '2018-07-25', '1'),
(532, 217, 17, '2018-07-25', '1'),
(533, 218, 17, '2018-07-25', '1'),
(534, 219, 17, '2018-07-25', '0'),
(535, 401, 17, '2018-07-25', '0'),
(536, 220, 17, '2018-07-25', '1'),
(537, 402, 17, '2018-07-25', '0'),
(538, 221, 17, '2018-07-25', '0'),
(539, 222, 17, '2018-07-25', '1'),
(540, 223, 17, '2018-07-25', '1'),
(541, 224, 17, '2018-07-25', '1'),
(542, 225, 17, '2018-07-25', '1'),
(543, 226, 17, '2018-07-25', '1'),
(544, 189, 17, '2018-07-25', '1'),
(545, 227, 17, '2018-07-25', '1'),
(546, 228, 17, '2018-07-25', '1'),
(547, 229, 17, '2018-07-25', '1'),
(548, 230, 17, '2018-07-25', '1'),
(549, 231, 17, '2018-07-25', '0'),
(550, 551, 17, '2018-07-25', '1'),
(551, 552, 17, '2018-07-25', '1'),
(552, 406, 18, '2018-07-25', '1'),
(553, 407, 18, '2018-07-25', '1'),
(554, 408, 18, '2018-07-25', '1'),
(555, 411, 18, '2018-07-25', '1'),
(556, 412, 18, '2018-07-25', '1'),
(557, 413, 18, '2018-07-25', '1'),
(558, 414, 18, '2018-07-25', '1'),
(559, 416, 18, '2018-07-25', '1'),
(560, 417, 18, '2018-07-25', '1'),
(561, 422, 18, '2018-07-25', '1'),
(562, 423, 18, '2018-07-25', '1'),
(563, 424, 18, '2018-07-25', '1'),
(564, 425, 18, '2018-07-25', '1'),
(565, 426, 18, '2018-07-25', '1'),
(566, 427, 18, '2018-07-25', '1'),
(567, 428, 18, '2018-07-25', '1'),
(568, 429, 18, '2018-07-25', '1'),
(569, 432, 18, '2018-07-25', '1'),
(570, 433, 18, '2018-07-25', '1'),
(571, 435, 18, '2018-07-25', '1'),
(572, 436, 18, '2018-07-25', '1'),
(573, 437, 18, '2018-07-25', '1'),
(574, 439, 18, '2018-07-25', '1'),
(575, 441, 18, '2018-07-25', '1'),
(576, 443, 18, '2018-07-25', '1'),
(577, 444, 18, '2018-07-25', '1'),
(578, 446, 18, '2018-07-25', '1'),
(579, 448, 18, '2018-07-25', '1'),
(580, 449, 18, '2018-07-25', '1'),
(581, 450, 18, '2018-07-25', '1'),
(582, 453, 18, '2018-07-25', '1'),
(583, 409, 18, '2018-07-25', '1'),
(584, 410, 18, '2018-07-25', '1'),
(585, 415, 18, '2018-07-25', '1'),
(586, 418, 18, '2018-07-25', '1'),
(587, 419, 18, '2018-07-25', '1'),
(588, 420, 18, '2018-07-25', '1'),
(589, 421, 18, '2018-07-25', '1'),
(590, 430, 18, '2018-07-25', '1'),
(591, 431, 18, '2018-07-25', '1'),
(592, 434, 18, '2018-07-25', '1'),
(593, 438, 18, '2018-07-25', '1'),
(594, 440, 18, '2018-07-25', '1'),
(595, 442, 18, '2018-07-25', '1'),
(596, 445, 18, '2018-07-25', '1'),
(597, 447, 18, '2018-07-25', '1'),
(598, 451, 18, '2018-07-25', '1'),
(599, 452, 18, '2018-07-25', '1'),
(600, 553, 18, '2018-07-25', '1'),
(601, 457, 19, '2018-07-26', '1'),
(602, 460, 19, '2018-07-26', '1'),
(603, 461, 19, '2018-07-26', '1'),
(604, 462, 19, '2018-07-26', '1'),
(605, 465, 19, '2018-07-26', '1'),
(606, 469, 19, '2018-07-26', '1'),
(607, 472, 19, '2018-07-26', '1'),
(608, 473, 19, '2018-07-26', '1'),
(609, 474, 19, '2018-07-26', '1'),
(610, 476, 19, '2018-07-26', '1'),
(611, 480, 19, '2018-07-26', '1'),
(612, 482, 19, '2018-07-26', '1'),
(613, 484, 19, '2018-07-26', '1'),
(614, 485, 19, '2018-07-26', '0'),
(615, 486, 19, '2018-07-26', '1'),
(616, 487, 19, '2018-07-26', '1'),
(617, 488, 19, '2018-07-26', '1'),
(618, 494, 19, '2018-07-26', '1'),
(619, 495, 19, '2018-07-26', '1'),
(620, 497, 19, '2018-07-26', '1'),
(621, 499, 19, '2018-07-26', '1'),
(622, 500, 19, '2018-07-26', '0'),
(623, 454, 19, '2018-07-26', '1'),
(624, 455, 19, '2018-07-26', '1'),
(625, 456, 19, '2018-07-26', '0'),
(626, 458, 19, '2018-07-26', '1'),
(627, 459, 19, '2018-07-26', '1'),
(628, 463, 19, '2018-07-26', '1'),
(629, 464, 19, '2018-07-26', '1'),
(630, 466, 19, '2018-07-26', '1'),
(631, 467, 19, '2018-07-26', '1'),
(632, 468, 19, '2018-07-26', '1'),
(633, 470, 19, '2018-07-26', '1'),
(634, 471, 19, '2018-07-26', '1'),
(635, 475, 19, '2018-07-26', '1'),
(636, 477, 19, '2018-07-26', '1'),
(637, 478, 19, '2018-07-26', '1'),
(638, 479, 19, '2018-07-26', '1'),
(639, 481, 19, '2018-07-26', '1'),
(640, 483, 19, '2018-07-26', '1'),
(641, 489, 19, '2018-07-26', '1'),
(642, 490, 19, '2018-07-26', '1'),
(643, 491, 19, '2018-07-26', '1'),
(644, 492, 19, '2018-07-26', '1'),
(645, 493, 19, '2018-07-26', '1'),
(646, 496, 19, '2018-07-26', '1'),
(647, 498, 19, '2018-07-26', '1'),
(648, 501, 19, '2018-07-26', '1'),
(649, 554, 19, '2018-07-26', '1'),
(650, 555, 19, '2018-07-26', '0'),
(651, 513, 20, '2018-07-26', '1'),
(652, 541, 20, '2018-07-26', '1'),
(653, 505, 20, '2018-07-26', '1'),
(654, 504, 20, '2018-07-26', '1'),
(655, 536, 20, '2018-07-26', '1'),
(656, 511, 20, '2018-07-26', '1'),
(657, 512, 20, '2018-07-26', '1'),
(658, 540, 20, '2018-07-26', '1'),
(659, 535, 20, '2018-07-26', '1'),
(660, 543, 20, '2018-07-26', '1'),
(661, 544, 20, '2018-07-26', '1'),
(662, 542, 20, '2018-07-26', '1'),
(663, 519, 20, '2018-07-26', '1'),
(664, 520, 20, '2018-07-26', '1'),
(665, 524, 20, '2018-07-26', '1'),
(666, 517, 20, '2018-07-26', '1'),
(667, 521, 20, '2018-07-26', '1'),
(668, 522, 20, '2018-07-26', '1'),
(669, 529, 20, '2018-07-26', '1'),
(670, 518, 20, '2018-07-26', '1'),
(671, 534, 20, '2018-07-26', '1'),
(672, 545, 20, '2018-07-26', '0'),
(673, 503, 20, '2018-07-26', '1'),
(674, 528, 20, '2018-07-26', '0'),
(675, 502, 20, '2018-07-26', '1'),
(676, 539, 20, '2018-07-26', '1'),
(677, 526, 20, '2018-07-26', '1'),
(678, 531, 20, '2018-07-26', '1'),
(679, 532, 20, '2018-07-26', '1'),
(680, 507, 20, '2018-07-26', '1'),
(681, 516, 20, '2018-07-26', '1'),
(682, 538, 20, '2018-07-26', '1'),
(683, 506, 20, '2018-07-26', '1'),
(684, 527, 20, '2018-07-26', '1'),
(685, 537, 20, '2018-07-26', '1'),
(686, 510, 20, '2018-07-26', '1'),
(687, 525, 20, '2018-07-26', '1'),
(688, 515, 20, '2018-07-26', '1'),
(689, 523, 20, '2018-07-26', '1'),
(690, 548, 20, '2018-07-26', '1'),
(691, 509, 20, '2018-07-26', '1'),
(692, 514, 20, '2018-07-26', '1'),
(693, 533, 20, '2018-07-26', '1'),
(694, 546, 20, '2018-07-26', '1'),
(695, 530, 20, '2018-07-26', '1'),
(696, 557, 20, '2018-07-26', '1'),
(697, 556, 20, '2018-07-26', '1'),
(698, 558, 20, '2018-07-26', '1'),
(699, 508, 20, '2018-07-26', '1'),
(700, 547, 20, '2018-07-26', '0'),
(701, 559, 20, '2018-07-26', '0'),
(702, 32, 10, '2018-07-30', '1'),
(703, 13, 10, '2018-07-30', '1'),
(704, 9, 10, '2018-07-30', '1'),
(705, 44, 10, '2018-07-30', '1'),
(706, 28, 10, '2018-07-30', '1'),
(707, 45, 10, '2018-07-30', '1'),
(708, 19, 10, '2018-07-30', '1'),
(709, 43, 10, '2018-07-30', '1'),
(710, 33, 10, '2018-07-30', '1'),
(711, 4, 10, '2018-07-30', '1'),
(712, 29, 10, '2018-07-30', '1'),
(713, 14, 10, '2018-07-30', '1'),
(714, 17, 10, '2018-07-30', '1'),
(715, 3, 10, '2018-07-30', '1'),
(716, 21, 10, '2018-07-30', '1'),
(717, 22, 10, '2018-07-30', '1'),
(718, 5, 10, '2018-07-30', '1'),
(719, 46, 10, '2018-07-30', '1'),
(720, 11, 10, '2018-07-30', '0'),
(721, 24, 10, '2018-07-30', '1'),
(722, 10, 10, '2018-07-30', '1'),
(723, 37, 10, '2018-07-30', '1'),
(724, 41, 10, '2018-07-30', '1'),
(725, 42, 10, '2018-07-30', '1'),
(726, 8, 10, '2018-07-30', '1'),
(727, 7, 10, '2018-07-30', '1'),
(728, 20, 10, '2018-07-30', '1'),
(729, 39, 10, '2018-07-30', '1'),
(730, 16, 10, '2018-07-30', '1'),
(731, 23, 10, '2018-07-30', '1'),
(732, 31, 10, '2018-07-30', '1'),
(733, 12, 10, '2018-07-30', '1'),
(734, 34, 10, '2018-07-30', '1'),
(735, 35, 10, '2018-07-30', '1'),
(736, 15, 10, '2018-07-30', '1'),
(737, 27, 10, '2018-07-30', '1'),
(738, 36, 10, '2018-07-30', '1'),
(739, 18, 10, '2018-07-30', '1'),
(740, 25, 10, '2018-07-30', '1'),
(741, 6, 10, '2018-07-30', '1'),
(742, 30, 10, '2018-07-30', '1'),
(743, 40, 10, '2018-07-30', '1'),
(744, 38, 10, '2018-07-30', '1'),
(745, 26, 10, '2018-07-30', '1'),
(746, 47, 11, '2018-07-30', '1'),
(747, 48, 11, '2018-07-30', '1'),
(748, 49, 11, '2018-07-30', '1'),
(749, 71, 11, '2018-07-30', '1'),
(750, 50, 11, '2018-07-30', '1'),
(751, 51, 11, '2018-07-30', '0'),
(752, 52, 11, '2018-07-30', '1'),
(753, 53, 11, '2018-07-30', '1'),
(754, 54, 11, '2018-07-30', '1'),
(755, 55, 11, '2018-07-30', '1'),
(756, 57, 11, '2018-07-30', '1'),
(757, 58, 11, '2018-07-30', '1'),
(758, 78, 11, '2018-07-30', '1'),
(759, 59, 11, '2018-07-30', '1'),
(760, 88, 11, '2018-07-30', '1'),
(761, 60, 11, '2018-07-30', '1'),
(762, 61, 11, '2018-07-30', '1'),
(763, 62, 11, '2018-07-30', '1'),
(764, 63, 11, '2018-07-30', '1'),
(765, 65, 11, '2018-07-30', '1'),
(766, 64, 11, '2018-07-30', '1'),
(767, 90, 11, '2018-07-30', '0'),
(768, 66, 11, '2018-07-30', '1'),
(769, 67, 11, '2018-07-30', '1'),
(770, 68, 11, '2018-07-30', '1'),
(771, 69, 11, '2018-07-30', '0'),
(772, 70, 11, '2018-07-30', '1'),
(773, 87, 11, '2018-07-30', '1'),
(774, 72, 11, '2018-07-30', '1'),
(775, 188, 11, '2018-07-30', '1'),
(776, 56, 11, '2018-07-30', '1'),
(777, 73, 11, '2018-07-30', '1'),
(778, 74, 11, '2018-07-30', '1'),
(779, 75, 11, '2018-07-30', '1'),
(780, 76, 11, '2018-07-30', '1'),
(781, 77, 11, '2018-07-30', '1'),
(782, 79, 11, '2018-07-30', '1'),
(783, 91, 11, '2018-07-30', '1'),
(784, 80, 11, '2018-07-30', '1'),
(785, 81, 11, '2018-07-30', '1'),
(786, 82, 11, '2018-07-30', '1'),
(787, 83, 11, '2018-07-30', '1'),
(788, 84, 11, '2018-07-30', '0'),
(789, 85, 11, '2018-07-30', '1'),
(790, 86, 11, '2018-07-30', '1'),
(791, 89, 11, '2018-07-30', '1'),
(792, 259, 12, '2018-07-31', '1'),
(793, 235, 12, '2018-07-31', '1'),
(794, 240, 12, '2018-07-31', '0'),
(795, 237, 12, '2018-07-31', '1'),
(796, 261, 12, '2018-07-31', '1'),
(797, 262, 12, '2018-07-31', '1'),
(798, 238, 12, '2018-07-31', '1'),
(799, 236, 12, '2018-07-31', '1'),
(800, 239, 12, '2018-07-31', '1'),
(801, 247, 12, '2018-07-31', '1'),
(802, 234, 12, '2018-07-31', '1'),
(803, 255, 12, '2018-07-31', '1'),
(804, 249, 12, '2018-07-31', '1'),
(805, 250, 12, '2018-07-31', '1'),
(806, 256, 12, '2018-07-31', '0'),
(807, 253, 12, '2018-07-31', '1'),
(808, 254, 12, '2018-07-31', '1'),
(809, 248, 12, '2018-07-31', '1'),
(810, 265, 12, '2018-07-31', '1'),
(811, 264, 12, '2018-07-31', '1'),
(812, 263, 12, '2018-07-31', '1'),
(813, 241, 12, '2018-07-31', '1'),
(814, 243, 12, '2018-07-31', '1'),
(815, 267, 12, '2018-07-31', '1'),
(816, 273, 12, '2018-07-31', '1'),
(817, 258, 12, '2018-07-31', '1'),
(818, 233, 12, '2018-07-31', '1'),
(819, 271, 12, '2018-07-31', '1'),
(820, 269, 12, '2018-07-31', '1'),
(821, 257, 12, '2018-07-31', '1'),
(822, 260, 12, '2018-07-31', '1'),
(823, 270, 12, '2018-07-31', '1'),
(824, 272, 12, '2018-07-31', '0'),
(825, 244, 12, '2018-07-31', '1'),
(826, 266, 12, '2018-07-31', '1'),
(827, 246, 12, '2018-07-31', '1'),
(828, 242, 12, '2018-07-31', '1'),
(829, 245, 12, '2018-07-31', '1'),
(830, 268, 12, '2018-07-31', '1'),
(831, 252, 12, '2018-07-31', '1'),
(832, 232, 12, '2018-07-31', '1'),
(833, 251, 12, '2018-07-31', '1'),
(834, 280, 13, '2018-07-31', '1'),
(835, 282, 13, '2018-07-31', '1'),
(836, 283, 13, '2018-07-31', '1'),
(837, 285, 13, '2018-07-31', '0'),
(838, 286, 13, '2018-07-31', '1'),
(839, 289, 13, '2018-07-31', '1'),
(840, 291, 13, '2018-07-31', '1'),
(841, 292, 13, '2018-07-31', '1'),
(842, 293, 13, '2018-07-31', '1'),
(843, 294, 13, '2018-07-31', '1'),
(844, 299, 13, '2018-07-31', '1'),
(845, 300, 13, '2018-07-31', '0'),
(846, 302, 13, '2018-07-31', '0'),
(847, 307, 13, '2018-07-31', '1'),
(848, 309, 13, '2018-07-31', '1'),
(849, 310, 13, '2018-07-31', '1'),
(850, 313, 13, '2018-07-31', '1'),
(851, 316, 13, '2018-07-31', '1'),
(852, 276, 13, '2018-07-31', '1'),
(853, 277, 13, '2018-07-31', '0'),
(854, 278, 13, '2018-07-31', '1'),
(855, 279, 13, '2018-07-31', '1'),
(856, 281, 13, '2018-07-31', '1'),
(857, 284, 13, '2018-07-31', '1'),
(858, 287, 13, '2018-07-31', '1'),
(859, 288, 13, '2018-07-31', '1'),
(860, 290, 13, '2018-07-31', '1'),
(861, 295, 13, '2018-07-31', '1'),
(862, 296, 13, '2018-07-31', '1'),
(863, 297, 13, '2018-07-31', '1'),
(864, 301, 13, '2018-07-31', '1'),
(865, 303, 13, '2018-07-31', '1'),
(866, 304, 13, '2018-07-31', '1'),
(867, 305, 13, '2018-07-31', '1'),
(868, 306, 13, '2018-07-31', '1'),
(869, 308, 13, '2018-07-31', '1'),
(870, 311, 13, '2018-07-31', '1'),
(871, 315, 13, '2018-07-31', '1'),
(872, 298, 13, '2018-07-31', '1'),
(873, 317, 13, '2018-07-31', '0'),
(874, 314, 13, '2018-07-31', '0'),
(875, 312, 13, '2018-07-31', '0'),
(876, 550, 13, '2018-07-31', '0'),
(877, 275, 13, '2018-07-31', '0'),
(878, 114, 14, '2018-07-31', '1'),
(879, 115, 14, '2018-07-31', '1'),
(880, 116, 14, '2018-07-31', '1'),
(881, 117, 14, '2018-07-31', '1'),
(882, 118, 14, '2018-07-31', '1'),
(883, 120, 14, '2018-07-31', '1'),
(884, 121, 14, '2018-07-31', '0'),
(885, 119, 14, '2018-07-31', '0'),
(886, 122, 14, '2018-07-31', '1'),
(887, 123, 14, '2018-07-31', '1'),
(888, 124, 14, '2018-07-31', '1'),
(889, 125, 14, '2018-07-31', '1'),
(890, 126, 14, '2018-07-31', '1'),
(891, 127, 14, '2018-07-31', '1'),
(892, 128, 14, '2018-07-31', '1'),
(893, 129, 14, '2018-07-31', '1'),
(894, 130, 14, '2018-07-31', '0'),
(895, 131, 14, '2018-07-31', '0'),
(896, 132, 14, '2018-07-31', '1'),
(897, 133, 14, '2018-07-31', '1'),
(898, 134, 14, '2018-07-31', '1'),
(899, 135, 14, '2018-07-31', '1'),
(900, 136, 14, '2018-07-31', '1'),
(901, 137, 14, '2018-07-31', '1'),
(902, 92, 14, '2018-07-31', '0'),
(903, 93, 14, '2018-07-31', '1'),
(904, 94, 14, '2018-07-31', '1'),
(905, 95, 14, '2018-07-31', '1'),
(906, 96, 14, '2018-07-31', '0'),
(907, 97, 14, '2018-07-31', '0'),
(908, 98, 14, '2018-07-31', '1'),
(909, 99, 14, '2018-07-31', '1'),
(910, 100, 14, '2018-07-31', '0'),
(911, 101, 14, '2018-07-31', '0'),
(912, 102, 14, '2018-07-31', '0'),
(913, 103, 14, '2018-07-31', '1'),
(914, 104, 14, '2018-07-31', '1'),
(915, 105, 14, '2018-07-31', '0'),
(916, 107, 14, '2018-07-31', '1'),
(917, 106, 14, '2018-07-31', '0'),
(918, 108, 14, '2018-07-31', '1'),
(919, 109, 14, '2018-07-31', '1'),
(920, 110, 14, '2018-07-31', '1'),
(921, 111, 14, '2018-07-31', '1'),
(922, 112, 14, '2018-07-31', '1'),
(923, 113, 14, '2018-07-31', '1'),
(924, 363, 15, '2018-07-31', '1'),
(925, 364, 15, '2018-07-31', '1'),
(926, 549, 15, '2018-07-31', '1'),
(927, 371, 15, '2018-07-31', '1'),
(928, 373, 15, '2018-07-31', '1'),
(929, 374, 15, '2018-07-31', '1'),
(930, 376, 15, '2018-07-31', '1'),
(931, 377, 15, '2018-07-31', '1'),
(932, 378, 15, '2018-07-31', '1'),
(933, 381, 15, '2018-07-31', '1'),
(934, 382, 15, '2018-07-31', '1'),
(935, 385, 15, '2018-07-31', '1'),
(936, 387, 15, '2018-07-31', '1'),
(937, 388, 15, '2018-07-31', '1'),
(938, 390, 15, '2018-07-31', '0'),
(939, 392, 15, '2018-07-31', '1'),
(940, 393, 15, '2018-07-31', '0'),
(941, 397, 15, '2018-07-31', '1'),
(942, 359, 15, '2018-07-31', '1'),
(943, 360, 15, '2018-07-31', '0'),
(944, 399, 15, '2018-07-31', '1'),
(945, 361, 15, '2018-07-31', '1'),
(946, 362, 15, '2018-07-31', '1'),
(947, 398, 15, '2018-07-31', '1'),
(948, 365, 15, '2018-07-31', '1'),
(949, 366, 15, '2018-07-31', '1'),
(950, 400, 15, '2018-07-31', '0'),
(951, 367, 15, '2018-07-31', '1'),
(952, 368, 15, '2018-07-31', '1'),
(953, 369, 15, '2018-07-31', '1'),
(954, 370, 15, '2018-07-31', '1'),
(955, 375, 15, '2018-07-31', '1'),
(956, 380, 15, '2018-07-31', '1'),
(957, 379, 15, '2018-07-31', '1'),
(958, 372, 15, '2018-07-31', '1'),
(959, 383, 15, '2018-07-31', '1'),
(960, 384, 15, '2018-07-31', '1'),
(961, 386, 15, '2018-07-31', '0'),
(962, 389, 15, '2018-07-31', '1'),
(963, 391, 15, '2018-07-31', '1'),
(964, 394, 15, '2018-07-31', '1'),
(965, 395, 15, '2018-07-31', '1'),
(966, 396, 15, '2018-07-31', '1'),
(967, 611, 15, '2018-07-31', '1'),
(968, 138, 16, '2018-08-01', '1'),
(969, 139, 16, '2018-08-01', '1'),
(970, 140, 16, '2018-08-01', '1'),
(971, 141, 16, '2018-08-01', '1'),
(972, 142, 16, '2018-08-01', '1'),
(973, 144, 16, '2018-08-01', '1'),
(974, 145, 16, '2018-08-01', '1'),
(975, 146, 16, '2018-08-01', '1'),
(976, 172, 16, '2018-08-01', '1'),
(977, 147, 16, '2018-08-01', '1'),
(978, 148, 16, '2018-08-01', '1'),
(979, 149, 16, '2018-08-01', '1'),
(980, 150, 16, '2018-08-01', '1'),
(981, 151, 16, '2018-08-01', '0'),
(982, 152, 16, '2018-08-01', '1'),
(983, 153, 16, '2018-08-01', '1'),
(984, 154, 16, '2018-08-01', '1'),
(985, 155, 16, '2018-08-01', '1'),
(986, 157, 16, '2018-08-01', '0'),
(987, 158, 16, '2018-08-01', '1'),
(988, 159, 16, '2018-08-01', '1'),
(989, 160, 16, '2018-08-01', '1'),
(990, 161, 16, '2018-08-01', '1'),
(991, 162, 16, '2018-08-01', '0'),
(992, 163, 16, '2018-08-01', '0'),
(993, 164, 16, '2018-08-01', '1'),
(994, 165, 16, '2018-08-01', '1'),
(995, 166, 16, '2018-08-01', '1'),
(996, 167, 16, '2018-08-01', '1'),
(997, 168, 16, '2018-08-01', '1'),
(998, 169, 16, '2018-08-01', '1'),
(999, 143, 16, '2018-08-01', '1'),
(1000, 186, 16, '2018-08-01', '1'),
(1001, 170, 16, '2018-08-01', '0'),
(1002, 187, 16, '2018-08-01', '1'),
(1003, 171, 16, '2018-08-01', '1'),
(1004, 173, 16, '2018-08-01', '1'),
(1005, 174, 16, '2018-08-01', '1'),
(1006, 175, 16, '2018-08-01', '1'),
(1007, 176, 16, '2018-08-01', '1'),
(1008, 177, 16, '2018-08-01', '1'),
(1009, 156, 16, '2018-08-01', '1'),
(1010, 178, 16, '2018-08-01', '1'),
(1011, 179, 16, '2018-08-01', '1'),
(1012, 180, 16, '2018-08-01', '1'),
(1013, 181, 16, '2018-08-01', '1'),
(1014, 182, 16, '2018-08-01', '1'),
(1015, 183, 16, '2018-08-01', '0'),
(1016, 184, 16, '2018-08-01', '1'),
(1017, 193, 17, '2018-08-01', '0'),
(1018, 199, 17, '2018-08-01', '1'),
(1019, 196, 17, '2018-08-01', '1'),
(1020, 207, 17, '2018-08-01', '1'),
(1021, 208, 17, '2018-08-01', '1'),
(1022, 195, 17, '2018-08-01', '1'),
(1023, 204, 17, '2018-08-01', '1'),
(1024, 209, 17, '2018-08-01', '1'),
(1025, 198, 17, '2018-08-01', '1'),
(1026, 206, 17, '2018-08-01', '1'),
(1027, 205, 17, '2018-08-01', '1'),
(1028, 202, 17, '2018-08-01', '1'),
(1029, 201, 17, '2018-08-01', '0'),
(1030, 404, 17, '2018-08-01', '1'),
(1031, 194, 17, '2018-08-01', '1'),
(1032, 191, 17, '2018-08-01', '1'),
(1033, 403, 17, '2018-08-01', '1'),
(1034, 210, 17, '2018-08-01', '1'),
(1035, 192, 17, '2018-08-01', '1'),
(1036, 197, 17, '2018-08-01', '1'),
(1037, 200, 17, '2018-08-01', '1'),
(1038, 211, 17, '2018-08-01', '1'),
(1039, 212, 17, '2018-08-01', '1'),
(1040, 405, 17, '2018-08-01', '1'),
(1041, 213, 17, '2018-08-01', '1'),
(1042, 214, 17, '2018-08-01', '1'),
(1043, 215, 17, '2018-08-01', '1'),
(1044, 216, 17, '2018-08-01', '1'),
(1045, 217, 17, '2018-08-01', '1'),
(1046, 203, 17, '2018-08-01', '1'),
(1047, 218, 17, '2018-08-01', '1'),
(1048, 219, 17, '2018-08-01', '1'),
(1049, 401, 17, '2018-08-01', '1'),
(1050, 220, 17, '2018-08-01', '1'),
(1051, 402, 17, '2018-08-01', '1'),
(1052, 221, 17, '2018-08-01', '1'),
(1053, 222, 17, '2018-08-01', '1'),
(1054, 223, 17, '2018-08-01', '1'),
(1055, 224, 17, '2018-08-01', '1'),
(1056, 225, 17, '2018-08-01', '1'),
(1057, 226, 17, '2018-08-01', '1'),
(1058, 189, 17, '2018-08-01', '1'),
(1059, 227, 17, '2018-08-01', '1'),
(1060, 228, 17, '2018-08-01', '1'),
(1061, 229, 17, '2018-08-01', '1'),
(1062, 551, 17, '2018-08-01', '1'),
(1063, 552, 17, '2018-08-01', '0'),
(1064, 230, 17, '2018-08-01', '1'),
(1065, 190, 17, '2018-08-01', '1'),
(1066, 231, 17, '2018-08-01', '1'),
(1067, 406, 18, '2018-08-01', '1'),
(1068, 407, 18, '2018-08-01', '1'),
(1069, 408, 18, '2018-08-01', '1'),
(1070, 411, 18, '2018-08-01', '1'),
(1071, 412, 18, '2018-08-01', '1'),
(1072, 413, 18, '2018-08-01', '1'),
(1073, 414, 18, '2018-08-01', '1'),
(1074, 416, 18, '2018-08-01', '1'),
(1075, 417, 18, '2018-08-01', '1'),
(1076, 422, 18, '2018-08-01', '1'),
(1077, 423, 18, '2018-08-01', '1'),
(1078, 424, 18, '2018-08-01', '1'),
(1079, 425, 18, '2018-08-01', '1'),
(1080, 426, 18, '2018-08-01', '1'),
(1081, 427, 18, '2018-08-01', '1'),
(1082, 428, 18, '2018-08-01', '1'),
(1083, 429, 18, '2018-08-01', '1'),
(1084, 432, 18, '2018-08-01', '1'),
(1085, 433, 18, '2018-08-01', '1'),
(1086, 435, 18, '2018-08-01', '1'),
(1087, 436, 18, '2018-08-01', '1'),
(1088, 437, 18, '2018-08-01', '1'),
(1089, 439, 18, '2018-08-01', '0'),
(1090, 441, 18, '2018-08-01', '1'),
(1091, 442, 18, '2018-08-01', '1'),
(1092, 443, 18, '2018-08-01', '1'),
(1093, 444, 18, '2018-08-01', '1'),
(1094, 446, 18, '2018-08-01', '1'),
(1095, 448, 18, '2018-08-01', '1'),
(1096, 449, 18, '2018-08-01', '1'),
(1097, 450, 18, '2018-08-01', '1'),
(1098, 451, 18, '2018-08-01', '1'),
(1099, 453, 18, '2018-08-01', '1'),
(1100, 409, 18, '2018-08-01', '1'),
(1101, 410, 18, '2018-08-01', '1'),
(1102, 415, 18, '2018-08-01', '1'),
(1103, 418, 18, '2018-08-01', '1'),
(1104, 419, 18, '2018-08-01', '1'),
(1105, 420, 18, '2018-08-01', '1'),
(1106, 421, 18, '2018-08-01', '1'),
(1107, 430, 18, '2018-08-01', '1'),
(1108, 431, 18, '2018-08-01', '1'),
(1109, 434, 18, '2018-08-01', '1'),
(1110, 438, 18, '2018-08-01', '1'),
(1111, 440, 18, '2018-08-01', '1'),
(1112, 553, 18, '2018-08-01', '1'),
(1113, 445, 18, '2018-08-01', '1'),
(1114, 447, 18, '2018-08-01', '1'),
(1115, 452, 18, '2018-08-01', '1'),
(1116, 32, 10, '2018-08-06', '1'),
(1117, 13, 10, '2018-08-06', '1'),
(1118, 9, 10, '2018-08-06', '1'),
(1119, 44, 10, '2018-08-06', '1'),
(1120, 28, 10, '2018-08-06', '1'),
(1121, 45, 10, '2018-08-06', '1'),
(1122, 19, 10, '2018-08-06', '1'),
(1123, 43, 10, '2018-08-06', '0'),
(1124, 33, 10, '2018-08-06', '1'),
(1125, 4, 10, '2018-08-06', '1'),
(1126, 29, 10, '2018-08-06', '1'),
(1127, 14, 10, '2018-08-06', '1'),
(1128, 17, 10, '2018-08-06', '1'),
(1129, 3, 10, '2018-08-06', '1'),
(1130, 21, 10, '2018-08-06', '1'),
(1131, 22, 10, '2018-08-06', '1'),
(1132, 5, 10, '2018-08-06', '1'),
(1133, 46, 10, '2018-08-06', '1'),
(1134, 11, 10, '2018-08-06', '1'),
(1135, 24, 10, '2018-08-06', '1'),
(1136, 10, 10, '2018-08-06', '1'),
(1137, 37, 10, '2018-08-06', '1'),
(1138, 41, 10, '2018-08-06', '1'),
(1139, 42, 10, '2018-08-06', '1'),
(1140, 8, 10, '2018-08-06', '1'),
(1141, 7, 10, '2018-08-06', '1'),
(1142, 20, 10, '2018-08-06', '1'),
(1143, 39, 10, '2018-08-06', '1'),
(1144, 16, 10, '2018-08-06', '1'),
(1145, 23, 10, '2018-08-06', '1'),
(1146, 31, 10, '2018-08-06', '1'),
(1147, 12, 10, '2018-08-06', '1'),
(1148, 34, 10, '2018-08-06', '1'),
(1149, 35, 10, '2018-08-06', '1'),
(1150, 15, 10, '2018-08-06', '1'),
(1151, 27, 10, '2018-08-06', '1'),
(1152, 36, 10, '2018-08-06', '1'),
(1153, 18, 10, '2018-08-06', '1'),
(1154, 25, 10, '2018-08-06', '1'),
(1155, 6, 10, '2018-08-06', '1'),
(1156, 30, 10, '2018-08-06', '1'),
(1157, 40, 10, '2018-08-06', '1'),
(1158, 38, 10, '2018-08-06', '0'),
(1159, 26, 10, '2018-08-06', '1'),
(1160, 47, 11, '2018-08-06', '1'),
(1161, 48, 11, '2018-08-06', '1'),
(1162, 49, 11, '2018-08-06', '1'),
(1163, 71, 11, '2018-08-06', '1'),
(1164, 50, 11, '2018-08-06', '1'),
(1165, 51, 11, '2018-08-06', '0'),
(1166, 52, 11, '2018-08-06', '1'),
(1167, 53, 11, '2018-08-06', '1'),
(1168, 54, 11, '2018-08-06', '1'),
(1169, 55, 11, '2018-08-06', '1'),
(1170, 57, 11, '2018-08-06', '1'),
(1171, 58, 11, '2018-08-06', '1'),
(1172, 78, 11, '2018-08-06', '1'),
(1173, 59, 11, '2018-08-06', '1'),
(1174, 88, 11, '2018-08-06', '1'),
(1175, 60, 11, '2018-08-06', '1'),
(1176, 61, 11, '2018-08-06', '1'),
(1177, 62, 11, '2018-08-06', '1'),
(1178, 63, 11, '2018-08-06', '1'),
(1179, 65, 11, '2018-08-06', '1'),
(1180, 64, 11, '2018-08-06', '1'),
(1181, 90, 11, '2018-08-06', '0'),
(1182, 66, 11, '2018-08-06', '1'),
(1183, 67, 11, '2018-08-06', '1'),
(1184, 68, 11, '2018-08-06', '1'),
(1185, 69, 11, '2018-08-06', '1'),
(1186, 70, 11, '2018-08-06', '1'),
(1187, 87, 11, '2018-08-06', '1'),
(1188, 72, 11, '2018-08-06', '1'),
(1189, 188, 11, '2018-08-06', '0'),
(1190, 56, 11, '2018-08-06', '1'),
(1191, 73, 11, '2018-08-06', '1'),
(1192, 74, 11, '2018-08-06', '1'),
(1193, 75, 11, '2018-08-06', '1'),
(1194, 76, 11, '2018-08-06', '1'),
(1195, 77, 11, '2018-08-06', '1'),
(1196, 79, 11, '2018-08-06', '1'),
(1197, 91, 11, '2018-08-06', '1'),
(1198, 80, 11, '2018-08-06', '0'),
(1199, 81, 11, '2018-08-06', '1'),
(1200, 82, 11, '2018-08-06', '1'),
(1201, 83, 11, '2018-08-06', '1'),
(1202, 84, 11, '2018-08-06', '0'),
(1203, 85, 11, '2018-08-06', '1'),
(1204, 86, 11, '2018-08-06', '1'),
(1205, 89, 11, '2018-08-06', '1'),
(1206, 259, 12, '2018-08-07', '1'),
(1207, 235, 12, '2018-08-07', '1'),
(1208, 240, 12, '2018-08-07', '1'),
(1209, 237, 12, '2018-08-07', '1'),
(1210, 261, 12, '2018-08-07', '1'),
(1211, 262, 12, '2018-08-07', '1'),
(1212, 238, 12, '2018-08-07', '1'),
(1213, 236, 12, '2018-08-07', '1'),
(1214, 239, 12, '2018-08-07', '1'),
(1215, 247, 12, '2018-08-07', '1'),
(1216, 234, 12, '2018-08-07', '1'),
(1217, 255, 12, '2018-08-07', '1'),
(1218, 249, 12, '2018-08-07', '1'),
(1219, 250, 12, '2018-08-07', '1'),
(1220, 256, 12, '2018-08-07', '1'),
(1221, 253, 12, '2018-08-07', '1'),
(1222, 254, 12, '2018-08-07', '1'),
(1223, 248, 12, '2018-08-07', '1'),
(1224, 265, 12, '2018-08-07', '1'),
(1225, 264, 12, '2018-08-07', '1'),
(1226, 241, 12, '2018-08-07', '1'),
(1227, 243, 12, '2018-08-07', '1'),
(1228, 267, 12, '2018-08-07', '1'),
(1229, 273, 12, '2018-08-07', '1'),
(1230, 258, 12, '2018-08-07', '1'),
(1231, 233, 12, '2018-08-07', '1'),
(1232, 271, 12, '2018-08-07', '1'),
(1233, 269, 12, '2018-08-07', '1'),
(1234, 257, 12, '2018-08-07', '1'),
(1235, 260, 12, '2018-08-07', '1'),
(1236, 270, 12, '2018-08-07', '1'),
(1237, 272, 12, '2018-08-07', '1'),
(1238, 244, 12, '2018-08-07', '1'),
(1239, 266, 12, '2018-08-07', '1'),
(1240, 246, 12, '2018-08-07', '1'),
(1241, 245, 12, '2018-08-07', '1'),
(1242, 268, 12, '2018-08-07', '1'),
(1243, 252, 12, '2018-08-07', '1'),
(1244, 232, 12, '2018-08-07', '1'),
(1245, 251, 12, '2018-08-07', '1'),
(1246, 263, 12, '2018-08-07', '1'),
(1247, 242, 12, '2018-08-07', '1'),
(1248, 280, 13, '2018-08-07', '1'),
(1249, 282, 13, '2018-08-07', '1'),
(1250, 282, 13, '2018-08-07', '1'),
(1251, 283, 13, '2018-08-07', '1'),
(1252, 285, 13, '2018-08-07', '0'),
(1253, 286, 13, '2018-08-07', '1'),
(1254, 286, 13, '2018-08-07', '1'),
(1255, 289, 13, '2018-08-07', '1'),
(1256, 291, 13, '2018-08-07', '1'),
(1257, 292, 13, '2018-08-07', '1'),
(1258, 293, 13, '2018-08-07', '1'),
(1259, 294, 13, '2018-08-07', '1'),
(1260, 299, 13, '2018-08-07', '1'),
(1261, 300, 13, '2018-08-07', '0'),
(1262, 302, 13, '2018-08-07', '0'),
(1263, 307, 13, '2018-08-07', '1'),
(1264, 309, 13, '2018-08-07', '1'),
(1265, 310, 13, '2018-08-07', '1'),
(1266, 313, 13, '2018-08-07', '1'),
(1267, 316, 13, '2018-08-07', '1'),
(1268, 275, 13, '2018-08-07', '1'),
(1269, 276, 13, '2018-08-07', '1'),
(1270, 277, 13, '2018-08-07', '0'),
(1271, 278, 13, '2018-08-07', '1'),
(1272, 279, 13, '2018-08-07', '1'),
(1273, 281, 13, '2018-08-07', '1'),
(1274, 284, 13, '2018-08-07', '0'),
(1275, 287, 13, '2018-08-07', '1'),
(1276, 288, 13, '2018-08-07', '1'),
(1277, 290, 13, '2018-08-07', '1'),
(1278, 295, 13, '2018-08-07', '1'),
(1279, 296, 13, '2018-08-07', '1'),
(1280, 297, 13, '2018-08-07', '1'),
(1281, 301, 13, '2018-08-07', '1'),
(1282, 303, 13, '2018-08-07', '1'),
(1283, 304, 13, '2018-08-07', '1'),
(1284, 305, 13, '2018-08-07', '1'),
(1285, 306, 13, '2018-08-07', '1'),
(1286, 308, 13, '2018-08-07', '1'),
(1287, 311, 13, '2018-08-07', '1'),
(1288, 315, 13, '2018-08-07', '1'),
(1289, 317, 13, '2018-08-07', '0'),
(1290, 298, 13, '2018-08-07', '1'),
(1291, 298, 13, '2018-08-07', '1'),
(1292, 550, 13, '2018-08-07', '0'),
(1293, 550, 13, '2018-08-07', '1'),
(1294, 312, 13, '2018-08-07', '0'),
(1295, 314, 13, '2018-08-07', '0'),
(1296, 404, 17, '2018-08-08', '1'),
(1297, 194, 17, '2018-08-08', '1'),
(1298, 193, 17, '2018-08-08', '0'),
(1299, 199, 17, '2018-08-08', '1'),
(1300, 196, 17, '2018-08-08', '1'),
(1301, 207, 17, '2018-08-08', '1'),
(1302, 208, 17, '2018-08-08', '1'),
(1303, 195, 17, '2018-08-08', '1'),
(1304, 204, 17, '2018-08-08', '0'),
(1305, 209, 17, '2018-08-08', '1'),
(1306, 191, 17, '2018-08-08', '1'),
(1307, 403, 17, '2018-08-08', '1'),
(1308, 198, 17, '2018-08-08', '1'),
(1309, 206, 17, '2018-08-08', '0'),
(1310, 205, 17, '2018-08-08', '0'),
(1311, 202, 17, '2018-08-08', '1'),
(1312, 201, 17, '2018-08-08', '1'),
(1313, 210, 17, '2018-08-08', '1'),
(1314, 192, 17, '2018-08-08', '1'),
(1315, 197, 17, '2018-08-08', '1'),
(1316, 200, 17, '2018-08-08', '1'),
(1317, 211, 17, '2018-08-08', '0'),
(1318, 212, 17, '2018-08-08', '1'),
(1319, 405, 17, '2018-08-08', '1'),
(1320, 213, 17, '2018-08-08', '1'),
(1321, 214, 17, '2018-08-08', '1'),
(1322, 215, 17, '2018-08-08', '0'),
(1323, 216, 17, '2018-08-08', '1'),
(1324, 217, 17, '2018-08-08', '1'),
(1325, 203, 17, '2018-08-08', '0'),
(1326, 218, 17, '2018-08-08', '1'),
(1327, 219, 17, '2018-08-08', '1'),
(1328, 401, 17, '2018-08-08', '1'),
(1329, 220, 17, '2018-08-08', '0'),
(1330, 402, 17, '2018-08-08', '1'),
(1331, 221, 17, '2018-08-08', '1'),
(1332, 222, 17, '2018-08-08', '1'),
(1333, 223, 17, '2018-08-08', '1'),
(1334, 224, 17, '2018-08-08', '1'),
(1335, 225, 17, '2018-08-08', '1'),
(1336, 226, 17, '2018-08-08', '1'),
(1337, 189, 17, '2018-08-08', '0'),
(1338, 227, 17, '2018-08-08', '1'),
(1339, 228, 17, '2018-08-08', '0'),
(1340, 229, 17, '2018-08-08', '1'),
(1341, 551, 17, '2018-08-08', '1'),
(1342, 552, 17, '2018-08-08', '0'),
(1343, 230, 17, '2018-08-08', '1'),
(1344, 190, 17, '2018-08-08', '0'),
(1345, 231, 17, '2018-08-08', '1'),
(1346, 406, 18, '2018-08-08', '1'),
(1347, 407, 18, '2018-08-08', '1'),
(1348, 408, 18, '2018-08-08', '1'),
(1349, 411, 18, '2018-08-08', '1'),
(1350, 412, 18, '2018-08-08', '1'),
(1351, 413, 18, '2018-08-08', '1'),
(1352, 414, 18, '2018-08-08', '1'),
(1353, 416, 18, '2018-08-08', '1'),
(1354, 417, 18, '2018-08-08', '1'),
(1355, 422, 18, '2018-08-08', '1'),
(1356, 423, 18, '2018-08-08', '1'),
(1357, 424, 18, '2018-08-08', '1'),
(1358, 425, 18, '2018-08-08', '1'),
(1359, 426, 18, '2018-08-08', '1'),
(1360, 427, 18, '2018-08-08', '1'),
(1361, 428, 18, '2018-08-08', '1'),
(1362, 429, 18, '2018-08-08', '1'),
(1363, 432, 18, '2018-08-08', '1'),
(1364, 433, 18, '2018-08-08', '0'),
(1365, 435, 18, '2018-08-08', '1'),
(1366, 436, 18, '2018-08-08', '1'),
(1367, 437, 18, '2018-08-08', '1'),
(1368, 439, 18, '2018-08-08', '1'),
(1369, 441, 18, '2018-08-08', '1'),
(1370, 442, 18, '2018-08-08', '1'),
(1371, 443, 18, '2018-08-08', '1'),
(1372, 444, 18, '2018-08-08', '1'),
(1373, 446, 18, '2018-08-08', '0'),
(1374, 448, 18, '2018-08-08', '1'),
(1375, 449, 18, '2018-08-08', '0'),
(1376, 450, 18, '2018-08-08', '1'),
(1377, 451, 18, '2018-08-08', '1'),
(1378, 453, 18, '2018-08-08', '1'),
(1379, 409, 18, '2018-08-08', '1'),
(1380, 410, 18, '2018-08-08', '1'),
(1381, 415, 18, '2018-08-08', '1'),
(1382, 418, 18, '2018-08-08', '1'),
(1383, 419, 18, '2018-08-08', '1'),
(1384, 420, 18, '2018-08-08', '1'),
(1385, 421, 18, '2018-08-08', '1'),
(1386, 430, 18, '2018-08-08', '1'),
(1387, 431, 18, '2018-08-08', '1'),
(1388, 434, 18, '2018-08-08', '1'),
(1389, 438, 18, '2018-08-08', '1'),
(1390, 440, 18, '2018-08-08', '1'),
(1391, 553, 18, '2018-08-08', '1'),
(1392, 445, 18, '2018-08-08', '1'),
(1393, 447, 18, '2018-08-08', '1'),
(1394, 452, 18, '2018-08-08', '1'),
(1395, 454, 19, '2018-08-09', '1'),
(1396, 457, 19, '2018-08-09', '1'),
(1397, 555, 19, '2018-08-09', '0'),
(1398, 460, 19, '2018-08-09', '0'),
(1399, 461, 19, '2018-08-09', '1'),
(1400, 462, 19, '2018-08-09', '1'),
(1401, 465, 19, '2018-08-09', '1'),
(1402, 469, 19, '2018-08-09', '1'),
(1403, 472, 19, '2018-08-09', '1'),
(1404, 473, 19, '2018-08-09', '1'),
(1405, 474, 19, '2018-08-09', '1'),
(1406, 476, 19, '2018-08-09', '1'),
(1407, 480, 19, '2018-08-09', '0'),
(1408, 482, 19, '2018-08-09', '1'),
(1409, 484, 19, '2018-08-09', '1'),
(1410, 485, 19, '2018-08-09', '1'),
(1411, 486, 19, '2018-08-09', '1'),
(1412, 487, 19, '2018-08-09', '1'),
(1413, 488, 19, '2018-08-09', '1'),
(1414, 494, 19, '2018-08-09', '1'),
(1415, 495, 19, '2018-08-09', '1'),
(1416, 497, 19, '2018-08-09', '0'),
(1417, 499, 19, '2018-08-09', '0'),
(1418, 500, 19, '2018-08-09', '0'),
(1419, 455, 19, '2018-08-09', '0'),
(1420, 456, 19, '2018-08-09', '0'),
(1421, 458, 19, '2018-08-09', '1'),
(1422, 459, 19, '2018-08-09', '0'),
(1423, 463, 19, '2018-08-09', '1'),
(1424, 464, 19, '2018-08-09', '0'),
(1425, 466, 19, '2018-08-09', '1'),
(1426, 467, 19, '2018-08-09', '1'),
(1427, 468, 19, '2018-08-09', '1'),
(1428, 470, 19, '2018-08-09', '1'),
(1429, 471, 19, '2018-08-09', '1'),
(1430, 475, 19, '2018-08-09', '1'),
(1431, 477, 19, '2018-08-09', '1'),
(1432, 478, 19, '2018-08-09', '0'),
(1433, 483, 19, '2018-08-09', '1'),
(1434, 554, 19, '2018-08-09', '1'),
(1435, 489, 19, '2018-08-09', '0'),
(1436, 490, 19, '2018-08-09', '0'),
(1437, 491, 19, '2018-08-09', '1'),
(1438, 492, 19, '2018-08-09', '1'),
(1439, 493, 19, '2018-08-09', '1'),
(1440, 496, 19, '2018-08-09', '1'),
(1441, 498, 19, '2018-08-09', '1'),
(1442, 501, 19, '2018-08-09', '1'),
(1443, 481, 19, '2018-08-09', '1'),
(1444, 479, 19, '2018-08-09', '0'),
(1445, 513, 20, '2018-08-09', '1'),
(1446, 541, 20, '2018-08-09', '0'),
(1447, 505, 20, '2018-08-09', '1'),
(1448, 504, 20, '2018-08-09', '1'),
(1449, 536, 20, '2018-08-09', '1'),
(1450, 511, 20, '2018-08-09', '1'),
(1451, 512, 20, '2018-08-09', '0'),
(1452, 540, 20, '2018-08-09', '1'),
(1453, 535, 20, '2018-08-09', '1'),
(1454, 543, 20, '2018-08-09', '1'),
(1455, 544, 20, '2018-08-09', '1'),
(1456, 542, 20, '2018-08-09', '0'),
(1457, 558, 20, '2018-08-09', '1'),
(1458, 556, 20, '2018-08-09', '1'),
(1459, 519, 20, '2018-08-09', '1'),
(1460, 520, 20, '2018-08-09', '1'),
(1461, 524, 20, '2018-08-09', '1'),
(1462, 523, 20, '2018-08-09', '1'),
(1463, 517, 20, '2018-08-09', '1'),
(1464, 521, 20, '2018-08-09', '1'),
(1465, 522, 20, '2018-08-09', '1'),
(1466, 529, 20, '2018-08-09', '1'),
(1467, 518, 20, '2018-08-09', '1'),
(1468, 559, 20, '2018-08-09', '0'),
(1469, 545, 20, '2018-08-09', '1'),
(1470, 503, 20, '2018-08-09', '1'),
(1471, 528, 20, '2018-08-09', '1'),
(1472, 502, 20, '2018-08-09', '1'),
(1473, 539, 20, '2018-08-09', '1'),
(1474, 526, 20, '2018-08-09', '1'),
(1475, 531, 20, '2018-08-09', '0'),
(1476, 557, 20, '2018-08-09', '1'),
(1477, 532, 20, '2018-08-09', '1'),
(1478, 507, 20, '2018-08-09', '0'),
(1479, 516, 20, '2018-08-09', '1'),
(1480, 506, 20, '2018-08-09', '1'),
(1481, 527, 20, '2018-08-09', '1'),
(1482, 537, 20, '2018-08-09', '1'),
(1483, 510, 20, '2018-08-09', '1'),
(1484, 525, 20, '2018-08-09', '1'),
(1485, 515, 20, '2018-08-09', '1'),
(1486, 548, 20, '2018-08-09', '1'),
(1487, 509, 20, '2018-08-09', '1'),
(1488, 514, 20, '2018-08-09', '1'),
(1489, 533, 20, '2018-08-09', '1'),
(1490, 508, 20, '2018-08-09', '1'),
(1491, 546, 20, '2018-08-09', '0'),
(1492, 547, 20, '2018-08-09', '0'),
(1493, 530, 20, '2018-08-09', '1'),
(1494, 612, 20, '2018-08-09', '1'),
(1495, 538, 20, '2018-08-09', '0'),
(1496, 534, 20, '2018-08-09', '1'),
(1497, 280, 13, '2018-08-14', '1'),
(1498, 282, 13, '2018-08-14', '1'),
(1499, 283, 13, '2018-08-14', '1'),
(1500, 285, 13, '2018-08-14', '1'),
(1501, 286, 13, '2018-08-14', '1'),
(1502, 289, 13, '2018-08-14', '1'),
(1503, 292, 13, '2018-08-14', '1'),
(1504, 293, 13, '2018-08-14', '1'),
(1505, 294, 13, '2018-08-14', '1'),
(1506, 299, 13, '2018-08-14', '1'),
(1507, 300, 13, '2018-08-14', '0'),
(1508, 302, 13, '2018-08-14', '1'),
(1509, 307, 13, '2018-08-14', '1'),
(1510, 309, 13, '2018-08-14', '1'),
(1511, 310, 13, '2018-08-14', '1'),
(1512, 313, 13, '2018-08-14', '1');
INSERT INTO `tbl_attendance` (`id`, `member_id`, `class_id`, `att_date`, `att_status`) VALUES
(1513, 316, 13, '2018-08-14', '1'),
(1514, 276, 13, '2018-08-14', '1'),
(1515, 278, 13, '2018-08-14', '1'),
(1516, 279, 13, '2018-08-14', '1'),
(1517, 281, 13, '2018-08-14', '1'),
(1518, 287, 13, '2018-08-14', '1'),
(1519, 288, 13, '2018-08-14', '1'),
(1520, 290, 13, '2018-08-14', '1'),
(1521, 295, 13, '2018-08-14', '1'),
(1522, 296, 13, '2018-08-14', '1'),
(1523, 297, 13, '2018-08-14', '1'),
(1524, 298, 13, '2018-08-14', '1'),
(1525, 301, 13, '2018-08-14', '1'),
(1526, 303, 13, '2018-08-14', '1'),
(1527, 305, 13, '2018-08-14', '1'),
(1528, 306, 13, '2018-08-14', '1'),
(1529, 308, 13, '2018-08-14', '1'),
(1530, 311, 13, '2018-08-14', '1'),
(1531, 315, 13, '2018-08-14', '1'),
(1532, 304, 13, '2018-08-14', '0'),
(1533, 291, 13, '2018-08-14', '1'),
(1534, 277, 13, '2018-08-14', '0'),
(1535, 275, 13, '2018-08-14', '0'),
(1536, 550, 13, '2018-08-14', '0'),
(1537, 284, 13, '2018-08-14', '0'),
(1538, 314, 13, '2018-08-14', '0'),
(1539, 312, 13, '2018-08-14', '0'),
(1540, 317, 13, '2018-08-14', '0'),
(1541, 32, 10, '2018-08-20', '1'),
(1542, 13, 10, '2018-08-20', '1'),
(1543, 9, 10, '2018-08-20', '1'),
(1544, 44, 10, '2018-08-20', '1'),
(1545, 28, 10, '2018-08-20', '1'),
(1546, 45, 10, '2018-08-20', '1'),
(1547, 19, 10, '2018-08-20', '1'),
(1548, 43, 10, '2018-08-20', '1'),
(1549, 33, 10, '2018-08-20', '1'),
(1550, 4, 10, '2018-08-20', '1'),
(1551, 29, 10, '2018-08-20', '1'),
(1552, 14, 10, '2018-08-20', '1'),
(1553, 17, 10, '2018-08-20', '1'),
(1554, 3, 10, '2018-08-20', '1'),
(1555, 21, 10, '2018-08-20', '1'),
(1556, 22, 10, '2018-08-20', '1'),
(1557, 5, 10, '2018-08-20', '1'),
(1558, 46, 10, '2018-08-20', '1'),
(1559, 11, 10, '2018-08-20', '1'),
(1560, 24, 10, '2018-08-20', '1'),
(1561, 10, 10, '2018-08-20', '1'),
(1562, 37, 10, '2018-08-20', '1'),
(1563, 41, 10, '2018-08-20', '1'),
(1564, 42, 10, '2018-08-20', '1'),
(1565, 8, 10, '2018-08-20', '1'),
(1566, 7, 10, '2018-08-20', '1'),
(1567, 20, 10, '2018-08-20', '1'),
(1568, 39, 10, '2018-08-20', '1'),
(1569, 16, 10, '2018-08-20', '1'),
(1570, 23, 10, '2018-08-20', '1'),
(1571, 31, 10, '2018-08-20', '1'),
(1572, 12, 10, '2018-08-20', '1'),
(1573, 34, 10, '2018-08-20', '1'),
(1574, 35, 10, '2018-08-20', '1'),
(1575, 15, 10, '2018-08-20', '1'),
(1576, 27, 10, '2018-08-20', '1'),
(1577, 36, 10, '2018-08-20', '1'),
(1578, 18, 10, '2018-08-20', '1'),
(1579, 25, 10, '2018-08-20', '1'),
(1580, 6, 10, '2018-08-20', '1'),
(1581, 30, 10, '2018-08-20', '1'),
(1582, 40, 10, '2018-08-20', '1'),
(1583, 38, 10, '2018-08-20', '1'),
(1584, 26, 10, '2018-08-20', '1'),
(1585, 138, 16, '2018-08-22', '1'),
(1586, 139, 16, '2018-08-22', '1'),
(1587, 140, 16, '2018-08-22', '1'),
(1588, 141, 16, '2018-08-22', '1'),
(1589, 142, 16, '2018-08-22', '1'),
(1590, 144, 16, '2018-08-22', '0'),
(1591, 145, 16, '2018-08-22', '1'),
(1592, 146, 16, '2018-08-22', '1'),
(1593, 172, 16, '2018-08-22', '1'),
(1594, 147, 16, '2018-08-22', '1'),
(1595, 148, 16, '2018-08-22', '1'),
(1596, 149, 16, '2018-08-22', '1'),
(1597, 150, 16, '2018-08-22', '1'),
(1598, 151, 16, '2018-08-22', '1'),
(1599, 152, 16, '2018-08-22', '1'),
(1600, 153, 16, '2018-08-22', '1'),
(1601, 154, 16, '2018-08-22', '1'),
(1602, 155, 16, '2018-08-22', '1'),
(1603, 157, 16, '2018-08-22', '1'),
(1604, 158, 16, '2018-08-22', '1'),
(1605, 159, 16, '2018-08-22', '1'),
(1606, 160, 16, '2018-08-22', '1'),
(1607, 161, 16, '2018-08-22', '1'),
(1608, 162, 16, '2018-08-22', '0'),
(1609, 163, 16, '2018-08-22', '0'),
(1610, 164, 16, '2018-08-22', '1'),
(1611, 165, 16, '2018-08-22', '1'),
(1612, 166, 16, '2018-08-22', '1'),
(1613, 167, 16, '2018-08-22', '1'),
(1614, 168, 16, '2018-08-22', '1'),
(1615, 169, 16, '2018-08-22', '1'),
(1616, 143, 16, '2018-08-22', '1'),
(1617, 186, 16, '2018-08-22', '1'),
(1618, 170, 16, '2018-08-22', '1'),
(1619, 187, 16, '2018-08-22', '1'),
(1620, 171, 16, '2018-08-22', '1'),
(1621, 173, 16, '2018-08-22', '1'),
(1622, 174, 16, '2018-08-22', '1'),
(1623, 175, 16, '2018-08-22', '1'),
(1624, 176, 16, '2018-08-22', '1'),
(1625, 177, 16, '2018-08-22', '1'),
(1626, 156, 16, '2018-08-22', '1'),
(1627, 178, 16, '2018-08-22', '0'),
(1628, 179, 16, '2018-08-22', '1'),
(1629, 180, 16, '2018-08-22', '1'),
(1630, 181, 16, '2018-08-22', '1'),
(1631, 182, 16, '2018-08-22', '1'),
(1632, 183, 16, '2018-08-22', '1'),
(1633, 184, 16, '2018-08-22', '1'),
(1634, 138, 16, '2018-08-29', '1'),
(1635, 139, 16, '2018-08-29', '1'),
(1636, 140, 16, '2018-08-29', '1'),
(1637, 141, 16, '2018-08-29', '1'),
(1638, 142, 16, '2018-08-29', '1'),
(1639, 144, 16, '2018-08-29', '0'),
(1640, 145, 16, '2018-08-29', '1'),
(1641, 146, 16, '2018-08-29', '1'),
(1642, 172, 16, '2018-08-29', '1'),
(1643, 147, 16, '2018-08-29', '1'),
(1644, 148, 16, '2018-08-29', '1'),
(1645, 149, 16, '2018-08-29', '1'),
(1646, 150, 16, '2018-08-29', '1'),
(1647, 151, 16, '2018-08-29', '1'),
(1648, 152, 16, '2018-08-29', '1'),
(1649, 153, 16, '2018-08-29', '1'),
(1650, 154, 16, '2018-08-29', '1'),
(1651, 155, 16, '2018-08-29', '1'),
(1652, 157, 16, '2018-08-29', '1'),
(1653, 158, 16, '2018-08-29', '1'),
(1654, 159, 16, '2018-08-29', '1'),
(1655, 160, 16, '2018-08-29', '1'),
(1656, 161, 16, '2018-08-29', '0'),
(1657, 162, 16, '2018-08-29', '1'),
(1658, 163, 16, '2018-08-29', '0'),
(1659, 164, 16, '2018-08-29', '1'),
(1660, 165, 16, '2018-08-29', '1'),
(1661, 166, 16, '2018-08-29', '1'),
(1662, 167, 16, '2018-08-29', '1'),
(1663, 168, 16, '2018-08-29', '1'),
(1664, 169, 16, '2018-08-29', '1'),
(1665, 143, 16, '2018-08-29', '1'),
(1666, 186, 16, '2018-08-29', '1'),
(1667, 170, 16, '2018-08-29', '1'),
(1668, 187, 16, '2018-08-29', '1'),
(1669, 171, 16, '2018-08-29', '1'),
(1670, 173, 16, '2018-08-29', '1'),
(1671, 174, 16, '2018-08-29', '1'),
(1672, 175, 16, '2018-08-29', '1'),
(1673, 176, 16, '2018-08-29', '1'),
(1674, 177, 16, '2018-08-29', '1'),
(1675, 156, 16, '2018-08-29', '1'),
(1676, 178, 16, '2018-08-29', '1'),
(1677, 179, 16, '2018-08-29', '1'),
(1678, 180, 16, '2018-08-29', '0'),
(1679, 181, 16, '2018-08-29', '1'),
(1680, 182, 16, '2018-08-29', '1'),
(1681, 183, 16, '2018-08-29', '1'),
(1682, 184, 16, '2018-08-29', '1'),
(1683, 404, 17, '2018-08-29', '1'),
(1684, 194, 17, '2018-08-29', '1'),
(1685, 193, 17, '2018-08-29', '0'),
(1686, 199, 17, '2018-08-29', '1'),
(1687, 196, 17, '2018-08-29', '1'),
(1688, 207, 17, '2018-08-29', '1'),
(1689, 208, 17, '2018-08-29', '1'),
(1690, 195, 17, '2018-08-29', '1'),
(1691, 204, 17, '2018-08-29', '1'),
(1692, 209, 17, '2018-08-29', '1'),
(1693, 191, 17, '2018-08-29', '1'),
(1694, 403, 17, '2018-08-29', '1'),
(1695, 198, 17, '2018-08-29', '1'),
(1696, 206, 17, '2018-08-29', '1'),
(1697, 205, 17, '2018-08-29', '1'),
(1698, 202, 17, '2018-08-29', '1'),
(1699, 201, 17, '2018-08-29', '1'),
(1700, 210, 17, '2018-08-29', '1'),
(1701, 192, 17, '2018-08-29', '1'),
(1702, 197, 17, '2018-08-29', '1'),
(1703, 200, 17, '2018-08-29', '1'),
(1704, 211, 17, '2018-08-29', '1'),
(1705, 212, 17, '2018-08-29', '1'),
(1706, 405, 17, '2018-08-29', '1'),
(1707, 213, 17, '2018-08-29', '1'),
(1708, 214, 17, '2018-08-29', '1'),
(1709, 215, 17, '2018-08-29', '1'),
(1710, 216, 17, '2018-08-29', '1'),
(1711, 217, 17, '2018-08-29', '1'),
(1712, 203, 17, '2018-08-29', '1'),
(1713, 218, 17, '2018-08-29', '1'),
(1714, 219, 17, '2018-08-29', '1'),
(1715, 401, 17, '2018-08-29', '1'),
(1716, 220, 17, '2018-08-29', '1'),
(1717, 402, 17, '2018-08-29', '1'),
(1718, 221, 17, '2018-08-29', '1'),
(1719, 222, 17, '2018-08-29', '1'),
(1720, 223, 17, '2018-08-29', '1'),
(1721, 224, 17, '2018-08-29', '1'),
(1722, 225, 17, '2018-08-29', '1'),
(1723, 226, 17, '2018-08-29', '1'),
(1724, 189, 17, '2018-08-29', '1'),
(1725, 227, 17, '2018-08-29', '1'),
(1726, 228, 17, '2018-08-29', '1'),
(1727, 229, 17, '2018-08-29', '1'),
(1728, 551, 17, '2018-08-29', '1'),
(1729, 552, 17, '2018-08-29', '0'),
(1730, 230, 17, '2018-08-29', '1'),
(1731, 190, 17, '2018-08-29', '1'),
(1732, 231, 17, '2018-08-29', '1'),
(1733, 406, 18, '2018-08-29', '1'),
(1734, 407, 18, '2018-08-29', '1'),
(1735, 408, 18, '2018-08-29', '1'),
(1736, 411, 18, '2018-08-29', '1'),
(1737, 412, 18, '2018-08-29', '1'),
(1738, 413, 18, '2018-08-29', '1'),
(1739, 414, 18, '2018-08-29', '1'),
(1740, 416, 18, '2018-08-29', '1'),
(1741, 417, 18, '2018-08-29', '1'),
(1742, 422, 18, '2018-08-29', '1'),
(1743, 423, 18, '2018-08-29', '1'),
(1744, 424, 18, '2018-08-29', '1'),
(1745, 425, 18, '2018-08-29', '1'),
(1746, 426, 18, '2018-08-29', '1'),
(1747, 427, 18, '2018-08-29', '1'),
(1748, 428, 18, '2018-08-29', '1'),
(1749, 429, 18, '2018-08-29', '1'),
(1750, 432, 18, '2018-08-29', '1'),
(1751, 433, 18, '2018-08-29', '1'),
(1752, 435, 18, '2018-08-29', '1'),
(1753, 436, 18, '2018-08-29', '1'),
(1754, 437, 18, '2018-08-29', '1'),
(1755, 439, 18, '2018-08-29', '1'),
(1756, 441, 18, '2018-08-29', '1'),
(1757, 442, 18, '2018-08-29', '1'),
(1758, 443, 18, '2018-08-29', '1'),
(1759, 444, 18, '2018-08-29', '1'),
(1760, 446, 18, '2018-08-29', '1'),
(1761, 448, 18, '2018-08-29', '1'),
(1762, 449, 18, '2018-08-29', '1'),
(1763, 450, 18, '2018-08-29', '1'),
(1764, 451, 18, '2018-08-29', '1'),
(1765, 453, 18, '2018-08-29', '1'),
(1766, 409, 18, '2018-08-29', '1'),
(1767, 410, 18, '2018-08-29', '1'),
(1768, 415, 18, '2018-08-29', '1'),
(1769, 418, 18, '2018-08-29', '1'),
(1770, 419, 18, '2018-08-29', '1'),
(1771, 420, 18, '2018-08-29', '1'),
(1772, 421, 18, '2018-08-29', '1'),
(1773, 430, 18, '2018-08-29', '1'),
(1774, 431, 18, '2018-08-29', '1'),
(1775, 434, 18, '2018-08-29', '1'),
(1776, 438, 18, '2018-08-29', '1'),
(1777, 440, 18, '2018-08-29', '1'),
(1778, 553, 18, '2018-08-29', '1'),
(1779, 445, 18, '2018-08-29', '1'),
(1780, 447, 18, '2018-08-29', '1'),
(1781, 452, 18, '2018-08-29', '1'),
(1782, 32, 10, '2018-09-03', '1'),
(1783, 13, 10, '2018-09-03', '1'),
(1784, 9, 10, '2018-09-03', '1'),
(1785, 44, 10, '2018-09-03', '1'),
(1786, 28, 10, '2018-09-03', '1'),
(1787, 45, 10, '2018-09-03', '1'),
(1788, 19, 10, '2018-09-03', '1'),
(1789, 43, 10, '2018-09-03', '1'),
(1790, 33, 10, '2018-09-03', '1'),
(1791, 4, 10, '2018-09-03', '1'),
(1792, 29, 10, '2018-09-03', '1'),
(1793, 14, 10, '2018-09-03', '1'),
(1794, 17, 10, '2018-09-03', '1'),
(1795, 3, 10, '2018-09-03', '1'),
(1796, 21, 10, '2018-09-03', '1'),
(1797, 22, 10, '2018-09-03', '1'),
(1798, 5, 10, '2018-09-03', '1'),
(1799, 46, 10, '2018-09-03', '1'),
(1800, 11, 10, '2018-09-03', '1'),
(1801, 24, 10, '2018-09-03', '1'),
(1802, 10, 10, '2018-09-03', '1'),
(1803, 37, 10, '2018-09-03', '1'),
(1804, 41, 10, '2018-09-03', '1'),
(1805, 42, 10, '2018-09-03', '1'),
(1806, 8, 10, '2018-09-03', '1'),
(1807, 7, 10, '2018-09-03', '1'),
(1808, 20, 10, '2018-09-03', '1'),
(1809, 39, 10, '2018-09-03', '1'),
(1810, 16, 10, '2018-09-03', '1'),
(1811, 23, 10, '2018-09-03', '1'),
(1812, 31, 10, '2018-09-03', '1'),
(1813, 12, 10, '2018-09-03', '1'),
(1814, 34, 10, '2018-09-03', '1'),
(1815, 35, 10, '2018-09-03', '1'),
(1816, 15, 10, '2018-09-03', '1'),
(1817, 27, 10, '2018-09-03', '1'),
(1818, 36, 10, '2018-09-03', '1'),
(1819, 18, 10, '2018-09-03', '1'),
(1820, 25, 10, '2018-09-03', '1'),
(1821, 6, 10, '2018-09-03', '1'),
(1822, 30, 10, '2018-09-03', '1'),
(1823, 40, 10, '2018-09-03', '1'),
(1824, 38, 10, '2018-09-03', '0'),
(1825, 26, 10, '2018-09-03', '0'),
(1826, 259, 12, '2018-09-04', '1'),
(1827, 235, 12, '2018-09-04', '1'),
(1828, 240, 12, '2018-09-04', '1'),
(1829, 237, 12, '2018-09-04', '1'),
(1830, 261, 12, '2018-09-04', '1'),
(1831, 262, 12, '2018-09-04', '1'),
(1832, 238, 12, '2018-09-04', '1'),
(1833, 236, 12, '2018-09-04', '1'),
(1834, 239, 12, '2018-09-04', '1'),
(1835, 247, 12, '2018-09-04', '0'),
(1836, 234, 12, '2018-09-04', '1'),
(1837, 255, 12, '2018-09-04', '1'),
(1838, 249, 12, '2018-09-04', '1'),
(1839, 250, 12, '2018-09-04', '1'),
(1840, 256, 12, '2018-09-04', '1'),
(1841, 253, 12, '2018-09-04', '1'),
(1842, 254, 12, '2018-09-04', '1'),
(1843, 248, 12, '2018-09-04', '1'),
(1844, 265, 12, '2018-09-04', '0'),
(1845, 264, 12, '2018-09-04', '0'),
(1846, 263, 12, '2018-09-04', '0'),
(1847, 241, 12, '2018-09-04', '1'),
(1848, 243, 12, '2018-09-04', '1'),
(1849, 267, 12, '2018-09-04', '0'),
(1850, 273, 12, '2018-09-04', '0'),
(1851, 258, 12, '2018-09-04', '1'),
(1852, 233, 12, '2018-09-04', '1'),
(1853, 271, 12, '2018-09-04', '1'),
(1854, 269, 12, '2018-09-04', '1'),
(1855, 257, 12, '2018-09-04', '1'),
(1856, 260, 12, '2018-09-04', '1'),
(1857, 270, 12, '2018-09-04', '0'),
(1858, 272, 12, '2018-09-04', '0'),
(1859, 244, 12, '2018-09-04', '1'),
(1860, 266, 12, '2018-09-04', '1'),
(1861, 246, 12, '2018-09-04', '1'),
(1862, 242, 12, '2018-09-04', '1'),
(1863, 245, 12, '2018-09-04', '1'),
(1864, 268, 12, '2018-09-04', '1'),
(1865, 252, 12, '2018-09-04', '1'),
(1866, 232, 12, '2018-09-04', '1'),
(1867, 251, 12, '2018-09-04', '1'),
(1868, 280, 13, '2018-09-04', '1'),
(1869, 283, 13, '2018-09-04', '1'),
(1870, 286, 13, '2018-09-04', '1'),
(1871, 289, 13, '2018-09-04', '1'),
(1872, 291, 13, '2018-09-04', '1'),
(1873, 293, 13, '2018-09-04', '1'),
(1874, 294, 13, '2018-09-04', '1'),
(1875, 300, 13, '2018-09-04', '0'),
(1876, 302, 13, '2018-09-04', '1'),
(1877, 307, 13, '2018-09-04', '1'),
(1878, 309, 13, '2018-09-04', '1'),
(1879, 310, 13, '2018-09-04', '1'),
(1880, 313, 13, '2018-09-04', '1'),
(1881, 316, 13, '2018-09-04', '0'),
(1882, 275, 13, '2018-09-04', '0'),
(1883, 299, 13, '2018-09-04', '0'),
(1884, 292, 13, '2018-09-04', '0'),
(1885, 285, 13, '2018-09-04', '0'),
(1886, 282, 13, '2018-09-04', '0'),
(1887, 276, 13, '2018-09-04', '1'),
(1888, 277, 13, '2018-09-04', '0'),
(1889, 278, 13, '2018-09-04', '1'),
(1890, 279, 13, '2018-09-04', '1'),
(1891, 281, 13, '2018-09-04', '1'),
(1892, 284, 13, '2018-09-04', '1'),
(1893, 287, 13, '2018-09-04', '0'),
(1894, 550, 13, '2018-09-04', '0'),
(1895, 288, 13, '2018-09-04', '1'),
(1896, 290, 13, '2018-09-04', '1'),
(1897, 295, 13, '2018-09-04', '1'),
(1898, 296, 13, '2018-09-04', '1'),
(1899, 297, 13, '2018-09-04', '1'),
(1900, 298, 13, '2018-09-04', '1'),
(1901, 301, 13, '2018-09-04', '1'),
(1902, 303, 13, '2018-09-04', '1'),
(1903, 304, 13, '2018-09-04', '1'),
(1904, 305, 13, '2018-09-04', '1'),
(1905, 306, 13, '2018-09-04', '1'),
(1906, 308, 13, '2018-09-04', '1'),
(1907, 311, 13, '2018-09-04', '1'),
(1908, 312, 13, '2018-09-04', '0'),
(1909, 314, 13, '2018-09-04', '0'),
(1910, 315, 13, '2018-09-04', '1'),
(1911, 317, 13, '2018-09-04', '1'),
(1912, 138, 16, '2018-09-05', '1'),
(1913, 139, 16, '2018-09-05', '1'),
(1914, 140, 16, '2018-09-05', '1'),
(1915, 141, 16, '2018-09-05', '1'),
(1916, 142, 16, '2018-09-05', '1'),
(1917, 144, 16, '2018-09-05', '1'),
(1918, 145, 16, '2018-09-05', '1'),
(1919, 146, 16, '2018-09-05', '1'),
(1920, 172, 16, '2018-09-05', '1'),
(1921, 147, 16, '2018-09-05', '1'),
(1922, 148, 16, '2018-09-05', '1'),
(1923, 149, 16, '2018-09-05', '1'),
(1924, 150, 16, '2018-09-05', '1'),
(1925, 151, 16, '2018-09-05', '0'),
(1926, 152, 16, '2018-09-05', '1'),
(1927, 153, 16, '2018-09-05', '1'),
(1928, 154, 16, '2018-09-05', '1'),
(1929, 155, 16, '2018-09-05', '1'),
(1930, 157, 16, '2018-09-05', '1'),
(1931, 158, 16, '2018-09-05', '1'),
(1932, 159, 16, '2018-09-05', '1'),
(1933, 160, 16, '2018-09-05', '1'),
(1934, 161, 16, '2018-09-05', '1'),
(1935, 162, 16, '2018-09-05', '1'),
(1936, 163, 16, '2018-09-05', '1'),
(1937, 164, 16, '2018-09-05', '1'),
(1938, 166, 16, '2018-09-05', '1'),
(1939, 167, 16, '2018-09-05', '1'),
(1940, 168, 16, '2018-09-05', '1'),
(1941, 169, 16, '2018-09-05', '1'),
(1942, 143, 16, '2018-09-05', '1'),
(1943, 186, 16, '2018-09-05', '1'),
(1944, 170, 16, '2018-09-05', '1'),
(1945, 187, 16, '2018-09-05', '1'),
(1946, 171, 16, '2018-09-05', '0'),
(1947, 173, 16, '2018-09-05', '1'),
(1948, 174, 16, '2018-09-05', '1'),
(1949, 175, 16, '2018-09-05', '1'),
(1950, 176, 16, '2018-09-05', '1'),
(1951, 177, 16, '2018-09-05', '1'),
(1952, 156, 16, '2018-09-05', '1'),
(1953, 165, 16, '2018-09-05', '1'),
(1954, 178, 16, '2018-09-05', '1'),
(1955, 179, 16, '2018-09-05', '1'),
(1956, 180, 16, '2018-09-05', '1'),
(1957, 181, 16, '2018-09-05', '1'),
(1958, 182, 16, '2018-09-05', '1'),
(1959, 183, 16, '2018-09-05', '1'),
(1960, 184, 16, '2018-09-05', '1'),
(1961, 404, 17, '2018-09-05', '1'),
(1962, 194, 17, '2018-09-05', '1'),
(1963, 193, 17, '2018-09-05', '0'),
(1964, 199, 17, '2018-09-05', '1'),
(1965, 196, 17, '2018-09-05', '1'),
(1966, 207, 17, '2018-09-05', '1'),
(1967, 208, 17, '2018-09-05', '1'),
(1968, 195, 17, '2018-09-05', '1'),
(1969, 204, 17, '2018-09-05', '1'),
(1970, 209, 17, '2018-09-05', '1'),
(1971, 191, 17, '2018-09-05', '1'),
(1972, 403, 17, '2018-09-05', '1'),
(1973, 198, 17, '2018-09-05', '1'),
(1974, 206, 17, '2018-09-05', '1'),
(1975, 205, 17, '2018-09-05', '1'),
(1976, 202, 17, '2018-09-05', '1'),
(1977, 201, 17, '2018-09-05', '1'),
(1978, 210, 17, '2018-09-05', '1'),
(1979, 192, 17, '2018-09-05', '1'),
(1980, 197, 17, '2018-09-05', '1'),
(1981, 200, 17, '2018-09-05', '1'),
(1982, 211, 17, '2018-09-05', '0'),
(1983, 212, 17, '2018-09-05', '1'),
(1984, 405, 17, '2018-09-05', '1'),
(1985, 213, 17, '2018-09-05', '1'),
(1986, 214, 17, '2018-09-05', '1'),
(1987, 215, 17, '2018-09-05', '0'),
(1988, 216, 17, '2018-09-05', '1'),
(1989, 217, 17, '2018-09-05', '0'),
(1990, 203, 17, '2018-09-05', '1'),
(1991, 218, 17, '2018-09-05', '1'),
(1992, 219, 17, '2018-09-05', '0'),
(1993, 401, 17, '2018-09-05', '0'),
(1994, 220, 17, '2018-09-05', '1'),
(1995, 402, 17, '2018-09-05', '1'),
(1996, 221, 17, '2018-09-05', '1'),
(1997, 222, 17, '2018-09-05', '1'),
(1998, 223, 17, '2018-09-05', '1'),
(1999, 224, 17, '2018-09-05', '1'),
(2000, 225, 17, '2018-09-05', '1'),
(2001, 226, 17, '2018-09-05', '1'),
(2002, 189, 17, '2018-09-05', '1'),
(2003, 227, 17, '2018-09-05', '1'),
(2004, 228, 17, '2018-09-05', '0'),
(2005, 229, 17, '2018-09-05', '1'),
(2006, 551, 17, '2018-09-05', '1'),
(2007, 552, 17, '2018-09-05', '0'),
(2008, 230, 17, '2018-09-05', '1'),
(2009, 190, 17, '2018-09-05', '1'),
(2010, 231, 17, '2018-09-05', '1'),
(2011, 32, 10, '2018-09-10', '1'),
(2012, 13, 10, '2018-09-10', '1'),
(2013, 9, 10, '2018-09-10', '1'),
(2014, 44, 10, '2018-09-10', '1'),
(2015, 28, 10, '2018-09-10', '1'),
(2016, 45, 10, '2018-09-10', '1'),
(2017, 19, 10, '2018-09-10', '1'),
(2018, 43, 10, '2018-09-10', '1'),
(2019, 33, 10, '2018-09-10', '1'),
(2020, 4, 10, '2018-09-10', '1'),
(2021, 29, 10, '2018-09-10', '1'),
(2022, 14, 10, '2018-09-10', '1'),
(2023, 17, 10, '2018-09-10', '1'),
(2024, 3, 10, '2018-09-10', '0'),
(2025, 21, 10, '2018-09-10', '1'),
(2026, 22, 10, '2018-09-10', '1'),
(2027, 5, 10, '2018-09-10', '1'),
(2028, 46, 10, '2018-09-10', '1'),
(2029, 11, 10, '2018-09-10', '1'),
(2030, 24, 10, '2018-09-10', '1'),
(2031, 10, 10, '2018-09-10', '1'),
(2032, 37, 10, '2018-09-10', '1'),
(2033, 41, 10, '2018-09-10', '1'),
(2034, 42, 10, '2018-09-10', '1'),
(2035, 8, 10, '2018-09-10', '1'),
(2036, 7, 10, '2018-09-10', '1'),
(2037, 20, 10, '2018-09-10', '1'),
(2038, 39, 10, '2018-09-10', '1'),
(2039, 16, 10, '2018-09-10', '1'),
(2040, 23, 10, '2018-09-10', '1'),
(2041, 31, 10, '2018-09-10', '1'),
(2042, 12, 10, '2018-09-10', '1'),
(2043, 34, 10, '2018-09-10', '1'),
(2044, 35, 10, '2018-09-10', '1'),
(2045, 15, 10, '2018-09-10', '1'),
(2046, 27, 10, '2018-09-10', '1'),
(2047, 36, 10, '2018-09-10', '1'),
(2048, 18, 10, '2018-09-10', '1'),
(2049, 25, 10, '2018-09-10', '1'),
(2050, 6, 10, '2018-09-10', '1'),
(2051, 30, 10, '2018-09-10', '1'),
(2052, 40, 10, '2018-09-10', '1'),
(2053, 38, 10, '2018-09-10', '0'),
(2054, 26, 10, '2018-09-10', '1'),
(2055, 259, 12, '2018-09-11', '1'),
(2056, 235, 12, '2018-09-11', '1'),
(2057, 240, 12, '2018-09-11', '1'),
(2058, 237, 12, '2018-09-11', '1'),
(2059, 261, 12, '2018-09-11', '1'),
(2060, 262, 12, '2018-09-11', '1'),
(2061, 238, 12, '2018-09-11', '1'),
(2062, 236, 12, '2018-09-11', '1'),
(2063, 239, 12, '2018-09-11', '1'),
(2064, 247, 12, '2018-09-11', '1'),
(2065, 234, 12, '2018-09-11', '1'),
(2066, 255, 12, '2018-09-11', '1'),
(2067, 249, 12, '2018-09-11', '1'),
(2068, 250, 12, '2018-09-11', '1'),
(2069, 256, 12, '2018-09-11', '1'),
(2070, 253, 12, '2018-09-11', '1'),
(2071, 254, 12, '2018-09-11', '1'),
(2072, 248, 12, '2018-09-11', '1'),
(2073, 265, 12, '2018-09-11', '0'),
(2074, 264, 12, '2018-09-11', '0'),
(2075, 263, 12, '2018-09-11', '1'),
(2076, 241, 12, '2018-09-11', '0'),
(2077, 243, 12, '2018-09-11', '1'),
(2078, 267, 12, '2018-09-11', '1'),
(2079, 273, 12, '2018-09-11', '0'),
(2080, 258, 12, '2018-09-11', '1'),
(2081, 233, 12, '2018-09-11', '1'),
(2082, 271, 12, '2018-09-11', '0'),
(2083, 269, 12, '2018-09-11', '1'),
(2084, 257, 12, '2018-09-11', '1'),
(2085, 260, 12, '2018-09-11', '1'),
(2086, 270, 12, '2018-09-11', '0'),
(2087, 272, 12, '2018-09-11', '0'),
(2088, 244, 12, '2018-09-11', '1'),
(2089, 266, 12, '2018-09-11', '1'),
(2090, 246, 12, '2018-09-11', '1'),
(2091, 242, 12, '2018-09-11', '0'),
(2092, 245, 12, '2018-09-11', '1'),
(2093, 268, 12, '2018-09-11', '0'),
(2094, 252, 12, '2018-09-11', '1'),
(2095, 232, 12, '2018-09-11', '1'),
(2096, 251, 12, '2018-09-11', '1'),
(2097, 280, 13, '2018-09-11', '0'),
(2098, 282, 13, '2018-09-11', '1'),
(2099, 283, 13, '2018-09-11', '1'),
(2100, 285, 13, '2018-09-11', '1'),
(2101, 286, 13, '2018-09-11', '1'),
(2102, 289, 13, '2018-09-11', '1'),
(2103, 291, 13, '2018-09-11', '1'),
(2104, 292, 13, '2018-09-11', '1'),
(2105, 293, 13, '2018-09-11', '1'),
(2106, 294, 13, '2018-09-11', '1'),
(2107, 299, 13, '2018-09-11', '1'),
(2108, 300, 13, '2018-09-11', '1'),
(2109, 302, 13, '2018-09-11', '1'),
(2110, 307, 13, '2018-09-11', '0'),
(2111, 309, 13, '2018-09-11', '1'),
(2112, 310, 13, '2018-09-11', '1'),
(2113, 313, 13, '2018-09-11', '1'),
(2114, 316, 13, '2018-09-11', '1'),
(2115, 275, 13, '2018-09-11', '1'),
(2116, 276, 13, '2018-09-11', '1'),
(2117, 277, 13, '2018-09-11', '0'),
(2118, 278, 13, '2018-09-11', '1'),
(2119, 279, 13, '2018-09-11', '1'),
(2120, 281, 13, '2018-09-11', '1'),
(2121, 284, 13, '2018-09-11', '0'),
(2122, 287, 13, '2018-09-11', '1'),
(2123, 550, 13, '2018-09-11', '0'),
(2124, 288, 13, '2018-09-11', '1'),
(2125, 290, 13, '2018-09-11', '1'),
(2126, 295, 13, '2018-09-11', '1'),
(2127, 296, 13, '2018-09-11', '1'),
(2128, 297, 13, '2018-09-11', '1'),
(2129, 298, 13, '2018-09-11', '1'),
(2130, 301, 13, '2018-09-11', '1'),
(2131, 303, 13, '2018-09-11', '1'),
(2132, 304, 13, '2018-09-11', '1'),
(2133, 305, 13, '2018-09-11', '1'),
(2134, 306, 13, '2018-09-11', '1'),
(2135, 308, 13, '2018-09-11', '1'),
(2136, 311, 13, '2018-09-11', '1'),
(2137, 312, 13, '2018-09-11', '0'),
(2138, 314, 13, '2018-09-11', '0'),
(2139, 315, 13, '2018-09-11', '1'),
(2140, 317, 13, '2018-09-11', '0'),
(2141, 114, 14, '2018-09-11', '1'),
(2142, 115, 14, '2018-09-11', '1'),
(2143, 116, 14, '2018-09-11', '1'),
(2144, 117, 14, '2018-09-11', '1'),
(2145, 118, 14, '2018-09-11', '1'),
(2146, 119, 14, '2018-09-11', '1'),
(2147, 120, 14, '2018-09-11', '1'),
(2148, 121, 14, '2018-09-11', '0'),
(2149, 122, 14, '2018-09-11', '1'),
(2150, 123, 14, '2018-09-11', '1'),
(2151, 124, 14, '2018-09-11', '1'),
(2152, 125, 14, '2018-09-11', '1'),
(2153, 126, 14, '2018-09-11', '1'),
(2154, 127, 14, '2018-09-11', '1'),
(2155, 128, 14, '2018-09-11', '1'),
(2156, 129, 14, '2018-09-11', '1'),
(2157, 130, 14, '2018-09-11', '0'),
(2158, 131, 14, '2018-09-11', '1'),
(2159, 132, 14, '2018-09-11', '1'),
(2160, 133, 14, '2018-09-11', '1'),
(2161, 134, 14, '2018-09-11', '1'),
(2162, 135, 14, '2018-09-11', '1'),
(2163, 136, 14, '2018-09-11', '1'),
(2164, 137, 14, '2018-09-11', '1'),
(2165, 92, 14, '2018-09-11', '0'),
(2166, 93, 14, '2018-09-11', '1'),
(2167, 94, 14, '2018-09-11', '0'),
(2168, 95, 14, '2018-09-11', '1'),
(2169, 96, 14, '2018-09-11', '1'),
(2170, 97, 14, '2018-09-11', '0'),
(2171, 98, 14, '2018-09-11', '1'),
(2172, 99, 14, '2018-09-11', '0'),
(2173, 100, 14, '2018-09-11', '0'),
(2174, 101, 14, '2018-09-11', '0'),
(2175, 102, 14, '2018-09-11', '1'),
(2176, 103, 14, '2018-09-11', '1'),
(2177, 104, 14, '2018-09-11', '1'),
(2178, 105, 14, '2018-09-11', '1'),
(2179, 107, 14, '2018-09-11', '1'),
(2180, 106, 14, '2018-09-11', '1'),
(2181, 108, 14, '2018-09-11', '1'),
(2182, 109, 14, '2018-09-11', '1'),
(2183, 110, 14, '2018-09-11', '1'),
(2184, 111, 14, '2018-09-11', '1'),
(2185, 112, 14, '2018-09-11', '1'),
(2186, 113, 14, '2018-09-11', '1'),
(2187, 363, 15, '2018-09-11', '1'),
(2188, 364, 15, '2018-09-11', '1'),
(2189, 549, 15, '2018-09-11', '1'),
(2190, 371, 15, '2018-09-11', '1'),
(2191, 373, 15, '2018-09-11', '1'),
(2192, 374, 15, '2018-09-11', '1'),
(2193, 376, 15, '2018-09-11', '1'),
(2194, 377, 15, '2018-09-11', '1'),
(2195, 378, 15, '2018-09-11', '1'),
(2196, 381, 15, '2018-09-11', '1'),
(2197, 382, 15, '2018-09-11', '1'),
(2198, 385, 15, '2018-09-11', '0'),
(2199, 387, 15, '2018-09-11', '1'),
(2200, 388, 15, '2018-09-11', '1'),
(2201, 390, 15, '2018-09-11', '1'),
(2202, 392, 15, '2018-09-11', '1'),
(2203, 393, 15, '2018-09-11', '1'),
(2204, 397, 15, '2018-09-11', '1'),
(2205, 359, 15, '2018-09-11', '1'),
(2206, 360, 15, '2018-09-11', '1'),
(2207, 399, 15, '2018-09-11', '1'),
(2208, 361, 15, '2018-09-11', '0'),
(2209, 362, 15, '2018-09-11', '1'),
(2210, 398, 15, '2018-09-11', '1'),
(2211, 365, 15, '2018-09-11', '1'),
(2212, 366, 15, '2018-09-11', '1'),
(2213, 400, 15, '2018-09-11', '1'),
(2214, 611, 15, '2018-09-11', '1'),
(2215, 367, 15, '2018-09-11', '1'),
(2216, 368, 15, '2018-09-11', '1'),
(2217, 369, 15, '2018-09-11', '1'),
(2218, 370, 15, '2018-09-11', '1'),
(2219, 375, 15, '2018-09-11', '1'),
(2220, 380, 15, '2018-09-11', '1'),
(2221, 379, 15, '2018-09-11', '1'),
(2222, 372, 15, '2018-09-11', '1'),
(2223, 383, 15, '2018-09-11', '0'),
(2224, 384, 15, '2018-09-11', '1'),
(2225, 386, 15, '2018-09-11', '0'),
(2226, 389, 15, '2018-09-11', '1'),
(2227, 391, 15, '2018-09-11', '1'),
(2228, 394, 15, '2018-09-11', '1'),
(2229, 395, 15, '2018-09-11', '1'),
(2230, 396, 15, '2018-09-11', '0'),
(2231, 454, 19, '2018-09-13', '0'),
(2232, 460, 19, '2018-09-13', '1'),
(2233, 461, 19, '2018-09-13', '0'),
(2234, 465, 19, '2018-09-13', '1'),
(2235, 472, 19, '2018-09-13', '1'),
(2236, 473, 19, '2018-09-13', '0'),
(2237, 474, 19, '2018-09-13', '1'),
(2238, 482, 19, '2018-09-13', '1'),
(2239, 484, 19, '2018-09-13', '0'),
(2240, 485, 19, '2018-09-13', '0'),
(2241, 486, 19, '2018-09-13', '0'),
(2242, 487, 19, '2018-09-13', '1'),
(2243, 488, 19, '2018-09-13', '0'),
(2244, 494, 19, '2018-09-13', '1'),
(2245, 495, 19, '2018-09-13', '1'),
(2246, 497, 19, '2018-09-13', '0'),
(2247, 499, 19, '2018-09-13', '1'),
(2248, 500, 19, '2018-09-13', '0'),
(2249, 458, 19, '2018-09-13', '0'),
(2250, 501, 19, '2018-09-13', '1'),
(2251, 498, 19, '2018-09-13', '1'),
(2252, 496, 19, '2018-09-13', '1'),
(2253, 493, 19, '2018-09-13', '0'),
(2254, 492, 19, '2018-09-13', '1'),
(2255, 491, 19, '2018-09-13', '1'),
(2256, 490, 19, '2018-09-13', '1'),
(2257, 489, 19, '2018-09-13', '0'),
(2258, 554, 19, '2018-09-13', '1'),
(2259, 483, 19, '2018-09-13', '1'),
(2260, 481, 19, '2018-09-13', '0'),
(2261, 478, 19, '2018-09-13', '0'),
(2262, 477, 19, '2018-09-13', '0'),
(2263, 471, 19, '2018-09-13', '0'),
(2264, 468, 19, '2018-09-13', '0'),
(2265, 466, 19, '2018-09-13', '0'),
(2266, 464, 19, '2018-09-13', '0'),
(2267, 479, 19, '2018-09-13', '1'),
(2268, 457, 19, '2018-09-13', '0'),
(2269, 555, 19, '2018-09-13', '0'),
(2270, 462, 19, '2018-09-13', '0'),
(2271, 469, 19, '2018-09-13', '0'),
(2272, 476, 19, '2018-09-13', '0'),
(2273, 480, 19, '2018-09-13', '0'),
(2274, 455, 19, '2018-09-13', '0'),
(2275, 456, 19, '2018-09-13', '0'),
(2276, 459, 19, '2018-09-13', '0'),
(2277, 463, 19, '2018-09-13', '0'),
(2278, 467, 19, '2018-09-13', '0'),
(2279, 470, 19, '2018-09-13', '0'),
(2280, 475, 19, '2018-09-13', '0'),
(2281, 513, 20, '2018-09-13', '1'),
(2282, 541, 20, '2018-09-13', '0'),
(2283, 505, 20, '2018-09-13', '1'),
(2284, 504, 20, '2018-09-13', '1'),
(2285, 536, 20, '2018-09-13', '0'),
(2286, 511, 20, '2018-09-13', '1'),
(2287, 512, 20, '2018-09-13', '1'),
(2288, 540, 20, '2018-09-13', '0'),
(2289, 535, 20, '2018-09-13', '0'),
(2290, 543, 20, '2018-09-13', '0'),
(2291, 544, 20, '2018-09-13', '0'),
(2292, 542, 20, '2018-09-13', '0'),
(2293, 558, 20, '2018-09-13', '1'),
(2294, 556, 20, '2018-09-13', '1'),
(2295, 538, 20, '2018-09-13', '0'),
(2296, 519, 20, '2018-09-13', '1'),
(2297, 520, 20, '2018-09-13', '1'),
(2298, 524, 20, '2018-09-13', '1'),
(2299, 523, 20, '2018-09-13', '1'),
(2300, 517, 20, '2018-09-13', '1'),
(2301, 521, 20, '2018-09-13', '1'),
(2302, 522, 20, '2018-09-13', '1'),
(2303, 529, 20, '2018-09-13', '0'),
(2304, 518, 20, '2018-09-13', '1'),
(2305, 559, 20, '2018-09-13', '0'),
(2306, 534, 20, '2018-09-13', '0'),
(2307, 545, 20, '2018-09-13', '0'),
(2308, 503, 20, '2018-09-13', '0'),
(2309, 528, 20, '2018-09-13', '1'),
(2310, 502, 20, '2018-09-13', '0'),
(2311, 539, 20, '2018-09-13', '1'),
(2312, 526, 20, '2018-09-13', '0'),
(2313, 531, 20, '2018-09-13', '0'),
(2314, 557, 20, '2018-09-13', '1'),
(2315, 532, 20, '2018-09-13', '1'),
(2316, 507, 20, '2018-09-13', '1'),
(2317, 516, 20, '2018-09-13', '0'),
(2318, 506, 20, '2018-09-13', '0'),
(2319, 527, 20, '2018-09-13', '0'),
(2320, 537, 20, '2018-09-13', '0'),
(2321, 510, 20, '2018-09-13', '1'),
(2322, 525, 20, '2018-09-13', '0'),
(2323, 515, 20, '2018-09-13', '0'),
(2324, 612, 20, '2018-09-13', '1'),
(2325, 548, 20, '2018-09-13', '1'),
(2326, 509, 20, '2018-09-13', '1'),
(2327, 514, 20, '2018-09-13', '1'),
(2328, 533, 20, '2018-09-13', '1'),
(2329, 508, 20, '2018-09-13', '0'),
(2330, 546, 20, '2018-09-13', '0'),
(2331, 547, 20, '2018-09-13', '0'),
(2332, 530, 20, '2018-09-13', '0'),
(2333, 564, 21, '2018-09-13', '1'),
(2334, 565, 21, '2018-09-13', '1'),
(2335, 578, 21, '2018-09-13', '1'),
(2336, 579, 21, '2018-09-13', '1'),
(2337, 575, 21, '2018-09-13', '1'),
(2338, 563, 21, '2018-09-13', '0'),
(2339, 573, 21, '2018-09-13', '1'),
(2340, 574, 21, '2018-09-13', '1'),
(2341, 561, 21, '2018-09-13', '1'),
(2342, 600, 21, '2018-09-13', '1'),
(2343, 577, 21, '2018-09-13', '1'),
(2344, 602, 21, '2018-09-13', '1'),
(2345, 568, 21, '2018-09-13', '1'),
(2346, 570, 21, '2018-09-13', '0'),
(2347, 601, 21, '2018-09-13', '1'),
(2348, 567, 21, '2018-09-13', '0'),
(2349, 580, 21, '2018-09-13', '1'),
(2350, 576, 21, '2018-09-13', '1'),
(2351, 560, 21, '2018-09-13', '0'),
(2352, 569, 21, '2018-09-13', '1'),
(2353, 613, 21, '2018-09-13', '0'),
(2354, 610, 21, '2018-09-13', '1'),
(2355, 571, 21, '2018-09-13', '0'),
(2356, 562, 21, '2018-09-13', '1'),
(2357, 586, 21, '2018-09-13', '0'),
(2358, 593, 21, '2018-09-13', '0'),
(2359, 572, 21, '2018-09-13', '1'),
(2360, 599, 21, '2018-09-13', '1'),
(2361, 566, 21, '2018-09-13', '1'),
(2362, 590, 21, '2018-09-13', '0'),
(2363, 591, 21, '2018-09-13', '1'),
(2364, 595, 21, '2018-09-13', '0'),
(2365, 608, 21, '2018-09-13', '0'),
(2366, 607, 21, '2018-09-13', '0'),
(2367, 596, 21, '2018-09-13', '0'),
(2368, 609, 21, '2018-09-13', '0'),
(2369, 581, 21, '2018-09-13', '0'),
(2370, 587, 21, '2018-09-13', '0'),
(2371, 594, 21, '2018-09-13', '0'),
(2372, 584, 21, '2018-09-13', '1'),
(2373, 605, 21, '2018-09-13', '0'),
(2374, 588, 21, '2018-09-13', '1'),
(2375, 592, 21, '2018-09-13', '1'),
(2376, 606, 21, '2018-09-13', '0'),
(2377, 585, 21, '2018-09-13', '0'),
(2378, 598, 21, '2018-09-13', '0'),
(2379, 582, 21, '2018-09-13', '1'),
(2380, 604, 21, '2018-09-13', '0'),
(2381, 589, 21, '2018-09-13', '1'),
(2382, 603, 21, '2018-09-13', '1'),
(2383, 583, 21, '2018-09-13', '0'),
(2384, 597, 21, '2018-09-13', '1'),
(2385, 259, 12, '2018-09-18', '1'),
(2386, 235, 12, '2018-09-18', '1'),
(2387, 240, 12, '2018-09-18', '1'),
(2388, 237, 12, '2018-09-18', '1'),
(2389, 261, 12, '2018-09-18', '1'),
(2390, 262, 12, '2018-09-18', '1'),
(2391, 238, 12, '2018-09-18', '1'),
(2392, 236, 12, '2018-09-18', '1'),
(2393, 239, 12, '2018-09-18', '1'),
(2394, 247, 12, '2018-09-18', '1'),
(2395, 234, 12, '2018-09-18', '1'),
(2396, 255, 12, '2018-09-18', '1'),
(2397, 249, 12, '2018-09-18', '1'),
(2398, 250, 12, '2018-09-18', '1'),
(2399, 256, 12, '2018-09-18', '1'),
(2400, 253, 12, '2018-09-18', '1'),
(2401, 254, 12, '2018-09-18', '1'),
(2402, 248, 12, '2018-09-18', '1'),
(2403, 265, 12, '2018-09-18', '1'),
(2404, 264, 12, '2018-09-18', '0'),
(2405, 263, 12, '2018-09-18', '0'),
(2406, 241, 12, '2018-09-18', '1'),
(2407, 243, 12, '2018-09-18', '1'),
(2408, 267, 12, '2018-09-18', '1'),
(2409, 273, 12, '2018-09-18', '0'),
(2410, 258, 12, '2018-09-18', '1'),
(2411, 233, 12, '2018-09-18', '1'),
(2412, 271, 12, '2018-09-18', '1'),
(2413, 269, 12, '2018-09-18', '1'),
(2414, 257, 12, '2018-09-18', '1'),
(2415, 260, 12, '2018-09-18', '1'),
(2416, 270, 12, '2018-09-18', '1'),
(2417, 272, 12, '2018-09-18', '1'),
(2418, 244, 12, '2018-09-18', '0'),
(2419, 266, 12, '2018-09-18', '1'),
(2420, 246, 12, '2018-09-18', '1'),
(2421, 242, 12, '2018-09-18', '1'),
(2422, 245, 12, '2018-09-18', '1'),
(2423, 268, 12, '2018-09-18', '0'),
(2424, 252, 12, '2018-09-18', '1'),
(2425, 232, 12, '2018-09-18', '1'),
(2426, 251, 12, '2018-09-18', '1'),
(2427, 280, 13, '2018-09-18', '1'),
(2428, 282, 13, '2018-09-18', '1'),
(2429, 283, 13, '2018-09-18', '1'),
(2430, 285, 13, '2018-09-18', '1'),
(2431, 289, 13, '2018-09-18', '1'),
(2432, 291, 13, '2018-09-18', '1'),
(2433, 292, 13, '2018-09-18', '1'),
(2434, 293, 13, '2018-09-18', '1'),
(2435, 294, 13, '2018-09-18', '1'),
(2436, 302, 13, '2018-09-18', '1'),
(2437, 307, 13, '2018-09-18', '1'),
(2438, 309, 13, '2018-09-18', '1'),
(2439, 310, 13, '2018-09-18', '1'),
(2440, 313, 13, '2018-09-18', '1'),
(2441, 276, 13, '2018-09-18', '1'),
(2442, 278, 13, '2018-09-18', '1'),
(2443, 279, 13, '2018-09-18', '1'),
(2444, 281, 13, '2018-09-18', '1'),
(2445, 287, 13, '2018-09-18', '1'),
(2446, 288, 13, '2018-09-18', '1'),
(2447, 290, 13, '2018-09-18', '1'),
(2448, 295, 13, '2018-09-18', '1'),
(2449, 296, 13, '2018-09-18', '1'),
(2450, 297, 13, '2018-09-18', '1'),
(2451, 298, 13, '2018-09-18', '1'),
(2452, 301, 13, '2018-09-18', '1'),
(2453, 303, 13, '2018-09-18', '1'),
(2454, 304, 13, '2018-09-18', '1'),
(2455, 305, 13, '2018-09-18', '1'),
(2456, 306, 13, '2018-09-18', '1'),
(2457, 311, 13, '2018-09-18', '1'),
(2458, 275, 13, '2018-09-18', '1'),
(2459, 316, 13, '2018-09-18', '1'),
(2460, 286, 13, '2018-09-18', '0'),
(2461, 299, 13, '2018-09-18', '0'),
(2462, 300, 13, '2018-09-18', '0'),
(2463, 277, 13, '2018-09-18', '0'),
(2464, 284, 13, '2018-09-18', '0'),
(2465, 550, 13, '2018-09-18', '0'),
(2466, 308, 13, '2018-09-18', '0'),
(2467, 312, 13, '2018-09-18', '0'),
(2468, 314, 13, '2018-09-18', '0'),
(2469, 315, 13, '2018-09-18', '0'),
(2470, 317, 13, '2018-09-18', '0'),
(2471, 114, 14, '2018-09-18', '1'),
(2472, 115, 14, '2018-09-18', '0'),
(2473, 116, 14, '2018-09-18', '1'),
(2474, 117, 14, '2018-09-18', '1'),
(2475, 118, 14, '2018-09-18', '1'),
(2476, 119, 14, '2018-09-18', '1'),
(2477, 120, 14, '2018-09-18', '0'),
(2478, 121, 14, '2018-09-18', '0'),
(2479, 122, 14, '2018-09-18', '1'),
(2480, 123, 14, '2018-09-18', '1'),
(2481, 124, 14, '2018-09-18', '1'),
(2482, 125, 14, '2018-09-18', '1'),
(2483, 126, 14, '2018-09-18', '1'),
(2484, 127, 14, '2018-09-18', '1'),
(2485, 128, 14, '2018-09-18', '1'),
(2486, 129, 14, '2018-09-18', '1'),
(2487, 130, 14, '2018-09-18', '1'),
(2488, 131, 14, '2018-09-18', '1'),
(2489, 132, 14, '2018-09-18', '1'),
(2490, 133, 14, '2018-09-18', '1'),
(2491, 134, 14, '2018-09-18', '1'),
(2492, 135, 14, '2018-09-18', '1'),
(2493, 136, 14, '2018-09-18', '1'),
(2494, 137, 14, '2018-09-18', '1'),
(2495, 92, 14, '2018-09-18', '0'),
(2496, 93, 14, '2018-09-18', '1'),
(2497, 94, 14, '2018-09-18', '1'),
(2498, 95, 14, '2018-09-18', '1'),
(2499, 96, 14, '2018-09-18', '1'),
(2500, 97, 14, '2018-09-18', '1'),
(2501, 98, 14, '2018-09-18', '1'),
(2502, 99, 14, '2018-09-18', '1'),
(2503, 100, 14, '2018-09-18', '1'),
(2504, 101, 14, '2018-09-18', '1'),
(2505, 102, 14, '2018-09-18', '1'),
(2506, 103, 14, '2018-09-18', '1'),
(2507, 104, 14, '2018-09-18', '1'),
(2508, 105, 14, '2018-09-18', '1'),
(2509, 107, 14, '2018-09-18', '1'),
(2510, 106, 14, '2018-09-18', '1'),
(2511, 108, 14, '2018-09-18', '1'),
(2512, 109, 14, '2018-09-18', '1'),
(2513, 110, 14, '2018-09-18', '1'),
(2514, 111, 14, '2018-09-18', '1'),
(2515, 112, 14, '2018-09-18', '0'),
(2516, 113, 14, '2018-09-18', '1'),
(2517, 363, 15, '2018-09-18', '1'),
(2518, 364, 15, '2018-09-18', '1'),
(2519, 549, 15, '2018-09-18', '0'),
(2520, 371, 15, '2018-09-18', '1'),
(2521, 373, 15, '2018-09-18', '1'),
(2522, 374, 15, '2018-09-18', '1'),
(2523, 376, 15, '2018-09-18', '1'),
(2524, 377, 15, '2018-09-18', '1'),
(2525, 378, 15, '2018-09-18', '1'),
(2526, 381, 15, '2018-09-18', '1'),
(2527, 382, 15, '2018-09-18', '1'),
(2528, 385, 15, '2018-09-18', '1'),
(2529, 387, 15, '2018-09-18', '1'),
(2530, 388, 15, '2018-09-18', '1'),
(2531, 390, 15, '2018-09-18', '1'),
(2532, 392, 15, '2018-09-18', '1'),
(2533, 393, 15, '2018-09-18', '1'),
(2534, 397, 15, '2018-09-18', '1'),
(2535, 359, 15, '2018-09-18', '1'),
(2536, 360, 15, '2018-09-18', '1'),
(2537, 399, 15, '2018-09-18', '1'),
(2538, 361, 15, '2018-09-18', '1'),
(2539, 362, 15, '2018-09-18', '1'),
(2540, 398, 15, '2018-09-18', '1'),
(2541, 365, 15, '2018-09-18', '1'),
(2542, 366, 15, '2018-09-18', '1'),
(2543, 400, 15, '2018-09-18', '1'),
(2544, 611, 15, '2018-09-18', '0'),
(2545, 367, 15, '2018-09-18', '1'),
(2546, 368, 15, '2018-09-18', '1'),
(2547, 369, 15, '2018-09-18', '1'),
(2548, 370, 15, '2018-09-18', '1'),
(2549, 375, 15, '2018-09-18', '1'),
(2550, 380, 15, '2018-09-18', '1'),
(2551, 379, 15, '2018-09-18', '1'),
(2552, 372, 15, '2018-09-18', '1'),
(2553, 383, 15, '2018-09-18', '0'),
(2554, 384, 15, '2018-09-18', '1'),
(2555, 386, 15, '2018-09-18', '0'),
(2556, 389, 15, '2018-09-18', '1'),
(2557, 391, 15, '2018-09-18', '1'),
(2558, 394, 15, '2018-09-18', '1'),
(2559, 395, 15, '2018-09-18', '1'),
(2560, 396, 15, '2018-09-18', '1'),
(2561, 138, 16, '2018-09-19', '1'),
(2562, 139, 16, '2018-09-19', '1'),
(2563, 140, 16, '2018-09-19', '1'),
(2564, 141, 16, '2018-09-19', '1'),
(2565, 142, 16, '2018-09-19', '1'),
(2566, 144, 16, '2018-09-19', '1'),
(2567, 145, 16, '2018-09-19', '1'),
(2568, 146, 16, '2018-09-19', '1'),
(2569, 172, 16, '2018-09-19', '1'),
(2570, 147, 16, '2018-09-19', '1'),
(2571, 148, 16, '2018-09-19', '1'),
(2572, 149, 16, '2018-09-19', '0'),
(2573, 150, 16, '2018-09-19', '1'),
(2574, 151, 16, '2018-09-19', '1'),
(2575, 152, 16, '2018-09-19', '1'),
(2576, 153, 16, '2018-09-19', '1'),
(2577, 154, 16, '2018-09-19', '1'),
(2578, 155, 16, '2018-09-19', '1'),
(2579, 157, 16, '2018-09-19', '1'),
(2580, 158, 16, '2018-09-19', '1'),
(2581, 159, 16, '2018-09-19', '1'),
(2582, 160, 16, '2018-09-19', '1'),
(2583, 161, 16, '2018-09-19', '1'),
(2584, 162, 16, '2018-09-19', '1'),
(2585, 163, 16, '2018-09-19', '1'),
(2586, 164, 16, '2018-09-19', '0'),
(2587, 165, 16, '2018-09-19', '1'),
(2588, 166, 16, '2018-09-19', '1'),
(2589, 167, 16, '2018-09-19', '1'),
(2590, 169, 16, '2018-09-19', '1'),
(2591, 143, 16, '2018-09-19', '1'),
(2592, 186, 16, '2018-09-19', '1'),
(2593, 187, 16, '2018-09-19', '1'),
(2594, 171, 16, '2018-09-19', '1'),
(2595, 175, 16, '2018-09-19', '1'),
(2596, 176, 16, '2018-09-19', '1'),
(2597, 156, 16, '2018-09-19', '1'),
(2598, 178, 16, '2018-09-19', '1'),
(2599, 179, 16, '2018-09-19', '1'),
(2600, 180, 16, '2018-09-19', '1'),
(2601, 181, 16, '2018-09-19', '1'),
(2602, 182, 16, '2018-09-19', '1'),
(2603, 183, 16, '2018-09-19', '1'),
(2604, 184, 16, '2018-09-19', '1'),
(2605, 173, 16, '2018-09-19', '1'),
(2606, 168, 16, '2018-09-19', '0'),
(2607, 170, 16, '2018-09-19', '0'),
(2608, 174, 16, '2018-09-19', '0'),
(2609, 177, 16, '2018-09-19', '0'),
(2610, 404, 17, '2018-09-19', '1'),
(2611, 194, 17, '2018-09-19', '1'),
(2612, 193, 17, '2018-09-19', '0'),
(2613, 199, 17, '2018-09-19', '1'),
(2614, 196, 17, '2018-09-19', '0'),
(2615, 207, 17, '2018-09-19', '1'),
(2616, 208, 17, '2018-09-19', '1'),
(2617, 195, 17, '2018-09-19', '1'),
(2618, 204, 17, '2018-09-19', '1'),
(2619, 209, 17, '2018-09-19', '1'),
(2620, 191, 17, '2018-09-19', '1'),
(2621, 403, 17, '2018-09-19', '1'),
(2622, 198, 17, '2018-09-19', '1'),
(2623, 206, 17, '2018-09-19', '1'),
(2624, 205, 17, '2018-09-19', '1'),
(2625, 202, 17, '2018-09-19', '1'),
(2626, 201, 17, '2018-09-19', '0'),
(2627, 210, 17, '2018-09-19', '1'),
(2628, 192, 17, '2018-09-19', '1'),
(2629, 197, 17, '2018-09-19', '1'),
(2630, 200, 17, '2018-09-19', '1'),
(2631, 211, 17, '2018-09-19', '0'),
(2632, 212, 17, '2018-09-19', '1'),
(2633, 405, 17, '2018-09-19', '0'),
(2634, 213, 17, '2018-09-19', '1'),
(2635, 214, 17, '2018-09-19', '1'),
(2636, 215, 17, '2018-09-19', '1'),
(2637, 216, 17, '2018-09-19', '1'),
(2638, 217, 17, '2018-09-19', '1'),
(2639, 203, 17, '2018-09-19', '1'),
(2640, 218, 17, '2018-09-19', '1'),
(2641, 219, 17, '2018-09-19', '0'),
(2642, 401, 17, '2018-09-19', '1'),
(2643, 220, 17, '2018-09-19', '1'),
(2644, 402, 17, '2018-09-19', '1'),
(2645, 221, 17, '2018-09-19', '0'),
(2646, 222, 17, '2018-09-19', '1'),
(2647, 223, 17, '2018-09-19', '1'),
(2648, 224, 17, '2018-09-19', '1'),
(2649, 225, 17, '2018-09-19', '1'),
(2650, 226, 17, '2018-09-19', '1'),
(2651, 189, 17, '2018-09-19', '1'),
(2652, 227, 17, '2018-09-19', '1'),
(2653, 228, 17, '2018-09-19', '1'),
(2654, 229, 17, '2018-09-19', '1'),
(2655, 551, 17, '2018-09-19', '1'),
(2656, 552, 17, '2018-09-19', '0'),
(2657, 230, 17, '2018-09-19', '1'),
(2658, 190, 17, '2018-09-19', '1'),
(2659, 231, 17, '2018-09-19', '0'),
(2660, 406, 18, '2018-09-19', '1'),
(2661, 407, 18, '2018-09-19', '1'),
(2662, 408, 18, '2018-09-19', '1'),
(2663, 411, 18, '2018-09-19', '1'),
(2664, 412, 18, '2018-09-19', '1'),
(2665, 413, 18, '2018-09-19', '1'),
(2666, 414, 18, '2018-09-19', '1'),
(2667, 416, 18, '2018-09-19', '1'),
(2668, 417, 18, '2018-09-19', '1'),
(2669, 422, 18, '2018-09-19', '1'),
(2670, 423, 18, '2018-09-19', '1'),
(2671, 424, 18, '2018-09-19', '1'),
(2672, 425, 18, '2018-09-19', '1'),
(2673, 426, 18, '2018-09-19', '1'),
(2674, 427, 18, '2018-09-19', '1'),
(2675, 428, 18, '2018-09-19', '1'),
(2676, 429, 18, '2018-09-19', '1'),
(2677, 432, 18, '2018-09-19', '1'),
(2678, 433, 18, '2018-09-19', '1'),
(2679, 435, 18, '2018-09-19', '1'),
(2680, 436, 18, '2018-09-19', '1'),
(2681, 437, 18, '2018-09-19', '1'),
(2682, 439, 18, '2018-09-19', '1'),
(2683, 441, 18, '2018-09-19', '1'),
(2684, 442, 18, '2018-09-19', '1'),
(2685, 443, 18, '2018-09-19', '1'),
(2686, 444, 18, '2018-09-19', '1'),
(2687, 446, 18, '2018-09-19', '1'),
(2688, 448, 18, '2018-09-19', '1'),
(2689, 449, 18, '2018-09-19', '1'),
(2690, 450, 18, '2018-09-19', '1'),
(2691, 451, 18, '2018-09-19', '1'),
(2692, 453, 18, '2018-09-19', '1'),
(2693, 409, 18, '2018-09-19', '1'),
(2694, 410, 18, '2018-09-19', '1'),
(2695, 415, 18, '2018-09-19', '1'),
(2696, 418, 18, '2018-09-19', '1'),
(2697, 419, 18, '2018-09-19', '1'),
(2698, 420, 18, '2018-09-19', '1'),
(2699, 421, 18, '2018-09-19', '1'),
(2700, 430, 18, '2018-09-19', '1'),
(2701, 431, 18, '2018-09-19', '1'),
(2702, 434, 18, '2018-09-19', '1'),
(2703, 438, 18, '2018-09-19', '1'),
(2704, 440, 18, '2018-09-19', '1'),
(2705, 553, 18, '2018-09-19', '1'),
(2706, 445, 18, '2018-09-19', '1'),
(2707, 447, 18, '2018-09-19', '1'),
(2708, 452, 18, '2018-09-19', '1'),
(2709, 513, 20, '2018-09-20', '1'),
(2710, 541, 20, '2018-09-20', '0'),
(2711, 505, 20, '2018-09-20', '1'),
(2712, 504, 20, '2018-09-20', '1'),
(2713, 536, 20, '2018-09-20', '1'),
(2714, 511, 20, '2018-09-20', '1'),
(2715, 512, 20, '2018-09-20', '1'),
(2716, 540, 20, '2018-09-20', '0'),
(2717, 535, 20, '2018-09-20', '0'),
(2718, 543, 20, '2018-09-20', '1'),
(2719, 544, 20, '2018-09-20', '0'),
(2720, 542, 20, '2018-09-20', '0'),
(2721, 558, 20, '2018-09-20', '1'),
(2722, 556, 20, '2018-09-20', '1'),
(2723, 538, 20, '2018-09-20', '1'),
(2724, 519, 20, '2018-09-20', '1'),
(2725, 520, 20, '2018-09-20', '1'),
(2726, 524, 20, '2018-09-20', '1'),
(2727, 523, 20, '2018-09-20', '1'),
(2728, 517, 20, '2018-09-20', '1'),
(2729, 521, 20, '2018-09-20', '1'),
(2730, 522, 20, '2018-09-20', '1'),
(2731, 529, 20, '2018-09-20', '1'),
(2732, 518, 20, '2018-09-20', '1'),
(2733, 559, 20, '2018-09-20', '0'),
(2734, 534, 20, '2018-09-20', '1'),
(2735, 545, 20, '2018-09-20', '0'),
(2736, 528, 20, '2018-09-20', '1'),
(2737, 502, 20, '2018-09-20', '1'),
(2738, 503, 20, '2018-09-20', '0'),
(2739, 539, 20, '2018-09-20', '1'),
(2740, 526, 20, '2018-09-20', '1'),
(2741, 531, 20, '2018-09-20', '1'),
(2742, 557, 20, '2018-09-20', '1'),
(2743, 532, 20, '2018-09-20', '1'),
(2744, 507, 20, '2018-09-20', '1'),
(2745, 516, 20, '2018-09-20', '1'),
(2746, 506, 20, '2018-09-20', '0'),
(2747, 527, 20, '2018-09-20', '0'),
(2748, 537, 20, '2018-09-20', '1'),
(2749, 510, 20, '2018-09-20', '1'),
(2750, 525, 20, '2018-09-20', '1'),
(2751, 515, 20, '2018-09-20', '0'),
(2752, 612, 20, '2018-09-20', '1'),
(2753, 548, 20, '2018-09-20', '1'),
(2754, 509, 20, '2018-09-20', '1'),
(2755, 514, 20, '2018-09-20', '1'),
(2756, 533, 20, '2018-09-20', '1'),
(2757, 508, 20, '2018-09-20', '0'),
(2758, 546, 20, '2018-09-20', '0'),
(2759, 547, 20, '2018-09-20', '0'),
(2760, 530, 20, '2018-09-20', '0'),
(2761, 564, 21, '2018-09-20', '1'),
(2762, 565, 21, '2018-09-20', '1'),
(2763, 578, 21, '2018-09-20', '1'),
(2764, 579, 21, '2018-09-20', '1'),
(2765, 575, 21, '2018-09-20', '1'),
(2766, 563, 21, '2018-09-20', '1'),
(2767, 573, 21, '2018-09-20', '1'),
(2768, 574, 21, '2018-09-20', '1'),
(2769, 561, 21, '2018-09-20', '1'),
(2770, 600, 21, '2018-09-20', '1'),
(2771, 577, 21, '2018-09-20', '1'),
(2772, 602, 21, '2018-09-20', '1'),
(2773, 568, 21, '2018-09-20', '1'),
(2774, 570, 21, '2018-09-20', '1'),
(2775, 601, 21, '2018-09-20', '1'),
(2776, 567, 21, '2018-09-20', '1'),
(2777, 580, 21, '2018-09-20', '1'),
(2778, 576, 21, '2018-09-20', '1'),
(2779, 560, 21, '2018-09-20', '1'),
(2780, 569, 21, '2018-09-20', '1'),
(2781, 613, 21, '2018-09-20', '0'),
(2782, 610, 21, '2018-09-20', '1'),
(2783, 571, 21, '2018-09-20', '1'),
(2784, 562, 21, '2018-09-20', '1'),
(2785, 586, 21, '2018-09-20', '1'),
(2786, 593, 21, '2018-09-20', '1'),
(2787, 572, 21, '2018-09-20', '1'),
(2788, 599, 21, '2018-09-20', '1'),
(2789, 566, 21, '2018-09-20', '1'),
(2790, 590, 21, '2018-09-20', '1'),
(2791, 591, 21, '2018-09-20', '1'),
(2792, 595, 21, '2018-09-20', '1'),
(2793, 608, 21, '2018-09-20', '0'),
(2794, 596, 21, '2018-09-20', '1'),
(2795, 607, 21, '2018-09-20', '1'),
(2796, 609, 21, '2018-09-20', '0'),
(2797, 581, 21, '2018-09-20', '1'),
(2798, 587, 21, '2018-09-20', '1'),
(2799, 594, 21, '2018-09-20', '1'),
(2800, 584, 21, '2018-09-20', '1'),
(2801, 605, 21, '2018-09-20', '0'),
(2802, 588, 21, '2018-09-20', '1'),
(2803, 592, 21, '2018-09-20', '1'),
(2804, 606, 21, '2018-09-20', '0'),
(2805, 585, 21, '2018-09-20', '1'),
(2806, 598, 21, '2018-09-20', '1'),
(2807, 582, 21, '2018-09-20', '1'),
(2808, 604, 21, '2018-09-20', '1'),
(2809, 589, 21, '2018-09-20', '1'),
(2810, 603, 21, '2018-09-20', '1'),
(2811, 583, 21, '2018-09-20', '1'),
(2812, 597, 21, '2018-09-20', '1'),
(2813, 32, 10, '2018-09-24', '1'),
(2814, 13, 10, '2018-09-24', '1'),
(2815, 9, 10, '2018-09-24', '1'),
(2816, 44, 10, '2018-09-24', '1'),
(2817, 28, 10, '2018-09-24', '1'),
(2818, 45, 10, '2018-09-24', '1'),
(2819, 19, 10, '2018-09-24', '1'),
(2820, 43, 10, '2018-09-24', '1'),
(2821, 33, 10, '2018-09-24', '1'),
(2822, 4, 10, '2018-09-24', '1'),
(2823, 29, 10, '2018-09-24', '1'),
(2824, 14, 10, '2018-09-24', '1'),
(2825, 17, 10, '2018-09-24', '1'),
(2826, 3, 10, '2018-09-24', '1'),
(2827, 21, 10, '2018-09-24', '1'),
(2828, 22, 10, '2018-09-24', '1'),
(2829, 5, 10, '2018-09-24', '1'),
(2830, 46, 10, '2018-09-24', '1'),
(2831, 11, 10, '2018-09-24', '1'),
(2832, 24, 10, '2018-09-24', '1'),
(2833, 10, 10, '2018-09-24', '1'),
(2834, 37, 10, '2018-09-24', '1'),
(2835, 41, 10, '2018-09-24', '1'),
(2836, 42, 10, '2018-09-24', '1'),
(2837, 8, 10, '2018-09-24', '1'),
(2838, 7, 10, '2018-09-24', '1'),
(2839, 20, 10, '2018-09-24', '1'),
(2840, 39, 10, '2018-09-24', '1'),
(2841, 23, 10, '2018-09-24', '1'),
(2842, 31, 10, '2018-09-24', '1'),
(2843, 12, 10, '2018-09-24', '1'),
(2844, 34, 10, '2018-09-24', '1'),
(2845, 35, 10, '2018-09-24', '1'),
(2846, 15, 10, '2018-09-24', '1'),
(2847, 27, 10, '2018-09-24', '1'),
(2848, 36, 10, '2018-09-24', '1'),
(2849, 18, 10, '2018-09-24', '1'),
(2850, 25, 10, '2018-09-24', '1'),
(2851, 6, 10, '2018-09-24', '1'),
(2852, 30, 10, '2018-09-24', '1'),
(2853, 40, 10, '2018-09-24', '1'),
(2854, 38, 10, '2018-09-24', '0'),
(2855, 26, 10, '2018-09-24', '1'),
(2856, 259, 12, '2018-09-25', '1'),
(2857, 235, 12, '2018-09-25', '1'),
(2858, 240, 12, '2018-09-25', '1'),
(2859, 237, 12, '2018-09-25', '1'),
(2860, 261, 12, '2018-09-25', '1'),
(2861, 262, 12, '2018-09-25', '1'),
(2862, 238, 12, '2018-09-25', '1'),
(2863, 236, 12, '2018-09-25', '1'),
(2864, 239, 12, '2018-09-25', '1'),
(2865, 247, 12, '2018-09-25', '1'),
(2866, 234, 12, '2018-09-25', '1'),
(2867, 255, 12, '2018-09-25', '1'),
(2868, 249, 12, '2018-09-25', '1'),
(2869, 250, 12, '2018-09-25', '1'),
(2870, 256, 12, '2018-09-25', '1'),
(2871, 253, 12, '2018-09-25', '1'),
(2872, 254, 12, '2018-09-25', '1'),
(2873, 248, 12, '2018-09-25', '1'),
(2874, 265, 12, '2018-09-25', '1'),
(2875, 241, 12, '2018-09-25', '0'),
(2876, 243, 12, '2018-09-25', '1'),
(2877, 267, 12, '2018-09-25', '1'),
(2878, 258, 12, '2018-09-25', '1'),
(2879, 233, 12, '2018-09-25', '1'),
(2880, 271, 12, '2018-09-25', '1'),
(2881, 269, 12, '2018-09-25', '1'),
(2882, 257, 12, '2018-09-25', '1'),
(2883, 260, 12, '2018-09-25', '1'),
(2884, 270, 12, '2018-09-25', '1'),
(2885, 272, 12, '2018-09-25', '0'),
(2886, 244, 12, '2018-09-25', '1'),
(2887, 266, 12, '2018-09-25', '1'),
(2888, 246, 12, '2018-09-25', '1'),
(2889, 242, 12, '2018-09-25', '0'),
(2890, 245, 12, '2018-09-25', '1'),
(2891, 268, 12, '2018-09-25', '1'),
(2892, 252, 12, '2018-09-25', '1'),
(2893, 232, 12, '2018-09-25', '1'),
(2894, 251, 12, '2018-09-25', '1'),
(2895, 263, 12, '2018-09-25', '1'),
(2896, 264, 12, '2018-09-25', '0'),
(2897, 273, 12, '2018-09-25', '0'),
(2898, 280, 13, '2018-09-25', '0'),
(2899, 282, 13, '2018-09-25', '1'),
(2900, 285, 13, '2018-09-25', '0'),
(2901, 286, 13, '2018-09-25', '1'),
(2902, 289, 13, '2018-09-25', '1'),
(2903, 291, 13, '2018-09-25', '1'),
(2904, 292, 13, '2018-09-25', '1'),
(2905, 293, 13, '2018-09-25', '1'),
(2906, 294, 13, '2018-09-25', '1'),
(2907, 299, 13, '2018-09-25', '1'),
(2908, 300, 13, '2018-09-25', '1'),
(2909, 302, 13, '2018-09-25', '1'),
(2910, 310, 13, '2018-09-25', '1'),
(2911, 313, 13, '2018-09-25', '1'),
(2912, 316, 13, '2018-09-25', '1'),
(2913, 275, 13, '2018-09-25', '1'),
(2914, 276, 13, '2018-09-25', '1'),
(2915, 277, 13, '2018-09-25', '0'),
(2916, 278, 13, '2018-09-25', '1'),
(2917, 279, 13, '2018-09-25', '1'),
(2918, 281, 13, '2018-09-25', '1'),
(2919, 284, 13, '2018-09-25', '0'),
(2920, 287, 13, '2018-09-25', '1'),
(2921, 550, 13, '2018-09-25', '0'),
(2922, 288, 13, '2018-09-25', '1'),
(2923, 290, 13, '2018-09-25', '1'),
(2924, 295, 13, '2018-09-25', '1'),
(2925, 296, 13, '2018-09-25', '1'),
(2926, 297, 13, '2018-09-25', '1'),
(2927, 298, 13, '2018-09-25', '1'),
(2928, 301, 13, '2018-09-25', '1'),
(2929, 303, 13, '2018-09-25', '1'),
(2930, 304, 13, '2018-09-25', '1'),
(2931, 305, 13, '2018-09-25', '1'),
(2932, 306, 13, '2018-09-25', '1'),
(2933, 308, 13, '2018-09-25', '1'),
(2934, 311, 13, '2018-09-25', '1'),
(2935, 312, 13, '2018-09-25', '1'),
(2936, 314, 13, '2018-09-25', '0'),
(2937, 315, 13, '2018-09-25', '1'),
(2938, 317, 13, '2018-09-25', '1'),
(2939, 309, 13, '2018-09-25', '1'),
(2940, 114, 14, '2018-09-25', '1'),
(2941, 115, 14, '2018-09-25', '0'),
(2942, 116, 14, '2018-09-25', '1'),
(2943, 117, 14, '2018-09-25', '1'),
(2944, 118, 14, '2018-09-25', '1'),
(2945, 119, 14, '2018-09-25', '1'),
(2946, 120, 14, '2018-09-25', '1'),
(2947, 121, 14, '2018-09-25', '1'),
(2948, 122, 14, '2018-09-25', '1'),
(2949, 123, 14, '2018-09-25', '1'),
(2950, 124, 14, '2018-09-25', '1'),
(2951, 125, 14, '2018-09-25', '1'),
(2952, 126, 14, '2018-09-25', '1'),
(2953, 127, 14, '2018-09-25', '1'),
(2954, 128, 14, '2018-09-25', '1'),
(2955, 129, 14, '2018-09-25', '1'),
(2956, 130, 14, '2018-09-25', '0'),
(2957, 131, 14, '2018-09-25', '1'),
(2958, 132, 14, '2018-09-25', '1'),
(2959, 133, 14, '2018-09-25', '1'),
(2960, 134, 14, '2018-09-25', '1'),
(2961, 135, 14, '2018-09-25', '1'),
(2962, 136, 14, '2018-09-25', '1'),
(2963, 137, 14, '2018-09-25', '1'),
(2964, 92, 14, '2018-09-25', '0'),
(2965, 93, 14, '2018-09-25', '1'),
(2966, 94, 14, '2018-09-25', '1'),
(2967, 95, 14, '2018-09-25', '1'),
(2968, 96, 14, '2018-09-25', '1'),
(2969, 97, 14, '2018-09-25', '1'),
(2970, 98, 14, '2018-09-25', '1'),
(2971, 99, 14, '2018-09-25', '1'),
(2972, 100, 14, '2018-09-25', '0'),
(2973, 101, 14, '2018-09-25', '0'),
(2974, 102, 14, '2018-09-25', '1'),
(2975, 103, 14, '2018-09-25', '1'),
(2976, 104, 14, '2018-09-25', '1'),
(2977, 105, 14, '2018-09-25', '1'),
(2978, 107, 14, '2018-09-25', '1'),
(2979, 106, 14, '2018-09-25', '0'),
(2980, 108, 14, '2018-09-25', '1'),
(2981, 109, 14, '2018-09-25', '0'),
(2982, 110, 14, '2018-09-25', '0'),
(2983, 111, 14, '2018-09-25', '0'),
(2984, 112, 14, '2018-09-25', '0'),
(2985, 113, 14, '2018-09-25', '1'),
(2986, 363, 15, '2018-09-25', '1');
INSERT INTO `tbl_attendance` (`id`, `member_id`, `class_id`, `att_date`, `att_status`) VALUES
(2987, 364, 15, '2018-09-25', '1'),
(2988, 549, 15, '2018-09-25', '1'),
(2989, 371, 15, '2018-09-25', '1'),
(2990, 373, 15, '2018-09-25', '1'),
(2991, 374, 15, '2018-09-25', '1'),
(2992, 376, 15, '2018-09-25', '1'),
(2993, 377, 15, '2018-09-25', '1'),
(2994, 378, 15, '2018-09-25', '1'),
(2995, 381, 15, '2018-09-25', '1'),
(2996, 382, 15, '2018-09-25', '1'),
(2997, 385, 15, '2018-09-25', '1'),
(2998, 387, 15, '2018-09-25', '1'),
(2999, 388, 15, '2018-09-25', '1'),
(3000, 390, 15, '2018-09-25', '1'),
(3001, 392, 15, '2018-09-25', '1'),
(3002, 393, 15, '2018-09-25', '1'),
(3003, 397, 15, '2018-09-25', '1'),
(3004, 359, 15, '2018-09-25', '0'),
(3005, 360, 15, '2018-09-25', '1'),
(3006, 399, 15, '2018-09-25', '1'),
(3007, 361, 15, '2018-09-25', '1'),
(3008, 362, 15, '2018-09-25', '1'),
(3009, 398, 15, '2018-09-25', '1'),
(3010, 365, 15, '2018-09-25', '1'),
(3011, 366, 15, '2018-09-25', '1'),
(3012, 400, 15, '2018-09-25', '1'),
(3013, 611, 15, '2018-09-25', '1'),
(3014, 367, 15, '2018-09-25', '1'),
(3015, 368, 15, '2018-09-25', '1'),
(3016, 369, 15, '2018-09-25', '0'),
(3017, 370, 15, '2018-09-25', '1'),
(3018, 375, 15, '2018-09-25', '1'),
(3019, 379, 15, '2018-09-25', '1'),
(3020, 372, 15, '2018-09-25', '0'),
(3021, 383, 15, '2018-09-25', '0'),
(3022, 384, 15, '2018-09-25', '1'),
(3023, 386, 15, '2018-09-25', '0'),
(3024, 389, 15, '2018-09-25', '0'),
(3025, 391, 15, '2018-09-25', '0'),
(3026, 394, 15, '2018-09-25', '1'),
(3027, 395, 15, '2018-09-25', '0'),
(3028, 396, 15, '2018-09-25', '1'),
(3029, 380, 15, '2018-09-25', '0'),
(3030, 138, 16, '2018-09-26', '1'),
(3031, 139, 16, '2018-09-26', '1'),
(3032, 140, 16, '2018-09-26', '1'),
(3033, 141, 16, '2018-09-26', '1'),
(3034, 142, 16, '2018-09-26', '1'),
(3035, 144, 16, '2018-09-26', '1'),
(3036, 145, 16, '2018-09-26', '1'),
(3037, 146, 16, '2018-09-26', '1'),
(3038, 172, 16, '2018-09-26', '1'),
(3039, 147, 16, '2018-09-26', '1'),
(3040, 148, 16, '2018-09-26', '1'),
(3041, 149, 16, '2018-09-26', '1'),
(3042, 150, 16, '2018-09-26', '1'),
(3043, 151, 16, '2018-09-26', '1'),
(3044, 152, 16, '2018-09-26', '1'),
(3045, 153, 16, '2018-09-26', '1'),
(3046, 154, 16, '2018-09-26', '1'),
(3047, 155, 16, '2018-09-26', '1'),
(3048, 157, 16, '2018-09-26', '1'),
(3049, 158, 16, '2018-09-26', '1'),
(3050, 159, 16, '2018-09-26', '1'),
(3051, 160, 16, '2018-09-26', '1'),
(3052, 161, 16, '2018-09-26', '1'),
(3053, 162, 16, '2018-09-26', '1'),
(3054, 163, 16, '2018-09-26', '1'),
(3055, 164, 16, '2018-09-26', '1'),
(3056, 165, 16, '2018-09-26', '1'),
(3057, 166, 16, '2018-09-26', '0'),
(3058, 167, 16, '2018-09-26', '1'),
(3059, 168, 16, '2018-09-26', '1'),
(3060, 169, 16, '2018-09-26', '1'),
(3061, 143, 16, '2018-09-26', '1'),
(3062, 186, 16, '2018-09-26', '1'),
(3063, 170, 16, '2018-09-26', '1'),
(3064, 187, 16, '2018-09-26', '1'),
(3065, 171, 16, '2018-09-26', '1'),
(3066, 173, 16, '2018-09-26', '1'),
(3067, 174, 16, '2018-09-26', '1'),
(3068, 175, 16, '2018-09-26', '1'),
(3069, 176, 16, '2018-09-26', '1'),
(3070, 177, 16, '2018-09-26', '1'),
(3071, 156, 16, '2018-09-26', '1'),
(3072, 178, 16, '2018-09-26', '1'),
(3073, 179, 16, '2018-09-26', '1'),
(3074, 180, 16, '2018-09-26', '1'),
(3075, 181, 16, '2018-09-26', '1'),
(3076, 182, 16, '2018-09-26', '1'),
(3077, 183, 16, '2018-09-26', '1'),
(3078, 184, 16, '2018-09-26', '1'),
(3079, 404, 17, '2018-09-26', '1'),
(3080, 194, 17, '2018-09-26', '0'),
(3081, 193, 17, '2018-09-26', '0'),
(3082, 199, 17, '2018-09-26', '1'),
(3083, 196, 17, '2018-09-26', '1'),
(3084, 207, 17, '2018-09-26', '1'),
(3085, 208, 17, '2018-09-26', '1'),
(3086, 195, 17, '2018-09-26', '1'),
(3087, 204, 17, '2018-09-26', '0'),
(3088, 209, 17, '2018-09-26', '0'),
(3089, 191, 17, '2018-09-26', '1'),
(3090, 403, 17, '2018-09-26', '0'),
(3091, 198, 17, '2018-09-26', '1'),
(3092, 206, 17, '2018-09-26', '0'),
(3093, 205, 17, '2018-09-26', '1'),
(3094, 202, 17, '2018-09-26', '1'),
(3095, 201, 17, '2018-09-26', '1'),
(3096, 210, 17, '2018-09-26', '1'),
(3097, 192, 17, '2018-09-26', '1'),
(3098, 197, 17, '2018-09-26', '1'),
(3099, 200, 17, '2018-09-26', '1'),
(3100, 211, 17, '2018-09-26', '0'),
(3101, 212, 17, '2018-09-26', '1'),
(3102, 405, 17, '2018-09-26', '1'),
(3103, 213, 17, '2018-09-26', '1'),
(3104, 214, 17, '2018-09-26', '1'),
(3105, 215, 17, '2018-09-26', '0'),
(3106, 216, 17, '2018-09-26', '1'),
(3107, 217, 17, '2018-09-26', '1'),
(3108, 203, 17, '2018-09-26', '1'),
(3109, 218, 17, '2018-09-26', '1'),
(3110, 219, 17, '2018-09-26', '1'),
(3111, 401, 17, '2018-09-26', '1'),
(3112, 220, 17, '2018-09-26', '1'),
(3113, 402, 17, '2018-09-26', '1'),
(3114, 221, 17, '2018-09-26', '0'),
(3115, 222, 17, '2018-09-26', '1'),
(3116, 223, 17, '2018-09-26', '1'),
(3117, 224, 17, '2018-09-26', '1'),
(3118, 225, 17, '2018-09-26', '1'),
(3119, 226, 17, '2018-09-26', '1'),
(3120, 189, 17, '2018-09-26', '1'),
(3121, 227, 17, '2018-09-26', '1'),
(3122, 228, 17, '2018-09-26', '1'),
(3123, 229, 17, '2018-09-26', '1'),
(3124, 551, 17, '2018-09-26', '1'),
(3125, 552, 17, '2018-09-26', '0'),
(3126, 230, 17, '2018-09-26', '1'),
(3127, 190, 17, '2018-09-26', '1'),
(3128, 231, 17, '2018-09-26', '0'),
(3129, 406, 18, '2018-09-26', '1'),
(3130, 407, 18, '2018-09-26', '1'),
(3131, 408, 18, '2018-09-26', '1'),
(3132, 411, 18, '2018-09-26', '1'),
(3133, 412, 18, '2018-09-26', '1'),
(3134, 413, 18, '2018-09-26', '1'),
(3135, 414, 18, '2018-09-26', '1'),
(3136, 416, 18, '2018-09-26', '1'),
(3137, 417, 18, '2018-09-26', '1'),
(3138, 422, 18, '2018-09-26', '1'),
(3139, 423, 18, '2018-09-26', '1'),
(3140, 424, 18, '2018-09-26', '1'),
(3141, 425, 18, '2018-09-26', '1'),
(3142, 426, 18, '2018-09-26', '1'),
(3143, 427, 18, '2018-09-26', '1'),
(3144, 428, 18, '2018-09-26', '1'),
(3145, 429, 18, '2018-09-26', '1'),
(3146, 432, 18, '2018-09-26', '1'),
(3147, 433, 18, '2018-09-26', '1'),
(3148, 435, 18, '2018-09-26', '1'),
(3149, 436, 18, '2018-09-26', '1'),
(3150, 437, 18, '2018-09-26', '1'),
(3151, 439, 18, '2018-09-26', '0'),
(3152, 441, 18, '2018-09-26', '1'),
(3153, 442, 18, '2018-09-26', '1'),
(3154, 443, 18, '2018-09-26', '1'),
(3155, 444, 18, '2018-09-26', '1'),
(3156, 446, 18, '2018-09-26', '1'),
(3157, 448, 18, '2018-09-26', '1'),
(3158, 449, 18, '2018-09-26', '1'),
(3159, 450, 18, '2018-09-26', '1'),
(3160, 451, 18, '2018-09-26', '1'),
(3161, 453, 18, '2018-09-26', '1'),
(3162, 409, 18, '2018-09-26', '1'),
(3163, 410, 18, '2018-09-26', '1'),
(3164, 415, 18, '2018-09-26', '1'),
(3165, 418, 18, '2018-09-26', '1'),
(3166, 419, 18, '2018-09-26', '1'),
(3167, 420, 18, '2018-09-26', '1'),
(3168, 421, 18, '2018-09-26', '1'),
(3169, 430, 18, '2018-09-26', '1'),
(3170, 431, 18, '2018-09-26', '1'),
(3171, 434, 18, '2018-09-26', '1'),
(3172, 438, 18, '2018-09-26', '1'),
(3173, 440, 18, '2018-09-26', '1'),
(3174, 553, 18, '2018-09-26', '1'),
(3175, 445, 18, '2018-09-26', '1'),
(3176, 447, 18, '2018-09-26', '1'),
(3177, 452, 18, '2018-09-26', '1'),
(3178, 32, 10, '2018-10-01', '1'),
(3179, 9, 10, '2018-10-01', '1'),
(3180, 44, 10, '2018-10-01', '1'),
(3181, 28, 10, '2018-10-01', '1'),
(3182, 45, 10, '2018-10-01', '1'),
(3183, 19, 10, '2018-10-01', '1'),
(3184, 13, 10, '2018-10-01', '1'),
(3185, 43, 10, '2018-10-01', '1'),
(3186, 33, 10, '2018-10-01', '1'),
(3187, 4, 10, '2018-10-01', '1'),
(3188, 29, 10, '2018-10-01', '1'),
(3189, 14, 10, '2018-10-01', '1'),
(3190, 17, 10, '2018-10-01', '1'),
(3191, 3, 10, '2018-10-01', '1'),
(3192, 21, 10, '2018-10-01', '1'),
(3193, 22, 10, '2018-10-01', '1'),
(3194, 5, 10, '2018-10-01', '1'),
(3195, 46, 10, '2018-10-01', '1'),
(3196, 11, 10, '2018-10-01', '1'),
(3197, 24, 10, '2018-10-01', '1'),
(3198, 10, 10, '2018-10-01', '1'),
(3199, 37, 10, '2018-10-01', '1'),
(3200, 41, 10, '2018-10-01', '1'),
(3201, 42, 10, '2018-10-01', '1'),
(3202, 8, 10, '2018-10-01', '1'),
(3203, 7, 10, '2018-10-01', '1'),
(3204, 20, 10, '2018-10-01', '1'),
(3205, 39, 10, '2018-10-01', '1'),
(3206, 16, 10, '2018-10-01', '1'),
(3207, 23, 10, '2018-10-01', '1'),
(3208, 12, 10, '2018-10-01', '1'),
(3209, 34, 10, '2018-10-01', '1'),
(3210, 35, 10, '2018-10-01', '1'),
(3211, 15, 10, '2018-10-01', '1'),
(3212, 27, 10, '2018-10-01', '1'),
(3213, 36, 10, '2018-10-01', '1'),
(3214, 18, 10, '2018-10-01', '1'),
(3215, 25, 10, '2018-10-01', '1'),
(3216, 6, 10, '2018-10-01', '1'),
(3217, 30, 10, '2018-10-01', '1'),
(3218, 40, 10, '2018-10-01', '0'),
(3219, 38, 10, '2018-10-01', '0'),
(3220, 26, 10, '2018-10-01', '1'),
(3221, 31, 10, '2018-10-01', '1'),
(3222, 47, 11, '2018-10-01', '1'),
(3223, 48, 11, '2018-10-01', '1'),
(3224, 49, 11, '2018-10-01', '1'),
(3225, 71, 11, '2018-10-01', '0'),
(3226, 50, 11, '2018-10-01', '1'),
(3227, 51, 11, '2018-10-01', '0'),
(3228, 52, 11, '2018-10-01', '1'),
(3229, 53, 11, '2018-10-01', '1'),
(3230, 54, 11, '2018-10-01', '1'),
(3231, 55, 11, '2018-10-01', '1'),
(3232, 57, 11, '2018-10-01', '0'),
(3233, 58, 11, '2018-10-01', '1'),
(3234, 78, 11, '2018-10-01', '1'),
(3235, 59, 11, '2018-10-01', '1'),
(3236, 88, 11, '2018-10-01', '1'),
(3237, 60, 11, '2018-10-01', '1'),
(3238, 61, 11, '2018-10-01', '1'),
(3239, 62, 11, '2018-10-01', '1'),
(3240, 63, 11, '2018-10-01', '0'),
(3241, 65, 11, '2018-10-01', '1'),
(3242, 64, 11, '2018-10-01', '1'),
(3243, 90, 11, '2018-10-01', '0'),
(3244, 66, 11, '2018-10-01', '1'),
(3245, 67, 11, '2018-10-01', '1'),
(3246, 68, 11, '2018-10-01', '1'),
(3247, 69, 11, '2018-10-01', '1'),
(3248, 70, 11, '2018-10-01', '1'),
(3249, 87, 11, '2018-10-01', '1'),
(3250, 72, 11, '2018-10-01', '1'),
(3251, 188, 11, '2018-10-01', '0'),
(3252, 56, 11, '2018-10-01', '1'),
(3253, 73, 11, '2018-10-01', '1'),
(3254, 74, 11, '2018-10-01', '1'),
(3255, 75, 11, '2018-10-01', '1'),
(3256, 76, 11, '2018-10-01', '0'),
(3257, 77, 11, '2018-10-01', '1'),
(3258, 79, 11, '2018-10-01', '1'),
(3259, 91, 11, '2018-10-01', '1'),
(3260, 80, 11, '2018-10-01', '0'),
(3261, 81, 11, '2018-10-01', '0'),
(3262, 82, 11, '2018-10-01', '1'),
(3263, 83, 11, '2018-10-01', '0'),
(3264, 84, 11, '2018-10-01', '0'),
(3265, 85, 11, '2018-10-01', '1'),
(3266, 86, 11, '2018-10-01', '1'),
(3267, 89, 11, '2018-10-01', '1'),
(3268, 259, 12, '2018-10-02', '1'),
(3269, 235, 12, '2018-10-02', '1'),
(3270, 240, 12, '2018-10-02', '1'),
(3271, 237, 12, '2018-10-02', '1'),
(3272, 261, 12, '2018-10-02', '1'),
(3273, 262, 12, '2018-10-02', '1'),
(3274, 238, 12, '2018-10-02', '1'),
(3275, 236, 12, '2018-10-02', '1'),
(3276, 239, 12, '2018-10-02', '1'),
(3277, 247, 12, '2018-10-02', '1'),
(3278, 234, 12, '2018-10-02', '1'),
(3279, 255, 12, '2018-10-02', '1'),
(3280, 249, 12, '2018-10-02', '1'),
(3281, 256, 12, '2018-10-02', '1'),
(3282, 253, 12, '2018-10-02', '1'),
(3283, 254, 12, '2018-10-02', '1'),
(3284, 248, 12, '2018-10-02', '1'),
(3285, 265, 12, '2018-10-02', '0'),
(3286, 250, 12, '2018-10-02', '1'),
(3287, 264, 12, '2018-10-02', '0'),
(3288, 241, 12, '2018-10-02', '1'),
(3289, 243, 12, '2018-10-02', '1'),
(3290, 267, 12, '2018-10-02', '1'),
(3291, 233, 12, '2018-10-02', '1'),
(3292, 271, 12, '2018-10-02', '1'),
(3293, 269, 12, '2018-10-02', '1'),
(3294, 257, 12, '2018-10-02', '1'),
(3295, 260, 12, '2018-10-02', '1'),
(3296, 270, 12, '2018-10-02', '0'),
(3297, 272, 12, '2018-10-02', '0'),
(3298, 244, 12, '2018-10-02', '0'),
(3299, 266, 12, '2018-10-02', '1'),
(3300, 246, 12, '2018-10-02', '1'),
(3301, 242, 12, '2018-10-02', '1'),
(3302, 245, 12, '2018-10-02', '1'),
(3303, 268, 12, '2018-10-02', '1'),
(3304, 252, 12, '2018-10-02', '1'),
(3305, 232, 12, '2018-10-02', '1'),
(3306, 251, 12, '2018-10-02', '1'),
(3307, 285, 13, '2018-10-02', '1'),
(3308, 286, 13, '2018-10-02', '1'),
(3309, 291, 13, '2018-10-02', '1'),
(3310, 282, 13, '2018-10-02', '1'),
(3311, 293, 13, '2018-10-02', '1'),
(3312, 294, 13, '2018-10-02', '1'),
(3313, 299, 13, '2018-10-02', '1'),
(3314, 300, 13, '2018-10-02', '0'),
(3315, 313, 13, '2018-10-02', '1'),
(3316, 310, 13, '2018-10-02', '1'),
(3317, 278, 13, '2018-10-02', '1'),
(3318, 279, 13, '2018-10-02', '1'),
(3319, 281, 13, '2018-10-02', '1'),
(3320, 284, 13, '2018-10-02', '0'),
(3321, 287, 13, '2018-10-02', '1'),
(3322, 288, 13, '2018-10-02', '1'),
(3323, 290, 13, '2018-10-02', '1'),
(3324, 295, 13, '2018-10-02', '1'),
(3325, 296, 13, '2018-10-02', '1'),
(3326, 297, 13, '2018-10-02', '1'),
(3327, 298, 13, '2018-10-02', '0'),
(3328, 301, 13, '2018-10-02', '1'),
(3329, 304, 13, '2018-10-02', '1'),
(3330, 305, 13, '2018-10-02', '1'),
(3331, 306, 13, '2018-10-02', '1'),
(3332, 308, 13, '2018-10-02', '1'),
(3333, 311, 13, '2018-10-02', '1'),
(3334, 292, 13, '2018-10-02', '1'),
(3335, 309, 13, '2018-10-02', '1'),
(3336, 303, 13, '2018-10-02', '1'),
(3337, 280, 13, '2018-10-02', '0'),
(3338, 283, 13, '2018-10-02', '0'),
(3339, 289, 13, '2018-10-02', '0'),
(3340, 302, 13, '2018-10-02', '0'),
(3341, 307, 13, '2018-10-02', '0'),
(3342, 316, 13, '2018-10-02', '0'),
(3343, 275, 13, '2018-10-02', '0'),
(3344, 276, 13, '2018-10-02', '1'),
(3345, 277, 13, '2018-10-02', '0'),
(3346, 550, 13, '2018-10-02', '0'),
(3347, 312, 13, '2018-10-02', '0'),
(3348, 314, 13, '2018-10-02', '0'),
(3349, 315, 13, '2018-10-02', '0'),
(3350, 317, 13, '2018-10-02', '0'),
(3351, 363, 15, '2018-10-02', '1'),
(3352, 364, 15, '2018-10-02', '1'),
(3353, 549, 15, '2018-10-02', '1'),
(3354, 371, 15, '2018-10-02', '1'),
(3355, 373, 15, '2018-10-02', '1'),
(3356, 374, 15, '2018-10-02', '1'),
(3357, 376, 15, '2018-10-02', '1'),
(3358, 377, 15, '2018-10-02', '1'),
(3359, 378, 15, '2018-10-02', '1'),
(3360, 381, 15, '2018-10-02', '1'),
(3361, 382, 15, '2018-10-02', '1'),
(3362, 385, 15, '2018-10-02', '1'),
(3363, 387, 15, '2018-10-02', '1'),
(3364, 388, 15, '2018-10-02', '1'),
(3365, 390, 15, '2018-10-02', '1'),
(3366, 392, 15, '2018-10-02', '1'),
(3367, 393, 15, '2018-10-02', '1'),
(3368, 397, 15, '2018-10-02', '1'),
(3369, 359, 15, '2018-10-02', '1'),
(3370, 360, 15, '2018-10-02', '1'),
(3371, 399, 15, '2018-10-02', '1'),
(3372, 361, 15, '2018-10-02', '0'),
(3373, 362, 15, '2018-10-02', '0'),
(3374, 398, 15, '2018-10-02', '1'),
(3375, 365, 15, '2018-10-02', '1'),
(3376, 366, 15, '2018-10-02', '1'),
(3377, 400, 15, '2018-10-02', '1'),
(3378, 611, 15, '2018-10-02', '1'),
(3379, 367, 15, '2018-10-02', '1'),
(3380, 368, 15, '2018-10-02', '1'),
(3381, 369, 15, '2018-10-02', '0'),
(3382, 370, 15, '2018-10-02', '1'),
(3383, 375, 15, '2018-10-02', '1'),
(3384, 380, 15, '2018-10-02', '0'),
(3385, 379, 15, '2018-10-02', '1'),
(3386, 372, 15, '2018-10-02', '1'),
(3387, 383, 15, '2018-10-02', '0'),
(3388, 384, 15, '2018-10-02', '1'),
(3389, 386, 15, '2018-10-02', '0'),
(3390, 389, 15, '2018-10-02', '0'),
(3391, 391, 15, '2018-10-02', '1'),
(3392, 394, 15, '2018-10-02', '1'),
(3393, 395, 15, '2018-10-02', '1'),
(3394, 396, 15, '2018-10-02', '1'),
(3395, 138, 16, '2018-10-03', '1'),
(3396, 139, 16, '2018-10-03', '1'),
(3397, 140, 16, '2018-10-03', '1'),
(3398, 141, 16, '2018-10-03', '1'),
(3399, 142, 16, '2018-10-03', '1'),
(3400, 144, 16, '2018-10-03', '1'),
(3401, 145, 16, '2018-10-03', '1'),
(3402, 146, 16, '2018-10-03', '1'),
(3403, 172, 16, '2018-10-03', '1'),
(3404, 147, 16, '2018-10-03', '1'),
(3405, 148, 16, '2018-10-03', '1'),
(3406, 149, 16, '2018-10-03', '1'),
(3407, 150, 16, '2018-10-03', '1'),
(3408, 151, 16, '2018-10-03', '1'),
(3409, 152, 16, '2018-10-03', '1'),
(3410, 153, 16, '2018-10-03', '1'),
(3411, 154, 16, '2018-10-03', '1'),
(3412, 155, 16, '2018-10-03', '1'),
(3413, 157, 16, '2018-10-03', '1'),
(3414, 158, 16, '2018-10-03', '1'),
(3415, 159, 16, '2018-10-03', '1'),
(3416, 160, 16, '2018-10-03', '1'),
(3417, 161, 16, '2018-10-03', '0'),
(3418, 162, 16, '2018-10-03', '0'),
(3419, 163, 16, '2018-10-03', '1'),
(3420, 164, 16, '2018-10-03', '0'),
(3421, 166, 16, '2018-10-03', '1'),
(3422, 167, 16, '2018-10-03', '1'),
(3423, 168, 16, '2018-10-03', '1'),
(3424, 169, 16, '2018-10-03', '1'),
(3425, 143, 16, '2018-10-03', '1'),
(3426, 186, 16, '2018-10-03', '1'),
(3427, 170, 16, '2018-10-03', '0'),
(3428, 187, 16, '2018-10-03', '1'),
(3429, 171, 16, '2018-10-03', '1'),
(3430, 173, 16, '2018-10-03', '1'),
(3431, 174, 16, '2018-10-03', '1'),
(3432, 175, 16, '2018-10-03', '1'),
(3433, 176, 16, '2018-10-03', '0'),
(3434, 177, 16, '2018-10-03', '1'),
(3435, 156, 16, '2018-10-03', '0'),
(3436, 178, 16, '2018-10-03', '1'),
(3437, 179, 16, '2018-10-03', '1'),
(3438, 180, 16, '2018-10-03', '1'),
(3439, 181, 16, '2018-10-03', '1'),
(3440, 182, 16, '2018-10-03', '1'),
(3441, 183, 16, '2018-10-03', '1'),
(3442, 184, 16, '2018-10-03', '1'),
(3443, 165, 16, '2018-10-03', '1'),
(3444, 404, 17, '2018-10-03', '1'),
(3445, 194, 17, '2018-10-03', '0'),
(3446, 193, 17, '2018-10-03', '0'),
(3447, 199, 17, '2018-10-03', '1'),
(3448, 196, 17, '2018-10-03', '0'),
(3449, 207, 17, '2018-10-03', '1'),
(3450, 208, 17, '2018-10-03', '1'),
(3451, 195, 17, '2018-10-03', '1'),
(3452, 204, 17, '2018-10-03', '1'),
(3453, 209, 17, '2018-10-03', '1'),
(3454, 191, 17, '2018-10-03', '1'),
(3455, 403, 17, '2018-10-03', '1'),
(3456, 198, 17, '2018-10-03', '0'),
(3457, 206, 17, '2018-10-03', '1'),
(3458, 205, 17, '2018-10-03', '0'),
(3459, 202, 17, '2018-10-03', '1'),
(3460, 201, 17, '2018-10-03', '1'),
(3461, 210, 17, '2018-10-03', '1'),
(3462, 192, 17, '2018-10-03', '0'),
(3463, 197, 17, '2018-10-03', '0'),
(3464, 200, 17, '2018-10-03', '1'),
(3465, 211, 17, '2018-10-03', '1'),
(3466, 405, 17, '2018-10-03', '0'),
(3467, 213, 17, '2018-10-03', '1'),
(3468, 214, 17, '2018-10-03', '1'),
(3469, 215, 17, '2018-10-03', '1'),
(3470, 217, 17, '2018-10-03', '0'),
(3471, 203, 17, '2018-10-03', '1'),
(3472, 218, 17, '2018-10-03', '1'),
(3473, 219, 17, '2018-10-03', '0'),
(3474, 401, 17, '2018-10-03', '1'),
(3475, 220, 17, '2018-10-03', '1'),
(3476, 402, 17, '2018-10-03', '1'),
(3477, 221, 17, '2018-10-03', '0'),
(3478, 222, 17, '2018-10-03', '1'),
(3479, 223, 17, '2018-10-03', '1'),
(3480, 224, 17, '2018-10-03', '1'),
(3481, 225, 17, '2018-10-03', '1'),
(3482, 226, 17, '2018-10-03', '1'),
(3483, 189, 17, '2018-10-03', '1'),
(3484, 227, 17, '2018-10-03', '1'),
(3485, 228, 17, '2018-10-03', '1'),
(3486, 229, 17, '2018-10-03', '1'),
(3487, 551, 17, '2018-10-03', '1'),
(3488, 216, 17, '2018-10-03', '1'),
(3489, 212, 17, '2018-10-03', '1'),
(3490, 552, 17, '2018-10-03', '0'),
(3491, 230, 17, '2018-10-03', '1'),
(3492, 190, 17, '2018-10-03', '1'),
(3493, 231, 17, '2018-10-03', '1'),
(3494, 406, 18, '2018-10-03', '1'),
(3495, 407, 18, '2018-10-03', '0'),
(3496, 408, 18, '2018-10-03', '1'),
(3497, 411, 18, '2018-10-03', '1'),
(3498, 412, 18, '2018-10-03', '1'),
(3499, 413, 18, '2018-10-03', '1'),
(3500, 414, 18, '2018-10-03', '1'),
(3501, 416, 18, '2018-10-03', '1'),
(3502, 417, 18, '2018-10-03', '1'),
(3503, 422, 18, '2018-10-03', '1'),
(3504, 423, 18, '2018-10-03', '1'),
(3505, 424, 18, '2018-10-03', '1'),
(3506, 425, 18, '2018-10-03', '1'),
(3507, 426, 18, '2018-10-03', '1'),
(3508, 427, 18, '2018-10-03', '1'),
(3509, 428, 18, '2018-10-03', '1'),
(3510, 429, 18, '2018-10-03', '1'),
(3511, 432, 18, '2018-10-03', '1'),
(3512, 433, 18, '2018-10-03', '1'),
(3513, 435, 18, '2018-10-03', '1'),
(3514, 436, 18, '2018-10-03', '0'),
(3515, 437, 18, '2018-10-03', '1'),
(3516, 439, 18, '2018-10-03', '1'),
(3517, 441, 18, '2018-10-03', '1'),
(3518, 442, 18, '2018-10-03', '1'),
(3519, 443, 18, '2018-10-03', '1'),
(3520, 444, 18, '2018-10-03', '1'),
(3521, 446, 18, '2018-10-03', '1'),
(3522, 448, 18, '2018-10-03', '1'),
(3523, 449, 18, '2018-10-03', '1'),
(3524, 450, 18, '2018-10-03', '1'),
(3525, 451, 18, '2018-10-03', '1'),
(3526, 453, 18, '2018-10-03', '1'),
(3527, 409, 18, '2018-10-03', '1'),
(3528, 410, 18, '2018-10-03', '0'),
(3529, 415, 18, '2018-10-03', '1'),
(3530, 418, 18, '2018-10-03', '1'),
(3531, 419, 18, '2018-10-03', '1'),
(3532, 420, 18, '2018-10-03', '0'),
(3533, 421, 18, '2018-10-03', '0'),
(3534, 430, 18, '2018-10-03', '1'),
(3535, 431, 18, '2018-10-03', '1'),
(3536, 434, 18, '2018-10-03', '1'),
(3537, 438, 18, '2018-10-03', '1'),
(3538, 440, 18, '2018-10-03', '1'),
(3539, 553, 18, '2018-10-03', '1'),
(3540, 445, 18, '2018-10-03', '1'),
(3541, 447, 18, '2018-10-03', '1'),
(3542, 452, 18, '2018-10-03', '1'),
(3543, 454, 19, '2018-01-04', '1'),
(3544, 457, 19, '2018-01-04', '1'),
(3545, 555, 19, '2018-01-04', '0'),
(3546, 460, 19, '2018-01-04', '1'),
(3547, 461, 19, '2018-01-04', '1'),
(3548, 462, 19, '2018-01-04', '1'),
(3549, 465, 19, '2018-01-04', '1'),
(3550, 469, 19, '2018-01-04', '0'),
(3551, 472, 19, '2018-01-04', '1'),
(3552, 473, 19, '2018-01-04', '1'),
(3553, 474, 19, '2018-01-04', '1'),
(3554, 476, 19, '2018-01-04', '1'),
(3555, 480, 19, '2018-01-04', '1'),
(3556, 482, 19, '2018-01-04', '0'),
(3557, 484, 19, '2018-01-04', '1'),
(3558, 485, 19, '2018-01-04', '1'),
(3559, 486, 19, '2018-01-04', '1'),
(3560, 487, 19, '2018-01-04', '1'),
(3561, 488, 19, '2018-01-04', '1'),
(3562, 494, 19, '2018-01-04', '1'),
(3563, 495, 19, '2018-01-04', '1'),
(3564, 497, 19, '2018-01-04', '1'),
(3565, 499, 19, '2018-01-04', '0'),
(3566, 500, 19, '2018-01-04', '1'),
(3567, 455, 19, '2018-01-04', '0'),
(3568, 456, 19, '2018-01-04', '0'),
(3569, 458, 19, '2018-01-04', '1'),
(3570, 459, 19, '2018-01-04', '1'),
(3571, 463, 19, '2018-01-04', '0'),
(3572, 464, 19, '2018-01-04', '0'),
(3573, 466, 19, '2018-01-04', '1'),
(3574, 467, 19, '2018-01-04', '1'),
(3575, 468, 19, '2018-01-04', '1'),
(3576, 470, 19, '2018-01-04', '1'),
(3577, 471, 19, '2018-01-04', '0'),
(3578, 475, 19, '2018-01-04', '1'),
(3579, 477, 19, '2018-01-04', '1'),
(3580, 478, 19, '2018-01-04', '1'),
(3581, 479, 19, '2018-01-04', '1'),
(3582, 481, 19, '2018-01-04', '1'),
(3583, 483, 19, '2018-01-04', '1'),
(3584, 554, 19, '2018-01-04', '1'),
(3585, 489, 19, '2018-01-04', '0'),
(3586, 490, 19, '2018-01-04', '1'),
(3587, 491, 19, '2018-01-04', '1'),
(3588, 492, 19, '2018-01-04', '1'),
(3589, 493, 19, '2018-01-04', '1'),
(3590, 496, 19, '2018-01-04', '1'),
(3591, 498, 19, '2018-01-04', '0'),
(3592, 501, 19, '2018-01-04', '1'),
(3593, 513, 20, '2018-10-04', '1'),
(3594, 541, 20, '2018-10-04', '0'),
(3595, 505, 20, '2018-10-04', '1'),
(3596, 504, 20, '2018-10-04', '1'),
(3597, 511, 20, '2018-10-04', '1'),
(3598, 512, 20, '2018-10-04', '1'),
(3599, 540, 20, '2018-10-04', '1'),
(3600, 535, 20, '2018-10-04', '1'),
(3601, 543, 20, '2018-10-04', '1'),
(3602, 544, 20, '2018-10-04', '1'),
(3603, 558, 20, '2018-10-04', '1'),
(3604, 556, 20, '2018-10-04', '1'),
(3605, 519, 20, '2018-10-04', '1'),
(3606, 524, 20, '2018-10-04', '1'),
(3607, 523, 20, '2018-10-04', '1'),
(3608, 517, 20, '2018-10-04', '1'),
(3609, 521, 20, '2018-10-04', '1'),
(3610, 522, 20, '2018-10-04', '1'),
(3611, 529, 20, '2018-10-04', '1'),
(3612, 518, 20, '2018-10-04', '1'),
(3613, 559, 20, '2018-10-04', '0'),
(3614, 503, 20, '2018-10-04', '1'),
(3615, 528, 20, '2018-10-04', '1'),
(3616, 502, 20, '2018-10-04', '1'),
(3617, 526, 20, '2018-10-04', '1'),
(3618, 557, 20, '2018-10-04', '1'),
(3619, 506, 20, '2018-10-04', '1'),
(3620, 527, 20, '2018-10-04', '1'),
(3621, 537, 20, '2018-10-04', '1'),
(3622, 510, 20, '2018-10-04', '1'),
(3623, 525, 20, '2018-10-04', '1'),
(3624, 515, 20, '2018-10-04', '0'),
(3625, 612, 20, '2018-10-04', '1'),
(3626, 548, 20, '2018-10-04', '1'),
(3627, 514, 20, '2018-10-04', '1'),
(3628, 533, 20, '2018-10-04', '1'),
(3629, 546, 20, '2018-10-04', '1'),
(3630, 539, 20, '2018-10-04', '1'),
(3631, 536, 20, '2018-10-04', '1'),
(3632, 542, 20, '2018-10-04', '1'),
(3633, 538, 20, '2018-10-04', '1'),
(3634, 520, 20, '2018-10-04', '1'),
(3635, 534, 20, '2018-10-04', '1'),
(3636, 545, 20, '2018-10-04', '1'),
(3637, 531, 20, '2018-10-04', '1'),
(3638, 532, 20, '2018-10-04', '1'),
(3639, 507, 20, '2018-10-04', '1'),
(3640, 516, 20, '2018-10-04', '1'),
(3641, 509, 20, '2018-10-04', '1'),
(3642, 508, 20, '2018-10-04', '0'),
(3643, 530, 20, '2018-10-04', '1'),
(3644, 547, 20, '2018-10-04', '0'),
(3645, 564, 21, '2018-10-04', '1'),
(3646, 565, 21, '2018-10-04', '1'),
(3647, 578, 21, '2018-10-04', '1'),
(3648, 579, 21, '2018-10-04', '1'),
(3649, 575, 21, '2018-10-04', '1'),
(3650, 563, 21, '2018-10-04', '0'),
(3651, 573, 21, '2018-10-04', '1'),
(3652, 574, 21, '2018-10-04', '1'),
(3653, 561, 21, '2018-10-04', '0'),
(3654, 600, 21, '2018-10-04', '1'),
(3655, 577, 21, '2018-10-04', '1'),
(3656, 602, 21, '2018-10-04', '1'),
(3657, 568, 21, '2018-10-04', '1'),
(3658, 570, 21, '2018-10-04', '0'),
(3659, 601, 21, '2018-10-04', '1'),
(3660, 567, 21, '2018-10-04', '1'),
(3661, 580, 21, '2018-10-04', '1'),
(3662, 576, 21, '2018-10-04', '1'),
(3663, 560, 21, '2018-10-04', '0'),
(3664, 569, 21, '2018-10-04', '1'),
(3665, 613, 21, '2018-10-04', '0'),
(3666, 610, 21, '2018-10-04', '1'),
(3667, 571, 21, '2018-10-04', '1'),
(3668, 562, 21, '2018-10-04', '0'),
(3669, 586, 21, '2018-10-04', '1'),
(3670, 593, 21, '2018-10-04', '1'),
(3671, 572, 21, '2018-10-04', '1'),
(3672, 599, 21, '2018-10-04', '1'),
(3673, 566, 21, '2018-10-04', '1'),
(3674, 590, 21, '2018-10-04', '0'),
(3675, 591, 21, '2018-10-04', '1'),
(3676, 595, 21, '2018-10-04', '1'),
(3677, 608, 21, '2018-10-04', '1'),
(3678, 607, 21, '2018-10-04', '1'),
(3679, 596, 21, '2018-10-04', '1'),
(3680, 609, 21, '2018-10-04', '0'),
(3681, 581, 21, '2018-10-04', '1'),
(3682, 587, 21, '2018-10-04', '1'),
(3683, 594, 21, '2018-10-04', '1'),
(3684, 584, 21, '2018-10-04', '1'),
(3685, 605, 21, '2018-10-04', '1'),
(3686, 588, 21, '2018-10-04', '1'),
(3687, 592, 21, '2018-10-04', '1'),
(3688, 606, 21, '2018-10-04', '1'),
(3689, 585, 21, '2018-10-04', '1'),
(3690, 598, 21, '2018-10-04', '1'),
(3691, 582, 21, '2018-10-04', '1'),
(3692, 604, 21, '2018-10-04', '1'),
(3693, 589, 21, '2018-10-04', '0'),
(3694, 603, 21, '2018-10-04', '1'),
(3695, 583, 21, '2018-10-04', '0'),
(3696, 597, 21, '2018-10-04', '1'),
(3697, 32, 10, '2018-10-08', '1'),
(3698, 13, 10, '2018-10-08', '1'),
(3699, 9, 10, '2018-10-08', '1'),
(3700, 44, 10, '2018-10-08', '1'),
(3701, 28, 10, '2018-10-08', '1'),
(3702, 45, 10, '2018-10-08', '1'),
(3703, 19, 10, '2018-10-08', '1'),
(3704, 43, 10, '2018-10-08', '1'),
(3705, 33, 10, '2018-10-08', '1'),
(3706, 4, 10, '2018-10-08', '1'),
(3707, 14, 10, '2018-10-08', '1'),
(3708, 17, 10, '2018-10-08', '1'),
(3709, 3, 10, '2018-10-08', '1'),
(3710, 22, 10, '2018-10-08', '1'),
(3711, 5, 10, '2018-10-08', '1'),
(3712, 46, 10, '2018-10-08', '1'),
(3713, 11, 10, '2018-10-08', '1'),
(3714, 24, 10, '2018-10-08', '1'),
(3715, 10, 10, '2018-10-08', '1'),
(3716, 37, 10, '2018-10-08', '1'),
(3717, 41, 10, '2018-10-08', '1'),
(3718, 42, 10, '2018-10-08', '1'),
(3719, 8, 10, '2018-10-08', '1'),
(3720, 7, 10, '2018-10-08', '1'),
(3721, 20, 10, '2018-10-08', '1'),
(3722, 39, 10, '2018-10-08', '1'),
(3723, 16, 10, '2018-10-08', '1'),
(3724, 23, 10, '2018-10-08', '1'),
(3725, 31, 10, '2018-10-08', '1'),
(3726, 12, 10, '2018-10-08', '1'),
(3727, 34, 10, '2018-10-08', '1'),
(3728, 35, 10, '2018-10-08', '1'),
(3729, 15, 10, '2018-10-08', '1'),
(3730, 27, 10, '2018-10-08', '1'),
(3731, 36, 10, '2018-10-08', '1'),
(3732, 18, 10, '2018-10-08', '1'),
(3733, 25, 10, '2018-10-08', '1'),
(3734, 6, 10, '2018-10-08', '1'),
(3735, 30, 10, '2018-10-08', '1'),
(3736, 40, 10, '2018-10-08', '1'),
(3737, 38, 10, '2018-10-08', '0'),
(3738, 26, 10, '2018-10-08', '1'),
(3739, 29, 10, '2018-10-08', '1'),
(3740, 21, 10, '2018-10-08', '1'),
(3741, 47, 11, '2018-10-08', '1'),
(3742, 48, 11, '2018-10-08', '1'),
(3743, 49, 11, '2018-10-08', '1'),
(3744, 71, 11, '2018-10-08', '0'),
(3745, 50, 11, '2018-10-08', '0'),
(3746, 51, 11, '2018-10-08', '0'),
(3747, 52, 11, '2018-10-08', '1'),
(3748, 53, 11, '2018-10-08', '1'),
(3749, 54, 11, '2018-10-08', '1'),
(3750, 55, 11, '2018-10-08', '1'),
(3751, 57, 11, '2018-10-08', '1'),
(3752, 58, 11, '2018-10-08', '1'),
(3753, 78, 11, '2018-10-08', '1'),
(3754, 59, 11, '2018-10-08', '1'),
(3755, 88, 11, '2018-10-08', '1'),
(3756, 60, 11, '2018-10-08', '1'),
(3757, 61, 11, '2018-10-08', '1'),
(3758, 62, 11, '2018-10-08', '1'),
(3759, 63, 11, '2018-10-08', '1'),
(3760, 65, 11, '2018-10-08', '1'),
(3761, 64, 11, '2018-10-08', '1'),
(3762, 90, 11, '2018-10-08', '0'),
(3763, 66, 11, '2018-10-08', '1'),
(3764, 67, 11, '2018-10-08', '1'),
(3765, 68, 11, '2018-10-08', '1'),
(3766, 69, 11, '2018-10-08', '0'),
(3767, 70, 11, '2018-10-08', '1'),
(3768, 87, 11, '2018-10-08', '1'),
(3769, 72, 11, '2018-10-08', '1'),
(3770, 188, 11, '2018-10-08', '0'),
(3771, 56, 11, '2018-10-08', '1'),
(3772, 73, 11, '2018-10-08', '1'),
(3773, 74, 11, '2018-10-08', '1'),
(3774, 75, 11, '2018-10-08', '1'),
(3775, 76, 11, '2018-10-08', '1'),
(3776, 77, 11, '2018-10-08', '1'),
(3777, 79, 11, '2018-10-08', '1'),
(3778, 91, 11, '2018-10-08', '1'),
(3779, 80, 11, '2018-10-08', '0'),
(3780, 81, 11, '2018-10-08', '1'),
(3781, 82, 11, '2018-10-08', '1'),
(3782, 83, 11, '2018-10-08', '1'),
(3783, 84, 11, '2018-10-08', '0'),
(3784, 85, 11, '2018-10-08', '1'),
(3785, 86, 11, '2018-10-08', '1'),
(3786, 89, 11, '2018-10-08', '1'),
(3787, 259, 12, '2018-10-09', '1'),
(3788, 235, 12, '2018-10-09', '1'),
(3789, 240, 12, '2018-10-09', '0'),
(3790, 237, 12, '2018-10-09', '1'),
(3791, 261, 12, '2018-10-09', '1'),
(3792, 262, 12, '2018-10-09', '1'),
(3793, 238, 12, '2018-10-09', '1'),
(3794, 236, 12, '2018-10-09', '1'),
(3795, 239, 12, '2018-10-09', '1'),
(3796, 247, 12, '2018-10-09', '1'),
(3797, 234, 12, '2018-10-09', '1'),
(3798, 255, 12, '2018-10-09', '1'),
(3799, 249, 12, '2018-10-09', '1'),
(3800, 250, 12, '2018-10-09', '1'),
(3801, 256, 12, '2018-10-09', '1'),
(3802, 253, 12, '2018-10-09', '1'),
(3803, 254, 12, '2018-10-09', '1'),
(3804, 248, 12, '2018-10-09', '1'),
(3805, 264, 12, '2018-10-09', '0'),
(3806, 243, 12, '2018-10-09', '1'),
(3807, 267, 12, '2018-10-09', '1'),
(3808, 233, 12, '2018-10-09', '1'),
(3809, 271, 12, '2018-10-09', '1'),
(3810, 269, 12, '2018-10-09', '1'),
(3811, 257, 12, '2018-10-09', '1'),
(3812, 260, 12, '2018-10-09', '1'),
(3813, 270, 12, '2018-10-09', '1'),
(3814, 272, 12, '2018-10-09', '1'),
(3815, 244, 12, '2018-10-09', '1'),
(3816, 266, 12, '2018-10-09', '1'),
(3817, 246, 12, '2018-10-09', '1'),
(3818, 245, 12, '2018-10-09', '1'),
(3819, 268, 12, '2018-10-09', '1'),
(3820, 252, 12, '2018-10-09', '1'),
(3821, 232, 12, '2018-10-09', '1'),
(3822, 251, 12, '2018-10-09', '1'),
(3823, 258, 12, '2018-10-09', '1'),
(3824, 265, 12, '2018-10-09', '1'),
(3825, 263, 12, '2018-10-09', '0'),
(3826, 241, 12, '2018-10-09', '0'),
(3827, 273, 12, '2018-10-09', '0'),
(3828, 242, 12, '2018-10-09', '0'),
(3829, 457, 19, '2018-10-11', '1'),
(3830, 555, 19, '2018-10-11', '0'),
(3831, 460, 19, '2018-10-11', '1'),
(3832, 461, 19, '2018-10-11', '1'),
(3833, 462, 19, '2018-10-11', '1'),
(3834, 465, 19, '2018-10-11', '1'),
(3835, 469, 19, '2018-10-11', '1'),
(3836, 472, 19, '2018-10-11', '1'),
(3837, 473, 19, '2018-10-11', '0'),
(3838, 474, 19, '2018-10-11', '0'),
(3839, 476, 19, '2018-10-11', '1'),
(3840, 480, 19, '2018-10-11', '0'),
(3841, 482, 19, '2018-10-11', '1'),
(3842, 484, 19, '2018-10-11', '1'),
(3843, 485, 19, '2018-10-11', '1'),
(3844, 486, 19, '2018-10-11', '1'),
(3845, 487, 19, '2018-10-11', '1'),
(3846, 488, 19, '2018-10-11', '1'),
(3847, 494, 19, '2018-10-11', '1'),
(3848, 495, 19, '2018-10-11', '1'),
(3849, 497, 19, '2018-10-11', '1'),
(3850, 499, 19, '2018-10-11', '0'),
(3851, 500, 19, '2018-10-11', '0'),
(3852, 455, 19, '2018-10-11', '0'),
(3853, 456, 19, '2018-10-11', '0'),
(3854, 458, 19, '2018-10-11', '1'),
(3855, 459, 19, '2018-10-11', '1'),
(3856, 463, 19, '2018-10-11', '1'),
(3857, 464, 19, '2018-10-11', '0'),
(3858, 466, 19, '2018-10-11', '1'),
(3859, 467, 19, '2018-10-11', '1'),
(3860, 468, 19, '2018-10-11', '1'),
(3861, 470, 19, '2018-10-11', '1'),
(3862, 471, 19, '2018-10-11', '1'),
(3863, 475, 19, '2018-10-11', '1'),
(3864, 477, 19, '2018-10-11', '1'),
(3865, 478, 19, '2018-10-11', '1'),
(3866, 479, 19, '2018-10-11', '1'),
(3867, 481, 19, '2018-10-11', '0'),
(3868, 483, 19, '2018-10-11', '1'),
(3869, 554, 19, '2018-10-11', '1'),
(3870, 489, 19, '2018-10-11', '1'),
(3871, 490, 19, '2018-10-11', '1'),
(3872, 491, 19, '2018-10-11', '1'),
(3873, 492, 19, '2018-10-11', '1'),
(3874, 493, 19, '2018-10-11', '1'),
(3875, 496, 19, '2018-10-11', '1'),
(3876, 454, 19, '2018-10-11', '1'),
(3877, 498, 19, '2018-10-11', '1'),
(3878, 501, 19, '2018-10-11', '0'),
(3879, 513, 20, '2018-10-11', '1'),
(3880, 541, 20, '2018-10-11', '0'),
(3881, 505, 20, '2018-10-11', '1'),
(3882, 504, 20, '2018-10-11', '1'),
(3883, 536, 20, '2018-10-11', '1'),
(3884, 511, 20, '2018-10-11', '1'),
(3885, 512, 20, '2018-10-11', '1'),
(3886, 540, 20, '2018-10-11', '1'),
(3887, 543, 20, '2018-10-11', '0'),
(3888, 544, 20, '2018-10-11', '0'),
(3889, 542, 20, '2018-10-11', '1'),
(3890, 558, 20, '2018-10-11', '1'),
(3891, 556, 20, '2018-10-11', '1'),
(3892, 538, 20, '2018-10-11', '1'),
(3893, 519, 20, '2018-10-11', '1'),
(3894, 520, 20, '2018-10-11', '1'),
(3895, 524, 20, '2018-10-11', '1'),
(3896, 523, 20, '2018-10-11', '1'),
(3897, 517, 20, '2018-10-11', '1'),
(3898, 521, 20, '2018-10-11', '1'),
(3899, 522, 20, '2018-10-11', '1'),
(3900, 529, 20, '2018-10-11', '1'),
(3901, 518, 20, '2018-10-11', '1'),
(3902, 559, 20, '2018-10-11', '0'),
(3903, 534, 20, '2018-10-11', '1'),
(3904, 545, 20, '2018-10-11', '0'),
(3905, 503, 20, '2018-10-11', '1'),
(3906, 528, 20, '2018-10-11', '1'),
(3907, 502, 20, '2018-10-11', '1'),
(3908, 539, 20, '2018-10-11', '1'),
(3909, 526, 20, '2018-10-11', '0'),
(3910, 531, 20, '2018-10-11', '0'),
(3911, 557, 20, '2018-10-11', '0'),
(3912, 532, 20, '2018-10-11', '1'),
(3913, 516, 20, '2018-10-11', '1'),
(3914, 506, 20, '2018-10-11', '1'),
(3915, 527, 20, '2018-10-11', '1'),
(3916, 537, 20, '2018-10-11', '1'),
(3917, 510, 20, '2018-10-11', '1'),
(3918, 525, 20, '2018-10-11', '1'),
(3919, 515, 20, '2018-10-11', '0'),
(3920, 612, 20, '2018-10-11', '1'),
(3921, 548, 20, '2018-10-11', '1'),
(3922, 509, 20, '2018-10-11', '1'),
(3923, 514, 20, '2018-10-11', '1'),
(3924, 533, 20, '2018-10-11', '1'),
(3925, 508, 20, '2018-10-11', '1'),
(3926, 546, 20, '2018-10-11', '0'),
(3927, 547, 20, '2018-10-11', '0'),
(3928, 530, 20, '2018-10-11', '1'),
(3929, 535, 20, '2018-10-11', '0'),
(3930, 507, 20, '2018-10-11', '1'),
(3931, 564, 21, '2018-10-11', '1'),
(3932, 565, 21, '2018-10-11', '1'),
(3933, 578, 21, '2018-10-11', '1'),
(3934, 579, 21, '2018-10-11', '1'),
(3935, 575, 21, '2018-10-11', '1'),
(3936, 563, 21, '2018-10-11', '0'),
(3937, 573, 21, '2018-10-11', '1'),
(3938, 574, 21, '2018-10-11', '1'),
(3939, 561, 21, '2018-10-11', '1'),
(3940, 600, 21, '2018-10-11', '1'),
(3941, 577, 21, '2018-10-11', '1'),
(3942, 602, 21, '2018-10-11', '1'),
(3943, 568, 21, '2018-10-11', '1'),
(3944, 570, 21, '2018-10-11', '1'),
(3945, 601, 21, '2018-10-11', '1'),
(3946, 567, 21, '2018-10-11', '1'),
(3947, 580, 21, '2018-10-11', '1'),
(3948, 576, 21, '2018-10-11', '1'),
(3949, 560, 21, '2018-10-11', '1'),
(3950, 569, 21, '2018-10-11', '1'),
(3951, 613, 21, '2018-10-11', '1'),
(3952, 610, 21, '2018-10-11', '1'),
(3953, 571, 21, '2018-10-11', '1'),
(3954, 562, 21, '2018-10-11', '1'),
(3955, 586, 21, '2018-10-11', '1'),
(3956, 593, 21, '2018-10-11', '1'),
(3957, 572, 21, '2018-10-11', '1'),
(3958, 599, 21, '2018-10-11', '1'),
(3959, 566, 21, '2018-10-11', '1'),
(3960, 590, 21, '2018-10-11', '1'),
(3961, 591, 21, '2018-10-11', '1'),
(3962, 595, 21, '2018-10-11', '1'),
(3963, 608, 21, '2018-10-11', '1'),
(3964, 607, 21, '2018-10-11', '0'),
(3965, 596, 21, '2018-10-11', '1'),
(3966, 609, 21, '2018-10-11', '0'),
(3967, 581, 21, '2018-10-11', '0'),
(3968, 587, 21, '2018-10-11', '1'),
(3969, 594, 21, '2018-10-11', '1'),
(3970, 584, 21, '2018-10-11', '1'),
(3971, 605, 21, '2018-10-11', '1'),
(3972, 588, 21, '2018-10-11', '1'),
(3973, 592, 21, '2018-10-11', '1'),
(3974, 606, 21, '2018-10-11', '1'),
(3975, 585, 21, '2018-10-11', '1'),
(3976, 598, 21, '2018-10-11', '1'),
(3977, 582, 21, '2018-10-11', '1'),
(3978, 604, 21, '2018-10-11', '0'),
(3979, 589, 21, '2018-10-11', '1'),
(3980, 603, 21, '2018-10-11', '0'),
(3981, 583, 21, '2018-10-11', '1'),
(3982, 597, 21, '2018-10-11', '1'),
(3983, 32, 10, '2018-10-15', '1'),
(3984, 13, 10, '2018-10-15', '1'),
(3985, 9, 10, '2018-10-15', '1'),
(3986, 44, 10, '2018-10-15', '1'),
(3987, 28, 10, '2018-10-15', '1'),
(3988, 45, 10, '2018-10-15', '1'),
(3989, 19, 10, '2018-10-15', '1'),
(3990, 43, 10, '2018-10-15', '1'),
(3991, 33, 10, '2018-10-15', '1'),
(3992, 4, 10, '2018-10-15', '1'),
(3993, 29, 10, '2018-10-15', '1'),
(3994, 14, 10, '2018-10-15', '1'),
(3995, 17, 10, '2018-10-15', '1'),
(3996, 3, 10, '2018-10-15', '1'),
(3997, 21, 10, '2018-10-15', '1'),
(3998, 22, 10, '2018-10-15', '1'),
(3999, 5, 10, '2018-10-15', '1'),
(4000, 46, 10, '2018-10-15', '1'),
(4001, 11, 10, '2018-10-15', '0'),
(4002, 24, 10, '2018-10-15', '1'),
(4003, 10, 10, '2018-10-15', '1'),
(4004, 37, 10, '2018-10-15', '1'),
(4005, 41, 10, '2018-10-15', '1'),
(4006, 42, 10, '2018-10-15', '1'),
(4007, 8, 10, '2018-10-15', '1'),
(4008, 7, 10, '2018-10-15', '1'),
(4009, 20, 10, '2018-10-15', '1'),
(4010, 39, 10, '2018-10-15', '1'),
(4011, 16, 10, '2018-10-15', '0'),
(4012, 23, 10, '2018-10-15', '1'),
(4013, 31, 10, '2018-10-15', '1'),
(4014, 12, 10, '2018-10-15', '1'),
(4015, 34, 10, '2018-10-15', '1'),
(4016, 35, 10, '2018-10-15', '1'),
(4017, 15, 10, '2018-10-15', '1'),
(4018, 27, 10, '2018-10-15', '1'),
(4019, 36, 10, '2018-10-15', '1'),
(4020, 18, 10, '2018-10-15', '1'),
(4021, 25, 10, '2018-10-15', '1'),
(4022, 6, 10, '2018-10-15', '1'),
(4023, 30, 10, '2018-10-15', '1'),
(4024, 40, 10, '2018-10-15', '1'),
(4025, 38, 10, '2018-10-15', '0'),
(4026, 26, 10, '2018-10-15', '1'),
(4027, 47, 11, '2018-10-15', '1'),
(4028, 48, 11, '2018-10-15', '1'),
(4029, 49, 11, '2018-10-15', '1'),
(4030, 71, 11, '2018-10-15', '0'),
(4031, 50, 11, '2018-10-15', '1'),
(4032, 51, 11, '2018-10-15', '0'),
(4033, 52, 11, '2018-10-15', '0'),
(4034, 53, 11, '2018-10-15', '1'),
(4035, 54, 11, '2018-10-15', '0'),
(4036, 55, 11, '2018-10-15', '1'),
(4037, 57, 11, '2018-10-15', '1'),
(4038, 58, 11, '2018-10-15', '1'),
(4039, 78, 11, '2018-10-15', '1'),
(4040, 59, 11, '2018-10-15', '1'),
(4041, 88, 11, '2018-10-15', '1'),
(4042, 60, 11, '2018-10-15', '1'),
(4043, 61, 11, '2018-10-15', '1'),
(4044, 62, 11, '2018-10-15', '1'),
(4045, 63, 11, '2018-10-15', '0'),
(4046, 65, 11, '2018-10-15', '1'),
(4047, 64, 11, '2018-10-15', '1'),
(4048, 90, 11, '2018-10-15', '1'),
(4049, 66, 11, '2018-10-15', '1'),
(4050, 67, 11, '2018-10-15', '0'),
(4051, 68, 11, '2018-10-15', '1'),
(4052, 69, 11, '2018-10-15', '1'),
(4053, 70, 11, '2018-10-15', '1'),
(4054, 87, 11, '2018-10-15', '1'),
(4055, 72, 11, '2018-10-15', '0'),
(4056, 188, 11, '2018-10-15', '0'),
(4057, 56, 11, '2018-10-15', '1'),
(4058, 73, 11, '2018-10-15', '1'),
(4059, 74, 11, '2018-10-15', '1'),
(4060, 75, 11, '2018-10-15', '1'),
(4061, 76, 11, '2018-10-15', '1'),
(4062, 77, 11, '2018-10-15', '1'),
(4063, 79, 11, '2018-10-15', '1'),
(4064, 91, 11, '2018-10-15', '1'),
(4065, 80, 11, '2018-10-15', '0'),
(4066, 81, 11, '2018-10-15', '1'),
(4067, 82, 11, '2018-10-15', '1'),
(4068, 83, 11, '2018-10-15', '1'),
(4069, 84, 11, '2018-10-15', '0'),
(4070, 85, 11, '2018-10-15', '0'),
(4071, 86, 11, '2018-10-15', '1'),
(4072, 89, 11, '2018-10-15', '1'),
(4073, 259, 12, '2018-10-16', '1'),
(4074, 235, 12, '2018-10-16', '1'),
(4075, 240, 12, '2018-10-16', '1'),
(4076, 237, 12, '2018-10-16', '1'),
(4077, 261, 12, '2018-10-16', '1'),
(4078, 262, 12, '2018-10-16', '1'),
(4079, 238, 12, '2018-10-16', '1'),
(4080, 236, 12, '2018-10-16', '1'),
(4081, 239, 12, '2018-10-16', '1'),
(4082, 247, 12, '2018-10-16', '1'),
(4083, 234, 12, '2018-10-16', '1'),
(4084, 255, 12, '2018-10-16', '1'),
(4085, 249, 12, '2018-10-16', '1'),
(4086, 250, 12, '2018-10-16', '1'),
(4087, 256, 12, '2018-10-16', '0'),
(4088, 253, 12, '2018-10-16', '1'),
(4089, 254, 12, '2018-10-16', '1'),
(4090, 248, 12, '2018-10-16', '1'),
(4091, 265, 12, '2018-10-16', '1'),
(4092, 264, 12, '2018-10-16', '0'),
(4093, 263, 12, '2018-10-16', '1'),
(4094, 241, 12, '2018-10-16', '1'),
(4095, 243, 12, '2018-10-16', '1'),
(4096, 267, 12, '2018-10-16', '1'),
(4097, 273, 12, '2018-10-16', '1'),
(4098, 258, 12, '2018-10-16', '1'),
(4099, 233, 12, '2018-10-16', '1'),
(4100, 271, 12, '2018-10-16', '1'),
(4101, 269, 12, '2018-10-16', '1'),
(4102, 257, 12, '2018-10-16', '1'),
(4103, 260, 12, '2018-10-16', '1'),
(4104, 270, 12, '2018-10-16', '1'),
(4105, 272, 12, '2018-10-16', '1'),
(4106, 244, 12, '2018-10-16', '1'),
(4107, 266, 12, '2018-10-16', '1'),
(4108, 246, 12, '2018-10-16', '1'),
(4109, 242, 12, '2018-10-16', '1'),
(4110, 245, 12, '2018-10-16', '1'),
(4111, 268, 12, '2018-10-16', '1'),
(4112, 252, 12, '2018-10-16', '1'),
(4113, 232, 12, '2018-10-16', '1'),
(4114, 251, 12, '2018-10-16', '1'),
(4115, 280, 13, '2018-10-16', '0'),
(4116, 282, 13, '2018-10-16', '1'),
(4117, 283, 13, '2018-10-16', '1'),
(4118, 285, 13, '2018-10-16', '1'),
(4119, 291, 13, '2018-10-16', '1'),
(4120, 292, 13, '2018-10-16', '1'),
(4121, 293, 13, '2018-10-16', '1'),
(4122, 294, 13, '2018-10-16', '1'),
(4123, 299, 13, '2018-10-16', '1'),
(4124, 300, 13, '2018-10-16', '0'),
(4125, 307, 13, '2018-10-16', '1'),
(4126, 309, 13, '2018-10-16', '1'),
(4127, 310, 13, '2018-10-16', '1'),
(4128, 313, 13, '2018-10-16', '1'),
(4129, 275, 13, '2018-10-16', '1'),
(4130, 276, 13, '2018-10-16', '1'),
(4131, 277, 13, '2018-10-16', '0'),
(4132, 278, 13, '2018-10-16', '1'),
(4133, 279, 13, '2018-10-16', '1'),
(4134, 281, 13, '2018-10-16', '0'),
(4135, 284, 13, '2018-10-16', '0'),
(4136, 287, 13, '2018-10-16', '1'),
(4137, 550, 13, '2018-10-16', '0'),
(4138, 288, 13, '2018-10-16', '1'),
(4139, 290, 13, '2018-10-16', '1'),
(4140, 295, 13, '2018-10-16', '1'),
(4141, 296, 13, '2018-10-16', '1'),
(4142, 297, 13, '2018-10-16', '1'),
(4143, 298, 13, '2018-10-16', '1'),
(4144, 301, 13, '2018-10-16', '1'),
(4145, 303, 13, '2018-10-16', '1'),
(4146, 304, 13, '2018-10-16', '1'),
(4147, 305, 13, '2018-10-16', '1'),
(4148, 306, 13, '2018-10-16', '1'),
(4149, 311, 13, '2018-10-16', '1'),
(4150, 312, 13, '2018-10-16', '0'),
(4151, 314, 13, '2018-10-16', '0'),
(4152, 315, 13, '2018-10-16', '1'),
(4153, 308, 13, '2018-10-16', '1'),
(4154, 289, 13, '2018-10-16', '1'),
(4155, 286, 13, '2018-10-16', '0'),
(4156, 302, 13, '2018-10-16', '0'),
(4157, 316, 13, '2018-10-16', '0'),
(4158, 317, 13, '2018-10-16', '0'),
(4159, 114, 14, '2018-10-16', '1'),
(4160, 115, 14, '2018-10-16', '1'),
(4161, 116, 14, '2018-10-16', '1'),
(4162, 117, 14, '2018-10-16', '1'),
(4163, 118, 14, '2018-10-16', '1'),
(4164, 119, 14, '2018-10-16', '1'),
(4165, 120, 14, '2018-10-16', '0'),
(4166, 121, 14, '2018-10-16', '0'),
(4167, 122, 14, '2018-10-16', '1'),
(4168, 123, 14, '2018-10-16', '1'),
(4169, 124, 14, '2018-10-16', '1'),
(4170, 125, 14, '2018-10-16', '1'),
(4171, 126, 14, '2018-10-16', '1'),
(4172, 127, 14, '2018-10-16', '1'),
(4173, 128, 14, '2018-10-16', '1'),
(4174, 129, 14, '2018-10-16', '1'),
(4175, 130, 14, '2018-10-16', '1'),
(4176, 131, 14, '2018-10-16', '1'),
(4177, 132, 14, '2018-10-16', '1'),
(4178, 133, 14, '2018-10-16', '1'),
(4179, 134, 14, '2018-10-16', '1'),
(4180, 135, 14, '2018-10-16', '1'),
(4181, 136, 14, '2018-10-16', '1'),
(4182, 137, 14, '2018-10-16', '1'),
(4183, 92, 14, '2018-10-16', '0'),
(4184, 93, 14, '2018-10-16', '0'),
(4185, 94, 14, '2018-10-16', '1'),
(4186, 95, 14, '2018-10-16', '1'),
(4187, 96, 14, '2018-10-16', '1'),
(4188, 97, 14, '2018-10-16', '1'),
(4189, 98, 14, '2018-10-16', '1'),
(4190, 99, 14, '2018-10-16', '1'),
(4191, 100, 14, '2018-10-16', '0'),
(4192, 101, 14, '2018-10-16', '1'),
(4193, 102, 14, '2018-10-16', '1'),
(4194, 103, 14, '2018-10-16', '1'),
(4195, 104, 14, '2018-10-16', '1'),
(4196, 105, 14, '2018-10-16', '1'),
(4197, 107, 14, '2018-10-16', '1'),
(4198, 106, 14, '2018-10-16', '1'),
(4199, 108, 14, '2018-10-16', '1'),
(4200, 109, 14, '2018-10-16', '1'),
(4201, 110, 14, '2018-10-16', '1'),
(4202, 111, 14, '2018-10-16', '1'),
(4203, 112, 14, '2018-10-16', '0'),
(4204, 113, 14, '2018-10-16', '1'),
(4205, 363, 15, '2018-10-16', '1'),
(4206, 364, 15, '2018-10-16', '1'),
(4207, 549, 15, '2018-10-16', '0'),
(4208, 371, 15, '2018-10-16', '1'),
(4209, 373, 15, '2018-10-16', '1'),
(4210, 374, 15, '2018-10-16', '1'),
(4211, 376, 15, '2018-10-16', '1'),
(4212, 377, 15, '2018-10-16', '1'),
(4213, 378, 15, '2018-10-16', '1'),
(4214, 381, 15, '2018-10-16', '1'),
(4215, 382, 15, '2018-10-16', '1'),
(4216, 385, 15, '2018-10-16', '1'),
(4217, 387, 15, '2018-10-16', '1'),
(4218, 388, 15, '2018-10-16', '1'),
(4219, 390, 15, '2018-10-16', '1'),
(4220, 392, 15, '2018-10-16', '1'),
(4221, 393, 15, '2018-10-16', '1'),
(4222, 397, 15, '2018-10-16', '1'),
(4223, 359, 15, '2018-10-16', '1'),
(4224, 399, 15, '2018-10-16', '1'),
(4225, 361, 15, '2018-10-16', '1'),
(4226, 362, 15, '2018-10-16', '1'),
(4227, 398, 15, '2018-10-16', '1'),
(4228, 365, 15, '2018-10-16', '1'),
(4229, 366, 15, '2018-10-16', '1'),
(4230, 400, 15, '2018-10-16', '1'),
(4231, 611, 15, '2018-10-16', '0'),
(4232, 367, 15, '2018-10-16', '0'),
(4233, 368, 15, '2018-10-16', '1'),
(4234, 369, 15, '2018-10-16', '0'),
(4235, 370, 15, '2018-10-16', '1'),
(4236, 375, 15, '2018-10-16', '1'),
(4237, 380, 15, '2018-10-16', '1'),
(4238, 379, 15, '2018-10-16', '1'),
(4239, 372, 15, '2018-10-16', '1'),
(4240, 383, 15, '2018-10-16', '1'),
(4241, 384, 15, '2018-10-16', '1'),
(4242, 386, 15, '2018-10-16', '0'),
(4243, 389, 15, '2018-10-16', '0'),
(4244, 391, 15, '2018-10-16', '1'),
(4245, 394, 15, '2018-10-16', '1'),
(4246, 396, 15, '2018-10-16', '1'),
(4247, 360, 15, '2018-10-16', '1'),
(4248, 395, 15, '2018-10-16', '1'),
(4249, 138, 16, '2018-10-17', '1'),
(4250, 140, 16, '2018-10-17', '1'),
(4251, 141, 16, '2018-10-17', '1'),
(4252, 142, 16, '2018-10-17', '1'),
(4253, 144, 16, '2018-10-17', '1'),
(4254, 145, 16, '2018-10-17', '1'),
(4255, 146, 16, '2018-10-17', '1'),
(4256, 172, 16, '2018-10-17', '1'),
(4257, 148, 16, '2018-10-17', '1'),
(4258, 149, 16, '2018-10-17', '1'),
(4259, 150, 16, '2018-10-17', '1'),
(4260, 151, 16, '2018-10-17', '1'),
(4261, 152, 16, '2018-10-17', '1'),
(4262, 153, 16, '2018-10-17', '1'),
(4263, 154, 16, '2018-10-17', '0'),
(4264, 155, 16, '2018-10-17', '1'),
(4265, 157, 16, '2018-10-17', '1'),
(4266, 158, 16, '2018-10-17', '1'),
(4267, 159, 16, '2018-10-17', '1'),
(4268, 160, 16, '2018-10-17', '1'),
(4269, 161, 16, '2018-10-17', '1'),
(4270, 163, 16, '2018-10-17', '0'),
(4271, 164, 16, '2018-10-17', '1'),
(4272, 165, 16, '2018-10-17', '1'),
(4273, 166, 16, '2018-10-17', '1'),
(4274, 167, 16, '2018-10-17', '1'),
(4275, 168, 16, '2018-10-17', '1'),
(4276, 169, 16, '2018-10-17', '1'),
(4277, 143, 16, '2018-10-17', '1'),
(4278, 186, 16, '2018-10-17', '1'),
(4279, 170, 16, '2018-10-17', '1'),
(4280, 187, 16, '2018-10-17', '1'),
(4281, 171, 16, '2018-10-17', '1'),
(4282, 173, 16, '2018-10-17', '1'),
(4283, 174, 16, '2018-10-17', '1'),
(4284, 175, 16, '2018-10-17', '1'),
(4285, 177, 16, '2018-10-17', '1'),
(4286, 156, 16, '2018-10-17', '1'),
(4287, 178, 16, '2018-10-17', '0'),
(4288, 179, 16, '2018-10-17', '1'),
(4289, 180, 16, '2018-10-17', '1'),
(4290, 182, 16, '2018-10-17', '1'),
(4291, 183, 16, '2018-10-17', '1'),
(4292, 184, 16, '2018-10-17', '1'),
(4293, 147, 16, '2018-10-17', '1'),
(4294, 181, 16, '2018-10-17', '1'),
(4295, 139, 16, '2018-10-17', '1'),
(4296, 162, 16, '2018-10-17', '1'),
(4297, 176, 16, '2018-10-17', '1'),
(4298, 404, 17, '2018-10-17', '1'),
(4299, 194, 17, '2018-10-17', '1'),
(4300, 193, 17, '2018-10-17', '0'),
(4301, 199, 17, '2018-10-17', '1'),
(4302, 196, 17, '2018-10-17', '1'),
(4303, 207, 17, '2018-10-17', '1'),
(4304, 195, 17, '2018-10-17', '1'),
(4305, 204, 17, '2018-10-17', '0'),
(4306, 209, 17, '2018-10-17', '0'),
(4307, 191, 17, '2018-10-17', '1'),
(4308, 403, 17, '2018-10-17', '0'),
(4309, 198, 17, '2018-10-17', '1'),
(4310, 206, 17, '2018-10-17', '0'),
(4311, 205, 17, '2018-10-17', '0'),
(4312, 202, 17, '2018-10-17', '1'),
(4313, 201, 17, '2018-10-17', '1'),
(4314, 210, 17, '2018-10-17', '1'),
(4315, 192, 17, '2018-10-17', '1'),
(4316, 197, 17, '2018-10-17', '1'),
(4317, 200, 17, '2018-10-17', '1'),
(4318, 211, 17, '2018-10-17', '0'),
(4319, 212, 17, '2018-10-17', '1'),
(4320, 405, 17, '2018-10-17', '0'),
(4321, 213, 17, '2018-10-17', '1'),
(4322, 214, 17, '2018-10-17', '1'),
(4323, 215, 17, '2018-10-17', '1'),
(4324, 216, 17, '2018-10-17', '1'),
(4325, 217, 17, '2018-10-17', '1'),
(4326, 203, 17, '2018-10-17', '0'),
(4327, 218, 17, '2018-10-17', '1'),
(4328, 219, 17, '2018-10-17', '0'),
(4329, 401, 17, '2018-10-17', '0'),
(4330, 220, 17, '2018-10-17', '1'),
(4331, 402, 17, '2018-10-17', '1'),
(4332, 221, 17, '2018-10-17', '0'),
(4333, 222, 17, '2018-10-17', '1'),
(4334, 223, 17, '2018-10-17', '0'),
(4335, 224, 17, '2018-10-17', '1'),
(4336, 225, 17, '2018-10-17', '1'),
(4337, 226, 17, '2018-10-17', '1'),
(4338, 189, 17, '2018-10-17', '0'),
(4339, 227, 17, '2018-10-17', '1'),
(4340, 228, 17, '2018-10-17', '1'),
(4341, 229, 17, '2018-10-17', '1'),
(4342, 551, 17, '2018-10-17', '1'),
(4343, 552, 17, '2018-10-17', '1'),
(4344, 230, 17, '2018-10-17', '1'),
(4345, 190, 17, '2018-10-17', '1'),
(4346, 231, 17, '2018-10-17', '0'),
(4347, 208, 17, '2018-10-17', '0'),
(4348, 406, 18, '2018-10-17', '1'),
(4349, 407, 18, '2018-10-17', '1'),
(4350, 408, 18, '2018-10-17', '1'),
(4351, 411, 18, '2018-10-17', '1'),
(4352, 412, 18, '2018-10-17', '1'),
(4353, 413, 18, '2018-10-17', '1'),
(4354, 414, 18, '2018-10-17', '1'),
(4355, 416, 18, '2018-10-17', '1'),
(4356, 417, 18, '2018-10-17', '1'),
(4357, 422, 18, '2018-10-17', '1'),
(4358, 423, 18, '2018-10-17', '1'),
(4359, 424, 18, '2018-10-17', '1'),
(4360, 425, 18, '2018-10-17', '1'),
(4361, 426, 18, '2018-10-17', '1'),
(4362, 427, 18, '2018-10-17', '1'),
(4363, 428, 18, '2018-10-17', '1'),
(4364, 429, 18, '2018-10-17', '1'),
(4365, 432, 18, '2018-10-17', '1'),
(4366, 433, 18, '2018-10-17', '1'),
(4367, 435, 18, '2018-10-17', '1'),
(4368, 436, 18, '2018-10-17', '1'),
(4369, 437, 18, '2018-10-17', '1'),
(4370, 439, 18, '2018-10-17', '1'),
(4371, 441, 18, '2018-10-17', '1'),
(4372, 442, 18, '2018-10-17', '1'),
(4373, 443, 18, '2018-10-17', '1'),
(4374, 444, 18, '2018-10-17', '1'),
(4375, 446, 18, '2018-10-17', '1'),
(4376, 448, 18, '2018-10-17', '1'),
(4377, 449, 18, '2018-10-17', '0'),
(4378, 450, 18, '2018-10-17', '1'),
(4379, 451, 18, '2018-10-17', '1'),
(4380, 453, 18, '2018-10-17', '1'),
(4381, 409, 18, '2018-10-17', '1'),
(4382, 410, 18, '2018-10-17', '1'),
(4383, 415, 18, '2018-10-17', '1'),
(4384, 418, 18, '2018-10-17', '1'),
(4385, 419, 18, '2018-10-17', '1'),
(4386, 420, 18, '2018-10-17', '1'),
(4387, 421, 18, '2018-10-17', '1'),
(4388, 430, 18, '2018-10-17', '1'),
(4389, 431, 18, '2018-10-17', '1'),
(4390, 434, 18, '2018-10-17', '1'),
(4391, 438, 18, '2018-10-17', '1'),
(4392, 440, 18, '2018-10-17', '1'),
(4393, 553, 18, '2018-10-17', '1'),
(4394, 445, 18, '2018-10-17', '1'),
(4395, 447, 18, '2018-10-17', '1'),
(4396, 452, 18, '2018-10-17', '1'),
(4397, 454, 19, '2018-10-18', '1'),
(4398, 460, 19, '2018-10-18', '0'),
(4399, 461, 19, '2018-10-18', '1'),
(4400, 462, 19, '2018-10-18', '1'),
(4401, 457, 19, '2018-10-18', '1'),
(4402, 465, 19, '2018-10-18', '1'),
(4403, 472, 19, '2018-10-18', '1'),
(4404, 473, 19, '2018-10-18', '1'),
(4405, 474, 19, '2018-10-18', '1'),
(4406, 476, 19, '2018-10-18', '1'),
(4407, 482, 19, '2018-10-18', '1'),
(4408, 484, 19, '2018-10-18', '1'),
(4409, 485, 19, '2018-10-18', '1'),
(4410, 486, 19, '2018-10-18', '1'),
(4411, 487, 19, '2018-10-18', '1'),
(4412, 488, 19, '2018-10-18', '1'),
(4413, 494, 19, '2018-10-18', '1'),
(4414, 495, 19, '2018-10-18', '1'),
(4415, 497, 19, '2018-10-18', '1'),
(4416, 499, 19, '2018-10-18', '1'),
(4417, 500, 19, '2018-10-18', '1'),
(4418, 455, 19, '2018-10-18', '1'),
(4419, 456, 19, '2018-10-18', '1'),
(4420, 458, 19, '2018-10-18', '1'),
(4421, 459, 19, '2018-10-18', '1'),
(4422, 463, 19, '2018-10-18', '1'),
(4423, 464, 19, '2018-10-18', '0'),
(4424, 466, 19, '2018-10-18', '1'),
(4425, 467, 19, '2018-10-18', '1'),
(4426, 468, 19, '2018-10-18', '1'),
(4427, 470, 19, '2018-10-18', '1'),
(4428, 471, 19, '2018-10-18', '1'),
(4429, 475, 19, '2018-10-18', '1'),
(4430, 477, 19, '2018-10-18', '1'),
(4431, 479, 19, '2018-10-18', '0'),
(4432, 481, 19, '2018-10-18', '1'),
(4433, 483, 19, '2018-10-18', '1'),
(4434, 554, 19, '2018-10-18', '1'),
(4435, 489, 19, '2018-10-18', '0'),
(4436, 490, 19, '2018-10-18', '1'),
(4437, 491, 19, '2018-10-18', '1'),
(4438, 492, 19, '2018-10-18', '1'),
(4439, 493, 19, '2018-10-18', '1'),
(4440, 496, 19, '2018-10-18', '1'),
(4441, 498, 19, '2018-10-18', '1'),
(4442, 501, 19, '2018-10-18', '1'),
(4443, 469, 19, '2018-10-18', '1'),
(4444, 478, 19, '2018-10-18', '1'),
(4445, 555, 19, '2018-10-18', '0'),
(4446, 480, 19, '2018-10-18', '0'),
(4447, 513, 20, '2018-10-18', '1'),
(4448, 541, 20, '2018-10-18', '1'),
(4449, 505, 20, '2018-10-18', '1'),
(4450, 504, 20, '2018-10-18', '1'),
(4451, 536, 20, '2018-10-18', '1'),
(4452, 511, 20, '2018-10-18', '1'),
(4453, 512, 20, '2018-10-18', '1'),
(4454, 540, 20, '2018-10-18', '1'),
(4455, 535, 20, '2018-10-18', '1'),
(4456, 543, 20, '2018-10-18', '1'),
(4457, 544, 20, '2018-10-18', '1'),
(4458, 542, 20, '2018-10-18', '1'),
(4459, 558, 20, '2018-10-18', '1'),
(4460, 556, 20, '2018-10-18', '1'),
(4461, 519, 20, '2018-10-18', '1'),
(4462, 520, 20, '2018-10-18', '1');
INSERT INTO `tbl_attendance` (`id`, `member_id`, `class_id`, `att_date`, `att_status`) VALUES
(4463, 524, 20, '2018-10-18', '1'),
(4464, 523, 20, '2018-10-18', '1'),
(4465, 517, 20, '2018-10-18', '1'),
(4466, 521, 20, '2018-10-18', '1'),
(4467, 522, 20, '2018-10-18', '1'),
(4468, 529, 20, '2018-10-18', '1'),
(4469, 518, 20, '2018-10-18', '1'),
(4470, 559, 20, '2018-10-18', '0'),
(4471, 534, 20, '2018-10-18', '1'),
(4472, 545, 20, '2018-10-18', '0'),
(4473, 503, 20, '2018-10-18', '1'),
(4474, 528, 20, '2018-10-18', '1'),
(4475, 502, 20, '2018-10-18', '1'),
(4476, 539, 20, '2018-10-18', '1'),
(4477, 526, 20, '2018-10-18', '1'),
(4478, 531, 20, '2018-10-18', '1'),
(4479, 557, 20, '2018-10-18', '1'),
(4480, 532, 20, '2018-10-18', '1'),
(4481, 507, 20, '2018-10-18', '1'),
(4482, 516, 20, '2018-10-18', '1'),
(4483, 506, 20, '2018-10-18', '1'),
(4484, 527, 20, '2018-10-18', '1'),
(4485, 537, 20, '2018-10-18', '1'),
(4486, 510, 20, '2018-10-18', '1'),
(4487, 525, 20, '2018-10-18', '1'),
(4488, 515, 20, '2018-10-18', '1'),
(4489, 612, 20, '2018-10-18', '1'),
(4490, 548, 20, '2018-10-18', '1'),
(4491, 509, 20, '2018-10-18', '1'),
(4492, 514, 20, '2018-10-18', '1'),
(4493, 533, 20, '2018-10-18', '1'),
(4494, 530, 20, '2018-10-18', '1'),
(4495, 538, 20, '2018-10-18', '1'),
(4496, 508, 20, '2018-10-18', '0'),
(4497, 546, 20, '2018-10-18', '0'),
(4498, 547, 20, '2018-10-18', '0'),
(4499, 564, 21, '2018-10-18', '1'),
(4500, 565, 21, '2018-10-18', '1'),
(4501, 578, 21, '2018-10-18', '1'),
(4502, 579, 21, '2018-10-18', '1'),
(4503, 575, 21, '2018-10-18', '1'),
(4504, 563, 21, '2018-10-18', '1'),
(4505, 573, 21, '2018-10-18', '1'),
(4506, 574, 21, '2018-10-18', '1'),
(4507, 561, 21, '2018-10-18', '1'),
(4508, 600, 21, '2018-10-18', '1'),
(4509, 577, 21, '2018-10-18', '1'),
(4510, 602, 21, '2018-10-18', '1'),
(4511, 568, 21, '2018-10-18', '1'),
(4512, 570, 21, '2018-10-18', '1'),
(4513, 601, 21, '2018-10-18', '1'),
(4514, 567, 21, '2018-10-18', '1'),
(4515, 580, 21, '2018-10-18', '1'),
(4516, 576, 21, '2018-10-18', '1'),
(4517, 560, 21, '2018-10-18', '1'),
(4518, 569, 21, '2018-10-18', '1'),
(4519, 613, 21, '2018-10-18', '1'),
(4520, 610, 21, '2018-10-18', '1'),
(4521, 571, 21, '2018-10-18', '1'),
(4522, 562, 21, '2018-10-18', '1'),
(4523, 586, 21, '2018-10-18', '1'),
(4524, 593, 21, '2018-10-18', '1'),
(4525, 572, 21, '2018-10-18', '1'),
(4526, 599, 21, '2018-10-18', '1'),
(4527, 566, 21, '2018-10-18', '1'),
(4528, 590, 21, '2018-10-18', '1'),
(4529, 591, 21, '2018-10-18', '1'),
(4530, 595, 21, '2018-10-18', '1'),
(4531, 608, 21, '2018-10-18', '0'),
(4532, 607, 21, '2018-10-18', '0'),
(4533, 596, 21, '2018-10-18', '1'),
(4534, 609, 21, '2018-10-18', '0'),
(4535, 581, 21, '2018-10-18', '1'),
(4536, 587, 21, '2018-10-18', '1'),
(4537, 594, 21, '2018-10-18', '1'),
(4538, 584, 21, '2018-10-18', '1'),
(4539, 605, 21, '2018-10-18', '1'),
(4540, 588, 21, '2018-10-18', '1'),
(4541, 592, 21, '2018-10-18', '1'),
(4542, 606, 21, '2018-10-18', '1'),
(4543, 585, 21, '2018-10-18', '1'),
(4544, 598, 21, '2018-10-18', '1'),
(4545, 582, 21, '2018-10-18', '1'),
(4546, 604, 21, '2018-10-18', '0'),
(4547, 589, 21, '2018-10-18', '1'),
(4548, 603, 21, '2018-10-18', '1'),
(4549, 583, 21, '2018-10-18', '1'),
(4550, 597, 21, '2018-10-18', '1'),
(4551, 32, 10, '2018-10-22', '1'),
(4552, 9, 10, '2018-10-22', '1'),
(4553, 44, 10, '2018-10-22', '1'),
(4554, 28, 10, '2018-10-22', '1'),
(4555, 45, 10, '2018-10-22', '1'),
(4556, 19, 10, '2018-10-22', '1'),
(4557, 43, 10, '2018-10-22', '1'),
(4558, 33, 10, '2018-10-22', '1'),
(4559, 4, 10, '2018-10-22', '1'),
(4560, 29, 10, '2018-10-22', '1'),
(4561, 14, 10, '2018-10-22', '1'),
(4562, 17, 10, '2018-10-22', '1'),
(4563, 3, 10, '2018-10-22', '1'),
(4564, 21, 10, '2018-10-22', '1'),
(4565, 22, 10, '2018-10-22', '1'),
(4566, 5, 10, '2018-10-22', '1'),
(4567, 11, 10, '2018-10-22', '1'),
(4568, 24, 10, '2018-10-22', '1'),
(4569, 10, 10, '2018-10-22', '1'),
(4570, 37, 10, '2018-10-22', '1'),
(4571, 41, 10, '2018-10-22', '1'),
(4572, 42, 10, '2018-10-22', '1'),
(4573, 8, 10, '2018-10-22', '1'),
(4574, 7, 10, '2018-10-22', '1'),
(4575, 20, 10, '2018-10-22', '1'),
(4576, 39, 10, '2018-10-22', '1'),
(4577, 16, 10, '2018-10-22', '1'),
(4578, 23, 10, '2018-10-22', '1'),
(4579, 31, 10, '2018-10-22', '1'),
(4580, 12, 10, '2018-10-22', '1'),
(4581, 34, 10, '2018-10-22', '1'),
(4582, 35, 10, '2018-10-22', '1'),
(4583, 15, 10, '2018-10-22', '1'),
(4584, 27, 10, '2018-10-22', '1'),
(4585, 36, 10, '2018-10-22', '1'),
(4586, 18, 10, '2018-10-22', '1'),
(4587, 25, 10, '2018-10-22', '1'),
(4588, 6, 10, '2018-10-22', '1'),
(4589, 30, 10, '2018-10-22', '1'),
(4590, 40, 10, '2018-10-22', '1'),
(4591, 26, 10, '2018-10-22', '1'),
(4592, 38, 10, '2018-10-22', '0'),
(4593, 46, 10, '2018-10-22', '1'),
(4594, 13, 10, '2018-10-22', '1'),
(4595, 47, 11, '2018-10-22', '1'),
(4596, 48, 11, '2018-10-22', '1'),
(4597, 49, 11, '2018-10-22', '1'),
(4598, 71, 11, '2018-10-22', '0'),
(4599, 50, 11, '2018-10-22', '1'),
(4600, 51, 11, '2018-10-22', '0'),
(4601, 52, 11, '2018-10-22', '1'),
(4602, 53, 11, '2018-10-22', '1'),
(4603, 54, 11, '2018-10-22', '1'),
(4604, 55, 11, '2018-10-22', '1'),
(4605, 57, 11, '2018-10-22', '1'),
(4606, 58, 11, '2018-10-22', '1'),
(4607, 78, 11, '2018-10-22', '1'),
(4608, 59, 11, '2018-10-22', '0'),
(4609, 88, 11, '2018-10-22', '1'),
(4610, 60, 11, '2018-10-22', '1'),
(4611, 61, 11, '2018-10-22', '1'),
(4612, 62, 11, '2018-10-22', '1'),
(4613, 63, 11, '2018-10-22', '1'),
(4614, 65, 11, '2018-10-22', '1'),
(4615, 64, 11, '2018-10-22', '1'),
(4616, 66, 11, '2018-10-22', '1'),
(4617, 67, 11, '2018-10-22', '1'),
(4618, 68, 11, '2018-10-22', '1'),
(4619, 69, 11, '2018-10-22', '1'),
(4620, 70, 11, '2018-10-22', '1'),
(4621, 87, 11, '2018-10-22', '1'),
(4622, 56, 11, '2018-10-22', '1'),
(4623, 73, 11, '2018-10-22', '1'),
(4624, 74, 11, '2018-10-22', '1'),
(4625, 75, 11, '2018-10-22', '1'),
(4626, 76, 11, '2018-10-22', '1'),
(4627, 77, 11, '2018-10-22', '1'),
(4628, 79, 11, '2018-10-22', '0'),
(4629, 91, 11, '2018-10-22', '1'),
(4630, 80, 11, '2018-10-22', '0'),
(4631, 81, 11, '2018-10-22', '1'),
(4632, 82, 11, '2018-10-22', '1'),
(4633, 83, 11, '2018-10-22', '1'),
(4634, 84, 11, '2018-10-22', '1'),
(4635, 85, 11, '2018-10-22', '1'),
(4636, 86, 11, '2018-10-22', '1'),
(4637, 89, 11, '2018-10-22', '1'),
(4638, 188, 11, '2018-10-22', '0'),
(4639, 90, 11, '2018-10-22', '1'),
(4640, 72, 11, '2018-10-22', '1'),
(4641, 259, 12, '2018-10-23', '1'),
(4642, 235, 12, '2018-10-23', '1'),
(4643, 240, 12, '2018-10-23', '1'),
(4644, 237, 12, '2018-10-23', '1'),
(4645, 261, 12, '2018-10-23', '1'),
(4646, 262, 12, '2018-10-23', '1'),
(4647, 238, 12, '2018-10-23', '1'),
(4648, 236, 12, '2018-10-23', '1'),
(4649, 239, 12, '2018-10-23', '1'),
(4650, 247, 12, '2018-10-23', '1'),
(4651, 234, 12, '2018-10-23', '1'),
(4652, 255, 12, '2018-10-23', '1'),
(4653, 249, 12, '2018-10-23', '1'),
(4654, 250, 12, '2018-10-23', '1'),
(4655, 256, 12, '2018-10-23', '1'),
(4656, 253, 12, '2018-10-23', '1'),
(4657, 254, 12, '2018-10-23', '1'),
(4658, 248, 12, '2018-10-23', '1'),
(4659, 241, 12, '2018-10-23', '0'),
(4660, 243, 12, '2018-10-23', '1'),
(4661, 267, 12, '2018-10-23', '1'),
(4662, 233, 12, '2018-10-23', '1'),
(4663, 271, 12, '2018-10-23', '1'),
(4664, 269, 12, '2018-10-23', '1'),
(4665, 257, 12, '2018-10-23', '1'),
(4666, 260, 12, '2018-10-23', '1'),
(4667, 244, 12, '2018-10-23', '1'),
(4668, 266, 12, '2018-10-23', '1'),
(4669, 246, 12, '2018-10-23', '0'),
(4670, 245, 12, '2018-10-23', '1'),
(4671, 268, 12, '2018-10-23', '1'),
(4672, 252, 12, '2018-10-23', '1'),
(4673, 232, 12, '2018-10-23', '1'),
(4674, 251, 12, '2018-10-23', '1'),
(4675, 283, 13, '2018-10-23', '1'),
(4676, 114, 14, '2018-10-23', '1'),
(4677, 115, 14, '2018-10-23', '0'),
(4678, 116, 14, '2018-10-23', '1'),
(4679, 117, 14, '2018-10-23', '1'),
(4680, 118, 14, '2018-10-23', '1'),
(4681, 119, 14, '2018-10-23', '0'),
(4682, 120, 14, '2018-10-23', '0'),
(4683, 121, 14, '2018-10-23', '0'),
(4684, 122, 14, '2018-10-23', '1'),
(4685, 123, 14, '2018-10-23', '1'),
(4686, 124, 14, '2018-10-23', '1'),
(4687, 125, 14, '2018-10-23', '1'),
(4688, 126, 14, '2018-10-23', '1'),
(4689, 127, 14, '2018-10-23', '1'),
(4690, 128, 14, '2018-10-23', '1'),
(4691, 129, 14, '2018-10-23', '1'),
(4692, 130, 14, '2018-10-23', '0'),
(4693, 131, 14, '2018-10-23', '0'),
(4694, 132, 14, '2018-10-23', '1'),
(4695, 133, 14, '2018-10-23', '1'),
(4696, 134, 14, '2018-10-23', '1'),
(4697, 135, 14, '2018-10-23', '1'),
(4698, 136, 14, '2018-10-23', '1'),
(4699, 137, 14, '2018-10-23', '0'),
(4700, 92, 14, '2018-10-23', '0'),
(4701, 93, 14, '2018-10-23', '1'),
(4702, 94, 14, '2018-10-23', '1'),
(4703, 95, 14, '2018-10-23', '1'),
(4704, 96, 14, '2018-10-23', '1'),
(4705, 97, 14, '2018-10-23', '0'),
(4706, 98, 14, '2018-10-23', '1'),
(4707, 99, 14, '2018-10-23', '1'),
(4708, 100, 14, '2018-10-23', '0'),
(4709, 101, 14, '2018-10-23', '0'),
(4710, 103, 14, '2018-10-23', '1'),
(4711, 104, 14, '2018-10-23', '1'),
(4712, 105, 14, '2018-10-23', '1'),
(4713, 107, 14, '2018-10-23', '1'),
(4714, 106, 14, '2018-10-23', '0'),
(4715, 108, 14, '2018-10-23', '1'),
(4716, 109, 14, '2018-10-23', '0'),
(4717, 110, 14, '2018-10-23', '1'),
(4718, 111, 14, '2018-10-23', '1'),
(4719, 112, 14, '2018-10-23', '1'),
(4720, 113, 14, '2018-10-23', '1'),
(4721, 102, 14, '2018-10-23', '1'),
(4722, 259, 12, '2018-11-06', '1'),
(4723, 235, 12, '2018-11-06', '1'),
(4724, 240, 12, '2018-11-06', '1'),
(4725, 237, 12, '2018-11-06', '1'),
(4726, 261, 12, '2018-11-06', '1'),
(4727, 262, 12, '2018-11-06', '1'),
(4728, 238, 12, '2018-11-06', '1'),
(4729, 236, 12, '2018-11-06', '1'),
(4730, 239, 12, '2018-11-06', '1'),
(4731, 247, 12, '2018-11-06', '1'),
(4732, 234, 12, '2018-11-06', '1'),
(4733, 255, 12, '2018-11-06', '1'),
(4734, 249, 12, '2018-11-06', '1'),
(4735, 250, 12, '2018-11-06', '1'),
(4736, 256, 12, '2018-11-06', '1'),
(4737, 253, 12, '2018-11-06', '1'),
(4738, 254, 12, '2018-11-06', '1'),
(4739, 248, 12, '2018-11-06', '1'),
(4740, 265, 12, '2018-11-06', '0'),
(4741, 264, 12, '2018-11-06', '1'),
(4742, 241, 12, '2018-11-06', '0'),
(4743, 243, 12, '2018-11-06', '1'),
(4744, 267, 12, '2018-11-06', '1'),
(4745, 258, 12, '2018-11-06', '1'),
(4746, 233, 12, '2018-11-06', '1'),
(4747, 271, 12, '2018-11-06', '1'),
(4748, 269, 12, '2018-11-06', '1'),
(4749, 257, 12, '2018-11-06', '1'),
(4750, 260, 12, '2018-11-06', '1'),
(4751, 270, 12, '2018-11-06', '1'),
(4752, 272, 12, '2018-11-06', '0'),
(4753, 244, 12, '2018-11-06', '1'),
(4754, 266, 12, '2018-11-06', '1'),
(4755, 246, 12, '2018-11-06', '1'),
(4756, 242, 12, '2018-11-06', '1'),
(4757, 245, 12, '2018-11-06', '1'),
(4758, 268, 12, '2018-11-06', '1'),
(4759, 252, 12, '2018-11-06', '1'),
(4760, 232, 12, '2018-11-06', '1'),
(4761, 251, 12, '2018-11-06', '1'),
(4762, 273, 12, '2018-11-06', '1'),
(4763, 263, 12, '2018-11-06', '1'),
(4764, 280, 13, '2018-11-06', '1'),
(4765, 282, 13, '2018-11-06', '1'),
(4766, 283, 13, '2018-11-06', '1'),
(4767, 285, 13, '2018-11-06', '1'),
(4768, 289, 13, '2018-11-06', '1'),
(4769, 291, 13, '2018-11-06', '1'),
(4770, 292, 13, '2018-11-06', '1'),
(4771, 293, 13, '2018-11-06', '1'),
(4772, 294, 13, '2018-11-06', '1'),
(4773, 299, 13, '2018-11-06', '1'),
(4774, 300, 13, '2018-11-06', '0'),
(4775, 302, 13, '2018-11-06', '1'),
(4776, 307, 13, '2018-11-06', '1'),
(4777, 309, 13, '2018-11-06', '1'),
(4778, 310, 13, '2018-11-06', '1'),
(4779, 313, 13, '2018-11-06', '1'),
(4780, 316, 13, '2018-11-06', '1'),
(4781, 276, 13, '2018-11-06', '1'),
(4782, 277, 13, '2018-11-06', '0'),
(4783, 278, 13, '2018-11-06', '1'),
(4784, 279, 13, '2018-11-06', '1'),
(4785, 281, 13, '2018-11-06', '0'),
(4786, 284, 13, '2018-11-06', '0'),
(4787, 287, 13, '2018-11-06', '1'),
(4788, 550, 13, '2018-11-06', '1'),
(4789, 288, 13, '2018-11-06', '1'),
(4790, 290, 13, '2018-11-06', '1'),
(4791, 295, 13, '2018-11-06', '1'),
(4792, 296, 13, '2018-11-06', '1'),
(4793, 297, 13, '2018-11-06', '1'),
(4794, 298, 13, '2018-11-06', '1'),
(4795, 301, 13, '2018-11-06', '1'),
(4796, 303, 13, '2018-11-06', '1'),
(4797, 304, 13, '2018-11-06', '1'),
(4798, 305, 13, '2018-11-06', '1'),
(4799, 306, 13, '2018-11-06', '1'),
(4800, 308, 13, '2018-11-06', '1'),
(4801, 311, 13, '2018-11-06', '1'),
(4802, 312, 13, '2018-11-06', '1'),
(4803, 314, 13, '2018-11-06', '1'),
(4804, 315, 13, '2018-11-06', '0'),
(4805, 317, 13, '2018-11-06', '1'),
(4806, 275, 13, '2018-11-06', '0'),
(4807, 286, 13, '2018-11-06', '0'),
(4808, 114, 14, '2018-11-06', '1'),
(4809, 115, 14, '2018-11-06', '0'),
(4810, 116, 14, '2018-11-06', '1'),
(4811, 117, 14, '2018-11-06', '1'),
(4812, 118, 14, '2018-11-06', '1'),
(4813, 119, 14, '2018-11-06', '0'),
(4814, 120, 14, '2018-11-06', '0'),
(4815, 121, 14, '2018-11-06', '0'),
(4816, 122, 14, '2018-11-06', '1'),
(4817, 123, 14, '2018-11-06', '1'),
(4818, 124, 14, '2018-11-06', '1'),
(4819, 125, 14, '2018-11-06', '1'),
(4820, 126, 14, '2018-11-06', '0'),
(4821, 127, 14, '2018-11-06', '1'),
(4822, 128, 14, '2018-11-06', '1'),
(4823, 129, 14, '2018-11-06', '1'),
(4824, 130, 14, '2018-11-06', '0'),
(4825, 131, 14, '2018-11-06', '1'),
(4826, 132, 14, '2018-11-06', '1'),
(4827, 133, 14, '2018-11-06', '1'),
(4828, 134, 14, '2018-11-06', '1'),
(4829, 135, 14, '2018-11-06', '1'),
(4830, 136, 14, '2018-11-06', '1'),
(4831, 137, 14, '2018-11-06', '0'),
(4832, 92, 14, '2018-11-06', '0'),
(4833, 93, 14, '2018-11-06', '1'),
(4834, 94, 14, '2018-11-06', '1'),
(4835, 95, 14, '2018-11-06', '1'),
(4836, 96, 14, '2018-11-06', '0'),
(4837, 97, 14, '2018-11-06', '1'),
(4838, 98, 14, '2018-11-06', '1'),
(4839, 99, 14, '2018-11-06', '1'),
(4840, 100, 14, '2018-11-06', '0'),
(4841, 101, 14, '2018-11-06', '0'),
(4842, 102, 14, '2018-11-06', '1'),
(4843, 103, 14, '2018-11-06', '1'),
(4844, 104, 14, '2018-11-06', '1'),
(4845, 105, 14, '2018-11-06', '1'),
(4846, 107, 14, '2018-11-06', '1'),
(4847, 106, 14, '2018-11-06', '1'),
(4848, 108, 14, '2018-11-06', '1'),
(4849, 109, 14, '2018-11-06', '1'),
(4850, 110, 14, '2018-11-06', '1'),
(4851, 111, 14, '2018-11-06', '1'),
(4852, 112, 14, '2018-11-06', '1'),
(4853, 113, 14, '2018-11-06', '0'),
(4854, 363, 15, '2018-11-06', '1'),
(4855, 364, 15, '2018-11-06', '1'),
(4856, 549, 15, '2018-11-06', '1'),
(4857, 371, 15, '2018-11-06', '1'),
(4858, 373, 15, '2018-11-06', '1'),
(4859, 374, 15, '2018-11-06', '1'),
(4860, 376, 15, '2018-11-06', '1'),
(4861, 377, 15, '2018-11-06', '1'),
(4862, 378, 15, '2018-11-06', '1'),
(4863, 381, 15, '2018-11-06', '1'),
(4864, 382, 15, '2018-11-06', '1'),
(4865, 385, 15, '2018-11-06', '1'),
(4866, 387, 15, '2018-11-06', '1'),
(4867, 388, 15, '2018-11-06', '1'),
(4868, 390, 15, '2018-11-06', '1'),
(4869, 392, 15, '2018-11-06', '1'),
(4870, 393, 15, '2018-11-06', '1'),
(4871, 397, 15, '2018-11-06', '1'),
(4872, 359, 15, '2018-11-06', '0'),
(4873, 360, 15, '2018-11-06', '1'),
(4874, 399, 15, '2018-11-06', '1'),
(4875, 361, 15, '2018-11-06', '1'),
(4876, 362, 15, '2018-11-06', '1'),
(4877, 398, 15, '2018-11-06', '1'),
(4878, 365, 15, '2018-11-06', '1'),
(4879, 366, 15, '2018-11-06', '1'),
(4880, 400, 15, '2018-11-06', '1'),
(4881, 611, 15, '2018-11-06', '1'),
(4882, 367, 15, '2018-11-06', '1'),
(4883, 368, 15, '2018-11-06', '1'),
(4884, 369, 15, '2018-11-06', '1'),
(4885, 370, 15, '2018-11-06', '1'),
(4886, 375, 15, '2018-11-06', '1'),
(4887, 380, 15, '2018-11-06', '1'),
(4888, 379, 15, '2018-11-06', '1'),
(4889, 372, 15, '2018-11-06', '1'),
(4890, 383, 15, '2018-11-06', '0'),
(4891, 384, 15, '2018-11-06', '1'),
(4892, 386, 15, '2018-11-06', '0'),
(4893, 389, 15, '2018-11-06', '1'),
(4894, 391, 15, '2018-11-06', '1'),
(4895, 394, 15, '2018-11-06', '1'),
(4896, 395, 15, '2018-11-06', '1'),
(4897, 396, 15, '2018-11-06', '1'),
(4898, 138, 16, '2018-11-14', '1'),
(4899, 139, 16, '2018-11-14', '1'),
(4900, 140, 16, '2018-11-14', '1'),
(4901, 141, 16, '2018-11-14', '1'),
(4902, 144, 16, '2018-11-14', '1'),
(4903, 145, 16, '2018-11-14', '1'),
(4904, 142, 16, '2018-11-14', '0'),
(4905, 146, 16, '2018-11-14', '1'),
(4906, 172, 16, '2018-11-14', '1'),
(4907, 147, 16, '2018-11-14', '1'),
(4908, 148, 16, '2018-11-14', '1'),
(4909, 149, 16, '2018-11-14', '1'),
(4910, 150, 16, '2018-11-14', '1'),
(4911, 151, 16, '2018-11-14', '1'),
(4912, 152, 16, '2018-11-14', '1'),
(4913, 153, 16, '2018-11-14', '1'),
(4914, 154, 16, '2018-11-14', '1'),
(4915, 155, 16, '2018-11-14', '1'),
(4916, 157, 16, '2018-11-14', '0'),
(4917, 158, 16, '2018-11-14', '1'),
(4918, 159, 16, '2018-11-14', '0'),
(4919, 160, 16, '2018-11-14', '1'),
(4920, 161, 16, '2018-11-14', '1'),
(4921, 162, 16, '2018-11-14', '0'),
(4922, 163, 16, '2018-11-14', '0'),
(4923, 164, 16, '2018-11-14', '1'),
(4924, 165, 16, '2018-11-14', '0'),
(4925, 166, 16, '2018-11-14', '1'),
(4926, 167, 16, '2018-11-14', '1'),
(4927, 168, 16, '2018-11-14', '1'),
(4928, 169, 16, '2018-11-14', '1'),
(4929, 143, 16, '2018-11-14', '1'),
(4930, 186, 16, '2018-11-14', '1'),
(4931, 170, 16, '2018-11-14', '0'),
(4932, 187, 16, '2018-11-14', '1'),
(4933, 171, 16, '2018-11-14', '1'),
(4934, 173, 16, '2018-11-14', '1'),
(4935, 174, 16, '2018-11-14', '1'),
(4936, 175, 16, '2018-11-14', '1'),
(4937, 176, 16, '2018-11-14', '0'),
(4938, 177, 16, '2018-11-14', '1'),
(4939, 156, 16, '2018-11-14', '1'),
(4940, 178, 16, '2018-11-14', '0'),
(4941, 179, 16, '2018-11-14', '1'),
(4942, 180, 16, '2018-11-14', '1'),
(4943, 181, 16, '2018-11-14', '1'),
(4944, 182, 16, '2018-11-14', '1'),
(4945, 183, 16, '2018-11-14', '0'),
(4946, 184, 16, '2018-11-14', '1'),
(4947, 32, 10, '2018-11-19', '1'),
(4948, 13, 10, '2018-11-19', '0'),
(4949, 9, 10, '2018-11-19', '1'),
(4950, 44, 10, '2018-11-19', '1'),
(4951, 28, 10, '2018-11-19', '1'),
(4952, 45, 10, '2018-11-19', '1'),
(4953, 19, 10, '2018-11-19', '1'),
(4954, 43, 10, '2018-11-19', '1'),
(4955, 33, 10, '2018-11-19', '1'),
(4956, 4, 10, '2018-11-19', '1'),
(4957, 29, 10, '2018-11-19', '1'),
(4958, 14, 10, '2018-11-19', '1'),
(4959, 17, 10, '2018-11-19', '1'),
(4960, 3, 10, '2018-11-19', '1'),
(4961, 21, 10, '2018-11-19', '1'),
(4962, 22, 10, '2018-11-19', '1'),
(4963, 5, 10, '2018-11-19', '1'),
(4964, 46, 10, '2018-11-19', '1'),
(4965, 11, 10, '2018-11-19', '1'),
(4966, 24, 10, '2018-11-19', '1'),
(4967, 10, 10, '2018-11-19', '1'),
(4968, 37, 10, '2018-11-19', '1'),
(4969, 41, 10, '2018-11-19', '1'),
(4970, 42, 10, '2018-11-19', '1'),
(4971, 8, 10, '2018-11-19', '1'),
(4972, 7, 10, '2018-11-19', '1'),
(4973, 20, 10, '2018-11-19', '1'),
(4974, 39, 10, '2018-11-19', '1'),
(4975, 16, 10, '2018-11-19', '1'),
(4976, 23, 10, '2018-11-19', '1'),
(4977, 31, 10, '2018-11-19', '1'),
(4978, 12, 10, '2018-11-19', '1'),
(4979, 34, 10, '2018-11-19', '1'),
(4980, 35, 10, '2018-11-19', '1'),
(4981, 15, 10, '2018-11-19', '1'),
(4982, 27, 10, '2018-11-19', '1'),
(4983, 36, 10, '2018-11-19', '1'),
(4984, 18, 10, '2018-11-19', '1'),
(4985, 25, 10, '2018-11-19', '1'),
(4986, 6, 10, '2018-11-19', '1'),
(4987, 30, 10, '2018-11-19', '1'),
(4988, 40, 10, '2018-11-19', '1'),
(4989, 38, 10, '2018-11-19', '0'),
(4990, 26, 10, '2018-11-19', '1'),
(4991, 620, 24, '2018-11-26', '1'),
(4992, 616, 24, '2018-11-26', '1'),
(4993, 629, 24, '2018-11-26', '1'),
(4994, 645, 24, '2018-11-26', '1'),
(4995, 618, 24, '2018-11-26', '1'),
(4996, 621, 24, '2018-11-26', '1'),
(4997, 640, 24, '2018-11-26', '1'),
(4998, 644, 24, '2018-11-26', '1'),
(4999, 622, 24, '2018-11-26', '1'),
(5000, 623, 24, '2018-11-26', '0'),
(5001, 615, 24, '2018-11-26', '1'),
(5002, 637, 24, '2018-11-26', '1'),
(5003, 634, 24, '2018-11-26', '1'),
(5004, 619, 24, '2018-11-26', '1'),
(5005, 639, 24, '2018-11-26', '1'),
(5006, 633, 24, '2018-11-26', '1'),
(5007, 627, 24, '2018-11-26', '1'),
(5008, 638, 24, '2018-11-26', '1'),
(5009, 614, 24, '2018-11-26', '1'),
(5010, 678, 24, '2018-11-26', '1'),
(5011, 681, 24, '2018-11-26', '1'),
(5012, 617, 24, '2018-11-26', '1'),
(5013, 650, 24, '2018-11-26', '1'),
(5014, 628, 24, '2018-11-26', '1'),
(5015, 632, 24, '2018-11-26', '1'),
(5016, 635, 24, '2018-11-26', '1'),
(5017, 677, 24, '2018-11-26', '1'),
(5018, 643, 24, '2018-11-26', '1'),
(5019, 680, 24, '2018-11-26', '1'),
(5020, 648, 24, '2018-11-26', '1'),
(5021, 641, 24, '2018-11-26', '1'),
(5022, 625, 24, '2018-11-26', '1'),
(5023, 631, 24, '2018-11-26', '1'),
(5024, 642, 24, '2018-11-26', '1'),
(5025, 646, 24, '2018-11-26', '1'),
(5026, 630, 24, '2018-11-26', '1'),
(5027, 649, 24, '2018-11-26', '1'),
(5028, 679, 24, '2018-11-26', '1'),
(5029, 624, 24, '2018-11-26', '1'),
(5030, 636, 24, '2018-11-26', '1'),
(5031, 647, 24, '2018-11-26', '1'),
(5032, 626, 24, '2018-11-26', '1'),
(5033, 682, 24, '2018-11-26', '1'),
(5034, 683, 24, '2018-11-26', '1'),
(5035, 684, 24, '2018-11-26', '1'),
(5036, 699, 25, '2018-11-26', '1'),
(5037, 723, 25, '2018-11-26', '1'),
(5038, 692, 25, '2018-11-26', '1'),
(5039, 688, 25, '2018-11-26', '1'),
(5040, 695, 25, '2018-11-26', '1'),
(5041, 719, 25, '2018-11-26', '1'),
(5042, 697, 25, '2018-11-26', '1'),
(5043, 693, 25, '2018-11-26', '1'),
(5044, 698, 25, '2018-11-26', '1'),
(5045, 717, 25, '2018-11-26', '1'),
(5046, 720, 25, '2018-11-26', '1'),
(5047, 712, 25, '2018-11-26', '0'),
(5048, 707, 25, '2018-11-26', '1'),
(5049, 700, 25, '2018-11-26', '1'),
(5050, 696, 25, '2018-11-26', '1'),
(5051, 721, 25, '2018-11-26', '1'),
(5052, 705, 25, '2018-11-26', '1'),
(5053, 690, 25, '2018-11-26', '1'),
(5054, 702, 25, '2018-11-26', '1'),
(5055, 689, 25, '2018-11-26', '1'),
(5056, 709, 25, '2018-11-26', '1'),
(5057, 687, 25, '2018-11-26', '1'),
(5058, 711, 25, '2018-11-26', '1'),
(5059, 725, 25, '2018-11-26', '1'),
(5060, 708, 25, '2018-11-26', '1'),
(5061, 706, 25, '2018-11-26', '1'),
(5062, 726, 25, '2018-11-26', '1'),
(5063, 722, 25, '2018-11-26', '1'),
(5064, 715, 25, '2018-11-26', '1'),
(5065, 691, 25, '2018-11-26', '1'),
(5066, 710, 25, '2018-11-26', '1'),
(5067, 714, 25, '2018-11-26', '1'),
(5068, 713, 25, '2018-11-26', '1'),
(5069, 724, 25, '2018-11-26', '1'),
(5070, 716, 25, '2018-11-26', '1'),
(5071, 701, 25, '2018-11-26', '1'),
(5072, 685, 25, '2018-11-26', '1'),
(5073, 694, 25, '2018-11-26', '1'),
(5074, 703, 25, '2018-11-26', '1'),
(5075, 704, 25, '2018-11-26', '1'),
(5076, 718, 25, '2018-11-26', '1'),
(5077, 686, 25, '2018-11-26', '1'),
(5078, 748, 25, '2018-11-26', '1'),
(5079, 749, 25, '2018-11-26', '1'),
(5080, 751, 25, '2018-11-26', '1'),
(5081, 750, 25, '2018-11-26', '1'),
(5082, 32, 10, '2018-11-26', '1'),
(5083, 13, 10, '2018-11-26', '1'),
(5084, 9, 10, '2018-11-26', '1'),
(5085, 44, 10, '2018-11-26', '1'),
(5086, 28, 10, '2018-11-26', '1'),
(5087, 45, 10, '2018-11-26', '1'),
(5088, 19, 10, '2018-11-26', '1'),
(5089, 43, 10, '2018-11-26', '1'),
(5090, 33, 10, '2018-11-26', '1'),
(5091, 4, 10, '2018-11-26', '1'),
(5092, 29, 10, '2018-11-26', '1'),
(5093, 14, 10, '2018-11-26', '1'),
(5094, 17, 10, '2018-11-26', '1'),
(5095, 3, 10, '2018-11-26', '1'),
(5096, 21, 10, '2018-11-26', '1'),
(5097, 22, 10, '2018-11-26', '1'),
(5098, 5, 10, '2018-11-26', '1'),
(5099, 46, 10, '2018-11-26', '1'),
(5100, 11, 10, '2018-11-26', '1'),
(5101, 24, 10, '2018-11-26', '1'),
(5102, 10, 10, '2018-11-26', '1'),
(5103, 37, 10, '2018-11-26', '1'),
(5104, 41, 10, '2018-11-26', '1'),
(5105, 42, 10, '2018-11-26', '1'),
(5106, 8, 10, '2018-11-26', '1'),
(5107, 7, 10, '2018-11-26', '1'),
(5108, 20, 10, '2018-11-26', '1'),
(5109, 39, 10, '2018-11-26', '1'),
(5110, 16, 10, '2018-11-26', '1'),
(5111, 23, 10, '2018-11-26', '1'),
(5112, 31, 10, '2018-11-26', '1'),
(5113, 12, 10, '2018-11-26', '1'),
(5114, 34, 10, '2018-11-26', '1'),
(5115, 35, 10, '2018-11-26', '1'),
(5116, 15, 10, '2018-11-26', '1'),
(5117, 27, 10, '2018-11-26', '1'),
(5118, 36, 10, '2018-11-26', '1'),
(5119, 18, 10, '2018-11-26', '1'),
(5120, 25, 10, '2018-11-26', '1'),
(5121, 6, 10, '2018-11-26', '1'),
(5122, 30, 10, '2018-11-26', '1'),
(5123, 40, 10, '2018-11-26', '0'),
(5124, 26, 10, '2018-11-26', '1'),
(5125, 38, 10, '2018-11-26', '0'),
(5126, 259, 12, '2018-11-27', '1'),
(5127, 235, 12, '2018-11-27', '1'),
(5128, 240, 12, '2018-11-27', '0'),
(5129, 237, 12, '2018-11-27', '1'),
(5130, 261, 12, '2018-11-27', '1'),
(5131, 262, 12, '2018-11-27', '1'),
(5132, 238, 12, '2018-11-27', '1'),
(5133, 236, 12, '2018-11-27', '1'),
(5134, 239, 12, '2018-11-27', '1'),
(5135, 247, 12, '2018-11-27', '1'),
(5136, 234, 12, '2018-11-27', '1'),
(5137, 255, 12, '2018-11-27', '1'),
(5138, 249, 12, '2018-11-27', '1'),
(5139, 250, 12, '2018-11-27', '1'),
(5140, 256, 12, '2018-11-27', '1'),
(5141, 253, 12, '2018-11-27', '1'),
(5142, 254, 12, '2018-11-27', '1'),
(5143, 248, 12, '2018-11-27', '1'),
(5144, 265, 12, '2018-11-27', '1'),
(5145, 264, 12, '2018-11-27', '1'),
(5146, 263, 12, '2018-11-27', '1'),
(5147, 241, 12, '2018-11-27', '1'),
(5148, 243, 12, '2018-11-27', '1'),
(5149, 267, 12, '2018-11-27', '1'),
(5150, 273, 12, '2018-11-27', '1'),
(5151, 258, 12, '2018-11-27', '1'),
(5152, 233, 12, '2018-11-27', '1'),
(5153, 269, 12, '2018-11-27', '1'),
(5154, 257, 12, '2018-11-27', '1'),
(5155, 270, 12, '2018-11-27', '0'),
(5156, 271, 12, '2018-11-27', '1'),
(5157, 260, 12, '2018-11-27', '1'),
(5158, 272, 12, '2018-11-27', '1'),
(5159, 244, 12, '2018-11-27', '0'),
(5160, 266, 12, '2018-11-27', '1'),
(5161, 246, 12, '2018-11-27', '1'),
(5162, 242, 12, '2018-11-27', '1'),
(5163, 245, 12, '2018-11-27', '1'),
(5164, 252, 12, '2018-11-27', '1'),
(5165, 232, 12, '2018-11-27', '1'),
(5166, 251, 12, '2018-11-27', '1'),
(5167, 268, 12, '2018-11-27', '1'),
(5168, 280, 13, '2018-11-27', '1'),
(5169, 282, 13, '2018-11-27', '1'),
(5170, 283, 13, '2018-11-27', '1'),
(5171, 285, 13, '2018-11-27', '1'),
(5172, 286, 13, '2018-11-27', '0'),
(5173, 289, 13, '2018-11-27', '1'),
(5174, 291, 13, '2018-11-27', '1'),
(5175, 292, 13, '2018-11-27', '1'),
(5176, 293, 13, '2018-11-27', '1'),
(5177, 294, 13, '2018-11-27', '1'),
(5178, 299, 13, '2018-11-27', '1'),
(5179, 300, 13, '2018-11-27', '0'),
(5180, 302, 13, '2018-11-27', '0'),
(5181, 307, 13, '2018-11-27', '1'),
(5182, 309, 13, '2018-11-27', '1'),
(5183, 310, 13, '2018-11-27', '1'),
(5184, 313, 13, '2018-11-27', '1'),
(5185, 316, 13, '2018-11-27', '1'),
(5186, 275, 13, '2018-11-27', '1'),
(5187, 278, 13, '2018-11-27', '1'),
(5188, 279, 13, '2018-11-27', '1'),
(5189, 281, 13, '2018-11-27', '1'),
(5190, 284, 13, '2018-11-27', '0'),
(5191, 287, 13, '2018-11-27', '1'),
(5192, 288, 13, '2018-11-27', '1'),
(5193, 290, 13, '2018-11-27', '1'),
(5194, 295, 13, '2018-11-27', '1'),
(5195, 296, 13, '2018-11-27', '1'),
(5196, 297, 13, '2018-11-27', '1'),
(5197, 301, 13, '2018-11-27', '1'),
(5198, 303, 13, '2018-11-27', '1'),
(5199, 304, 13, '2018-11-27', '1'),
(5200, 305, 13, '2018-11-27', '1'),
(5201, 306, 13, '2018-11-27', '1'),
(5202, 308, 13, '2018-11-27', '1'),
(5203, 311, 13, '2018-11-27', '1'),
(5204, 312, 13, '2018-11-27', '1'),
(5205, 314, 13, '2018-11-27', '1'),
(5206, 315, 13, '2018-11-27', '1'),
(5207, 317, 13, '2018-11-27', '1'),
(5208, 298, 13, '2018-11-27', '0'),
(5209, 277, 13, '2018-11-27', '0'),
(5210, 276, 13, '2018-11-27', '0'),
(5211, 550, 13, '2018-11-27', '0'),
(5212, 454, 19, '2018-12-06', '0'),
(5213, 457, 19, '2018-12-06', '1'),
(5214, 555, 19, '2018-12-06', '0'),
(5215, 460, 19, '2018-12-06', '0'),
(5216, 461, 19, '2018-12-06', '0'),
(5217, 462, 19, '2018-12-06', '0'),
(5218, 465, 19, '2018-12-06', '1'),
(5219, 469, 19, '2018-12-06', '0'),
(5220, 472, 19, '2018-12-06', '1'),
(5221, 473, 19, '2018-12-06', '1'),
(5222, 474, 19, '2018-12-06', '1'),
(5223, 476, 19, '2018-12-06', '0'),
(5224, 480, 19, '2018-12-06', '0'),
(5225, 482, 19, '2018-12-06', '0'),
(5226, 484, 19, '2018-12-06', '0'),
(5227, 485, 19, '2018-12-06', '1'),
(5228, 486, 19, '2018-12-06', '0'),
(5229, 487, 19, '2018-12-06', '1'),
(5230, 488, 19, '2018-12-06', '0'),
(5231, 494, 19, '2018-12-06', '1'),
(5232, 495, 19, '2018-12-06', '1'),
(5233, 497, 19, '2018-12-06', '1'),
(5234, 499, 19, '2018-12-06', '1'),
(5235, 500, 19, '2018-12-06', '0'),
(5236, 455, 19, '2018-12-06', '0'),
(5237, 456, 19, '2018-12-06', '1'),
(5238, 458, 19, '2018-12-06', '1'),
(5239, 459, 19, '2018-12-06', '1'),
(5240, 463, 19, '2018-12-06', '1'),
(5241, 464, 19, '2018-12-06', '0'),
(5242, 466, 19, '2018-12-06', '0'),
(5243, 467, 19, '2018-12-06', '1'),
(5244, 468, 19, '2018-12-06', '1'),
(5245, 470, 19, '2018-12-06', '1'),
(5246, 471, 19, '2018-12-06', '1'),
(5247, 475, 19, '2018-12-06', '1'),
(5248, 477, 19, '2018-12-06', '1'),
(5249, 478, 19, '2018-12-06', '0'),
(5250, 479, 19, '2018-12-06', '1'),
(5251, 481, 19, '2018-12-06', '0'),
(5252, 483, 19, '2018-12-06', '1'),
(5253, 554, 19, '2018-12-06', '0'),
(5254, 489, 19, '2018-12-06', '1'),
(5255, 490, 19, '2018-12-06', '1'),
(5256, 491, 19, '2018-12-06', '1'),
(5257, 492, 19, '2018-12-06', '1'),
(5258, 493, 19, '2018-12-06', '1'),
(5259, 496, 19, '2018-12-06', '1'),
(5260, 498, 19, '2018-12-06', '1'),
(5261, 501, 19, '2018-12-06', '0'),
(5262, 513, 20, '2018-12-11', '1'),
(5263, 541, 20, '2018-12-11', '0'),
(5264, 505, 20, '2018-12-11', '1'),
(5265, 504, 20, '2018-12-11', '1'),
(5266, 536, 20, '2018-12-11', '1'),
(5267, 511, 20, '2018-12-11', '1'),
(5268, 512, 20, '2018-12-11', '1'),
(5269, 540, 20, '2018-12-11', '0'),
(5270, 535, 20, '2018-12-11', '1'),
(5271, 543, 20, '2018-12-11', '0'),
(5272, 544, 20, '2018-12-11', '1'),
(5273, 542, 20, '2018-12-11', '1'),
(5274, 558, 20, '2018-12-11', '1'),
(5275, 556, 20, '2018-12-11', '1'),
(5276, 538, 20, '2018-12-11', '0'),
(5277, 519, 20, '2018-12-11', '1'),
(5278, 520, 20, '2018-12-11', '1'),
(5279, 524, 20, '2018-12-11', '1'),
(5280, 523, 20, '2018-12-11', '1'),
(5281, 517, 20, '2018-12-11', '1'),
(5282, 521, 20, '2018-12-11', '1'),
(5283, 522, 20, '2018-12-11', '1'),
(5284, 529, 20, '2018-12-11', '1'),
(5285, 518, 20, '2018-12-11', '1'),
(5286, 559, 20, '2018-12-11', '0'),
(5287, 534, 20, '2018-12-11', '1'),
(5288, 545, 20, '2018-12-11', '0'),
(5289, 503, 20, '2018-12-11', '0'),
(5290, 528, 20, '2018-12-11', '1'),
(5291, 502, 20, '2018-12-11', '1'),
(5292, 539, 20, '2018-12-11', '0'),
(5293, 526, 20, '2018-12-11', '0'),
(5294, 531, 20, '2018-12-11', '1'),
(5295, 557, 20, '2018-12-11', '1'),
(5296, 532, 20, '2018-12-11', '1'),
(5297, 507, 20, '2018-12-11', '0'),
(5298, 516, 20, '2018-12-11', '1'),
(5299, 506, 20, '2018-12-11', '1'),
(5300, 527, 20, '2018-12-11', '1'),
(5301, 537, 20, '2018-12-11', '1'),
(5302, 510, 20, '2018-12-11', '1'),
(5303, 525, 20, '2018-12-11', '1'),
(5304, 515, 20, '2018-12-11', '0'),
(5305, 612, 20, '2018-12-11', '1'),
(5306, 548, 20, '2018-12-11', '1'),
(5307, 509, 20, '2018-12-11', '1'),
(5308, 514, 20, '2018-12-11', '1'),
(5309, 533, 20, '2018-12-11', '1'),
(5310, 508, 20, '2018-12-11', '0'),
(5311, 546, 20, '2018-12-11', '1'),
(5312, 547, 20, '2018-12-11', '1'),
(5313, 530, 20, '2018-12-11', '0'),
(5314, 564, 21, '2018-12-06', '1'),
(5315, 565, 21, '2018-12-06', '1'),
(5316, 578, 21, '2018-12-06', '1'),
(5317, 579, 21, '2018-12-06', '1'),
(5318, 575, 21, '2018-12-06', '1'),
(5319, 563, 21, '2018-12-06', '0'),
(5320, 573, 21, '2018-12-06', '1'),
(5321, 574, 21, '2018-12-06', '1'),
(5322, 561, 21, '2018-12-06', '1'),
(5323, 600, 21, '2018-12-06', '1'),
(5324, 577, 21, '2018-12-06', '0'),
(5325, 602, 21, '2018-12-06', '1'),
(5326, 568, 21, '2018-12-06', '1'),
(5327, 570, 21, '2018-12-06', '1'),
(5328, 601, 21, '2018-12-06', '1'),
(5329, 567, 21, '2018-12-06', '1'),
(5330, 580, 21, '2018-12-06', '1'),
(5331, 576, 21, '2018-12-06', '1'),
(5332, 560, 21, '2018-12-06', '0'),
(5333, 569, 21, '2018-12-06', '0'),
(5334, 613, 21, '2018-12-06', '0'),
(5335, 610, 21, '2018-12-06', '1'),
(5336, 571, 21, '2018-12-06', '1'),
(5337, 562, 21, '2018-12-06', '1'),
(5338, 586, 21, '2018-12-06', '1'),
(5339, 593, 21, '2018-12-06', '1'),
(5340, 572, 21, '2018-12-06', '1'),
(5341, 599, 21, '2018-12-06', '1'),
(5342, 566, 21, '2018-12-06', '1'),
(5343, 590, 21, '2018-12-06', '0'),
(5344, 591, 21, '2018-12-06', '1'),
(5345, 595, 21, '2018-12-06', '1'),
(5346, 608, 21, '2018-12-06', '0'),
(5347, 607, 21, '2018-12-06', '0'),
(5348, 596, 21, '2018-12-06', '1'),
(5349, 609, 21, '2018-12-06', '0'),
(5350, 581, 21, '2018-12-06', '1'),
(5351, 587, 21, '2018-12-06', '0'),
(5352, 594, 21, '2018-12-06', '1'),
(5353, 584, 21, '2018-12-06', '1'),
(5354, 588, 21, '2018-12-06', '1'),
(5355, 592, 21, '2018-12-06', '1'),
(5356, 606, 21, '2018-12-06', '0'),
(5357, 605, 21, '2018-12-06', '0'),
(5358, 585, 21, '2018-12-06', '1'),
(5359, 598, 21, '2018-12-06', '1'),
(5360, 582, 21, '2018-12-06', '1'),
(5361, 604, 21, '2018-12-06', '0'),
(5362, 603, 21, '2018-12-06', '1'),
(5363, 583, 21, '2018-12-06', '1'),
(5364, 597, 21, '2018-12-06', '1'),
(5365, 589, 21, '2018-12-06', '1'),
(5366, 620, 24, '2018-12-10', '1'),
(5367, 616, 24, '2018-12-10', '1'),
(5368, 628, 24, '2018-12-10', '1'),
(5369, 629, 24, '2018-12-10', '1'),
(5370, 645, 24, '2018-12-10', '1'),
(5371, 618, 24, '2018-12-10', '1'),
(5372, 621, 24, '2018-12-10', '1'),
(5373, 644, 24, '2018-12-10', '1'),
(5374, 622, 24, '2018-12-10', '1'),
(5375, 615, 24, '2018-12-10', '1'),
(5376, 637, 24, '2018-12-10', '1'),
(5377, 634, 24, '2018-12-10', '1'),
(5378, 619, 24, '2018-12-10', '1'),
(5379, 639, 24, '2018-12-10', '1'),
(5380, 633, 24, '2018-12-10', '1'),
(5381, 627, 24, '2018-12-10', '1'),
(5382, 638, 24, '2018-12-10', '1'),
(5383, 614, 24, '2018-12-10', '1'),
(5384, 678, 24, '2018-12-10', '1'),
(5385, 681, 24, '2018-12-10', '1'),
(5386, 617, 24, '2018-12-10', '1'),
(5387, 650, 24, '2018-12-10', '1'),
(5388, 682, 24, '2018-12-10', '1'),
(5389, 632, 24, '2018-12-10', '1'),
(5390, 635, 24, '2018-12-10', '0'),
(5391, 677, 24, '2018-12-10', '1'),
(5392, 643, 24, '2018-12-10', '1'),
(5393, 680, 24, '2018-12-10', '1'),
(5394, 648, 24, '2018-12-10', '1'),
(5395, 641, 24, '2018-12-10', '1'),
(5396, 640, 24, '2018-12-10', '1'),
(5397, 625, 24, '2018-12-10', '1'),
(5398, 683, 24, '2018-12-10', '1'),
(5399, 631, 24, '2018-12-10', '1'),
(5400, 642, 24, '2018-12-10', '0'),
(5401, 646, 24, '2018-12-10', '1'),
(5402, 623, 24, '2018-12-10', '1'),
(5403, 630, 24, '2018-12-10', '1'),
(5404, 649, 24, '2018-12-10', '1'),
(5405, 679, 24, '2018-12-10', '1'),
(5406, 624, 24, '2018-12-10', '1'),
(5407, 636, 24, '2018-12-10', '1'),
(5408, 684, 24, '2018-12-10', '0'),
(5409, 647, 24, '2018-12-10', '1'),
(5410, 626, 24, '2018-12-10', '1'),
(5411, 699, 25, '2018-12-10', '1'),
(5412, 723, 25, '2018-12-10', '1'),
(5413, 692, 25, '2018-12-10', '0'),
(5414, 688, 25, '2018-12-10', '1'),
(5415, 695, 25, '2018-12-10', '1'),
(5416, 719, 25, '2018-12-10', '1'),
(5417, 697, 25, '2018-12-10', '0'),
(5418, 693, 25, '2018-12-10', '1'),
(5419, 698, 25, '2018-12-10', '1'),
(5420, 717, 25, '2018-12-10', '1'),
(5421, 720, 25, '2018-12-10', '1'),
(5422, 712, 25, '2018-12-10', '0'),
(5423, 707, 25, '2018-12-10', '1'),
(5424, 700, 25, '2018-12-10', '1'),
(5425, 696, 25, '2018-12-10', '1'),
(5426, 751, 25, '2018-12-10', '0'),
(5427, 750, 25, '2018-12-10', '0'),
(5428, 721, 25, '2018-12-10', '1'),
(5429, 705, 25, '2018-12-10', '1'),
(5430, 690, 25, '2018-12-10', '1'),
(5431, 748, 25, '2018-12-10', '1'),
(5432, 702, 25, '2018-12-10', '1'),
(5433, 709, 25, '2018-12-10', '1'),
(5434, 687, 25, '2018-12-10', '1'),
(5435, 711, 25, '2018-12-10', '1'),
(5436, 725, 25, '2018-12-10', '1'),
(5437, 708, 25, '2018-12-10', '1'),
(5438, 706, 25, '2018-12-10', '0'),
(5439, 726, 25, '2018-12-10', '1'),
(5440, 722, 25, '2018-12-10', '1'),
(5441, 713, 25, '2018-12-10', '1'),
(5442, 715, 25, '2018-12-10', '1'),
(5443, 691, 25, '2018-12-10', '0'),
(5444, 710, 25, '2018-12-10', '0'),
(5445, 689, 25, '2018-12-10', '1'),
(5446, 714, 25, '2018-12-10', '1'),
(5447, 749, 25, '2018-12-10', '1'),
(5448, 724, 25, '2018-12-10', '1'),
(5449, 716, 25, '2018-12-10', '1'),
(5450, 701, 25, '2018-12-10', '1'),
(5451, 685, 25, '2018-12-10', '1'),
(5452, 694, 25, '2018-12-10', '0'),
(5453, 703, 25, '2018-12-10', '1'),
(5454, 704, 25, '2018-12-10', '1'),
(5455, 718, 25, '2018-12-10', '1'),
(5456, 686, 25, '2018-12-10', '1'),
(5457, 32, 10, '2018-12-10', '1'),
(5458, 13, 10, '2018-12-10', '1'),
(5459, 9, 10, '2018-12-10', '1'),
(5460, 44, 10, '2018-12-10', '1'),
(5461, 28, 10, '2018-12-10', '1'),
(5462, 45, 10, '2018-12-10', '1'),
(5463, 19, 10, '2018-12-10', '1'),
(5464, 43, 10, '2018-12-10', '1'),
(5465, 33, 10, '2018-12-10', '1'),
(5466, 4, 10, '2018-12-10', '1'),
(5467, 29, 10, '2018-12-10', '1'),
(5468, 14, 10, '2018-12-10', '1'),
(5469, 17, 10, '2018-12-10', '1'),
(5470, 3, 10, '2018-12-10', '1'),
(5471, 21, 10, '2018-12-10', '1'),
(5472, 22, 10, '2018-12-10', '1'),
(5473, 5, 10, '2018-12-10', '1'),
(5474, 46, 10, '2018-12-10', '1'),
(5475, 11, 10, '2018-12-10', '1'),
(5476, 24, 10, '2018-12-10', '1'),
(5477, 10, 10, '2018-12-10', '1'),
(5478, 37, 10, '2018-12-10', '1'),
(5479, 41, 10, '2018-12-10', '1'),
(5480, 42, 10, '2018-12-10', '1'),
(5481, 8, 10, '2018-12-10', '1'),
(5482, 7, 10, '2018-12-10', '1'),
(5483, 20, 10, '2018-12-10', '1'),
(5484, 39, 10, '2018-12-10', '1'),
(5485, 16, 10, '2018-12-10', '1'),
(5486, 23, 10, '2018-12-10', '1'),
(5487, 31, 10, '2018-12-10', '1'),
(5488, 12, 10, '2018-12-10', '1'),
(5489, 34, 10, '2018-12-10', '1'),
(5490, 35, 10, '2018-12-10', '1'),
(5491, 15, 10, '2018-12-10', '1'),
(5492, 27, 10, '2018-12-10', '1'),
(5493, 36, 10, '2018-12-10', '1'),
(5494, 18, 10, '2018-12-10', '1'),
(5495, 25, 10, '2018-12-10', '1'),
(5496, 6, 10, '2018-12-10', '1'),
(5497, 30, 10, '2018-12-10', '1'),
(5498, 40, 10, '2018-12-10', '1'),
(5499, 38, 10, '2018-12-10', '0'),
(5500, 26, 10, '2018-12-10', '1'),
(5501, 259, 12, '2018-12-11', '1'),
(5502, 235, 12, '2018-12-11', '1'),
(5503, 240, 12, '2018-12-11', '0'),
(5504, 237, 12, '2018-12-11', '1'),
(5505, 261, 12, '2018-12-11', '1'),
(5506, 262, 12, '2018-12-11', '1'),
(5507, 238, 12, '2018-12-11', '1'),
(5508, 236, 12, '2018-12-11', '1'),
(5509, 239, 12, '2018-12-11', '1'),
(5510, 247, 12, '2018-12-11', '1'),
(5511, 234, 12, '2018-12-11', '1'),
(5512, 255, 12, '2018-12-11', '1'),
(5513, 249, 12, '2018-12-11', '1'),
(5514, 250, 12, '2018-12-11', '1'),
(5515, 256, 12, '2018-12-11', '1'),
(5516, 253, 12, '2018-12-11', '1'),
(5517, 254, 12, '2018-12-11', '1'),
(5518, 248, 12, '2018-12-11', '1'),
(5519, 265, 12, '2018-12-11', '0'),
(5520, 264, 12, '2018-12-11', '0'),
(5521, 263, 12, '2018-12-11', '0'),
(5522, 241, 12, '2018-12-11', '1'),
(5523, 243, 12, '2018-12-11', '1'),
(5524, 267, 12, '2018-12-11', '1'),
(5525, 273, 12, '2018-12-11', '0'),
(5526, 258, 12, '2018-12-11', '0'),
(5527, 233, 12, '2018-12-11', '1'),
(5528, 271, 12, '2018-12-11', '1'),
(5529, 269, 12, '2018-12-11', '1'),
(5530, 257, 12, '2018-12-11', '1'),
(5531, 260, 12, '2018-12-11', '1'),
(5532, 270, 12, '2018-12-11', '1'),
(5533, 272, 12, '2018-12-11', '0'),
(5534, 244, 12, '2018-12-11', '1'),
(5535, 266, 12, '2018-12-11', '1'),
(5536, 246, 12, '2018-12-11', '1'),
(5537, 242, 12, '2018-12-11', '0'),
(5538, 245, 12, '2018-12-11', '1'),
(5539, 268, 12, '2018-12-11', '1'),
(5540, 252, 12, '2018-12-11', '1'),
(5541, 232, 12, '2018-12-11', '1'),
(5542, 251, 12, '2018-12-11', '1'),
(5543, 280, 13, '2018-12-11', '1'),
(5544, 282, 13, '2018-12-11', '1'),
(5545, 283, 13, '2018-12-11', '1'),
(5546, 285, 13, '2018-12-11', '1'),
(5547, 286, 13, '2018-12-11', '0'),
(5548, 291, 13, '2018-12-11', '1'),
(5549, 292, 13, '2018-12-11', '1'),
(5550, 293, 13, '2018-12-11', '1'),
(5551, 294, 13, '2018-12-11', '1'),
(5552, 299, 13, '2018-12-11', '1'),
(5553, 300, 13, '2018-12-11', '0'),
(5554, 302, 13, '2018-12-11', '1'),
(5555, 307, 13, '2018-12-11', '1'),
(5556, 309, 13, '2018-12-11', '1'),
(5557, 316, 13, '2018-12-11', '1'),
(5558, 275, 13, '2018-12-11', '1'),
(5559, 277, 13, '2018-12-11', '0'),
(5560, 278, 13, '2018-12-11', '1'),
(5561, 279, 13, '2018-12-11', '1'),
(5562, 281, 13, '2018-12-11', '1'),
(5563, 284, 13, '2018-12-11', '1'),
(5564, 287, 13, '2018-12-11', '1'),
(5565, 288, 13, '2018-12-11', '1'),
(5566, 290, 13, '2018-12-11', '1'),
(5567, 296, 13, '2018-12-11', '1'),
(5568, 297, 13, '2018-12-11', '1'),
(5569, 303, 13, '2018-12-11', '1'),
(5570, 301, 13, '2018-12-11', '1'),
(5571, 304, 13, '2018-12-11', '1'),
(5572, 305, 13, '2018-12-11', '1'),
(5573, 306, 13, '2018-12-11', '1'),
(5574, 311, 13, '2018-12-11', '1'),
(5575, 312, 13, '2018-12-11', '1'),
(5576, 289, 13, '2018-12-11', '1'),
(5577, 298, 13, '2018-12-11', '1'),
(5578, 276, 13, '2018-12-11', '1'),
(5579, 310, 13, '2018-12-11', '0'),
(5580, 313, 13, '2018-12-11', '0'),
(5581, 550, 13, '2018-12-11', '0'),
(5582, 295, 13, '2018-12-11', '0'),
(5583, 308, 13, '2018-12-11', '0'),
(5584, 314, 13, '2018-12-11', '0'),
(5585, 315, 13, '2018-12-11', '0'),
(5586, 317, 13, '2018-12-11', '0'),
(5587, 114, 14, '2018-12-11', '1'),
(5588, 115, 14, '2018-12-11', '0'),
(5589, 116, 14, '2018-12-11', '1'),
(5590, 117, 14, '2018-12-11', '1'),
(5591, 118, 14, '2018-12-11', '1'),
(5592, 119, 14, '2018-12-11', '0'),
(5593, 120, 14, '2018-12-11', '0'),
(5594, 121, 14, '2018-12-11', '1'),
(5595, 122, 14, '2018-12-11', '1'),
(5596, 123, 14, '2018-12-11', '1'),
(5597, 124, 14, '2018-12-11', '1'),
(5598, 125, 14, '2018-12-11', '1'),
(5599, 126, 14, '2018-12-11', '1'),
(5600, 127, 14, '2018-12-11', '1'),
(5601, 128, 14, '2018-12-11', '1'),
(5602, 129, 14, '2018-12-11', '1'),
(5603, 130, 14, '2018-12-11', '1'),
(5604, 131, 14, '2018-12-11', '0'),
(5605, 132, 14, '2018-12-11', '1'),
(5606, 133, 14, '2018-12-11', '1'),
(5607, 134, 14, '2018-12-11', '1'),
(5608, 135, 14, '2018-12-11', '1'),
(5609, 136, 14, '2018-12-11', '1'),
(5610, 137, 14, '2018-12-11', '0'),
(5611, 92, 14, '2018-12-11', '0'),
(5612, 93, 14, '2018-12-11', '1'),
(5613, 94, 14, '2018-12-11', '1'),
(5614, 95, 14, '2018-12-11', '1'),
(5615, 96, 14, '2018-12-11', '0'),
(5616, 97, 14, '2018-12-11', '1'),
(5617, 98, 14, '2018-12-11', '1'),
(5618, 99, 14, '2018-12-11', '0'),
(5619, 100, 14, '2018-12-11', '1'),
(5620, 101, 14, '2018-12-11', '1'),
(5621, 102, 14, '2018-12-11', '1'),
(5622, 103, 14, '2018-12-11', '1'),
(5623, 104, 14, '2018-12-11', '1'),
(5624, 105, 14, '2018-12-11', '1'),
(5625, 107, 14, '2018-12-11', '1'),
(5626, 106, 14, '2018-12-11', '0'),
(5627, 108, 14, '2018-12-11', '1'),
(5628, 109, 14, '2018-12-11', '1'),
(5629, 110, 14, '2018-12-11', '1'),
(5630, 111, 14, '2018-12-11', '1'),
(5631, 112, 14, '2018-12-11', '1'),
(5632, 113, 14, '2018-12-11', '1'),
(5633, 363, 15, '2018-12-11', '1'),
(5634, 364, 15, '2018-12-11', '1'),
(5635, 549, 15, '2018-12-11', '0'),
(5636, 371, 15, '2018-12-11', '1'),
(5637, 373, 15, '2018-12-11', '1'),
(5638, 374, 15, '2018-12-11', '1'),
(5639, 376, 15, '2018-12-11', '1'),
(5640, 377, 15, '2018-12-11', '1'),
(5641, 378, 15, '2018-12-11', '1'),
(5642, 381, 15, '2018-12-11', '1'),
(5643, 382, 15, '2018-12-11', '1'),
(5644, 385, 15, '2018-12-11', '1'),
(5645, 387, 15, '2018-12-11', '1'),
(5646, 388, 15, '2018-12-11', '1'),
(5647, 390, 15, '2018-12-11', '1'),
(5648, 392, 15, '2018-12-11', '1'),
(5649, 393, 15, '2018-12-11', '1'),
(5650, 397, 15, '2018-12-11', '1'),
(5651, 359, 15, '2018-12-11', '0'),
(5652, 360, 15, '2018-12-11', '1'),
(5653, 399, 15, '2018-12-11', '1'),
(5654, 361, 15, '2018-12-11', '1'),
(5655, 362, 15, '2018-12-11', '1'),
(5656, 398, 15, '2018-12-11', '1'),
(5657, 365, 15, '2018-12-11', '1'),
(5658, 366, 15, '2018-12-11', '1'),
(5659, 400, 15, '2018-12-11', '1'),
(5660, 611, 15, '2018-12-11', '1'),
(5661, 367, 15, '2018-12-11', '1'),
(5662, 368, 15, '2018-12-11', '1'),
(5663, 369, 15, '2018-12-11', '0'),
(5664, 370, 15, '2018-12-11', '1'),
(5665, 375, 15, '2018-12-11', '1'),
(5666, 380, 15, '2018-12-11', '1'),
(5667, 379, 15, '2018-12-11', '0'),
(5668, 372, 15, '2018-12-11', '1'),
(5669, 383, 15, '2018-12-11', '0'),
(5670, 384, 15, '2018-12-11', '1'),
(5671, 386, 15, '2018-12-11', '0'),
(5672, 389, 15, '2018-12-11', '0'),
(5673, 391, 15, '2018-12-11', '1'),
(5674, 394, 15, '2018-12-11', '1'),
(5675, 395, 15, '2018-12-11', '1'),
(5676, 396, 15, '2018-12-11', '1'),
(5677, 454, 19, '2019-01-03', '0'),
(5678, 457, 19, '2019-01-03', '1'),
(5679, 555, 19, '2019-01-03', '0'),
(5680, 460, 19, '2019-01-03', '0'),
(5681, 461, 19, '2019-01-03', '0'),
(5682, 462, 19, '2019-01-03', '1'),
(5683, 465, 19, '2019-01-03', '0'),
(5684, 469, 19, '2019-01-03', '0'),
(5685, 472, 19, '2019-01-03', '1'),
(5686, 473, 19, '2019-01-03', '0'),
(5687, 474, 19, '2019-01-03', '0'),
(5688, 476, 19, '2019-01-03', '0'),
(5689, 480, 19, '2019-01-03', '0'),
(5690, 482, 19, '2019-01-03', '0'),
(5691, 484, 19, '2019-01-03', '0'),
(5692, 485, 19, '2019-01-03', '0'),
(5693, 486, 19, '2019-01-03', '0'),
(5694, 487, 19, '2019-01-03', '0'),
(5695, 488, 19, '2019-01-03', '0'),
(5696, 494, 19, '2019-01-03', '1'),
(5697, 495, 19, '2019-01-03', '0'),
(5698, 497, 19, '2019-01-03', '0'),
(5699, 499, 19, '2019-01-03', '0'),
(5700, 500, 19, '2019-01-03', '0'),
(5701, 752, 19, '2019-01-03', '0'),
(5702, 455, 19, '2019-01-03', '0'),
(5703, 456, 19, '2019-01-03', '0'),
(5704, 458, 19, '2019-01-03', '1'),
(5705, 459, 19, '2019-01-03', '0'),
(5706, 463, 19, '2019-01-03', '1'),
(5707, 464, 19, '2019-01-03', '0'),
(5708, 466, 19, '2019-01-03', '0'),
(5709, 467, 19, '2019-01-03', '0'),
(5710, 468, 19, '2019-01-03', '1'),
(5711, 470, 19, '2019-01-03', '0'),
(5712, 471, 19, '2019-01-03', '0'),
(5713, 475, 19, '2019-01-03', '0'),
(5714, 477, 19, '2019-01-03', '1'),
(5715, 478, 19, '2019-01-03', '0'),
(5716, 479, 19, '2019-01-03', '0'),
(5717, 481, 19, '2019-01-03', '1'),
(5718, 483, 19, '2019-01-03', '1'),
(5719, 554, 19, '2019-01-03', '0'),
(5720, 489, 19, '2019-01-03', '1'),
(5721, 490, 19, '2019-01-03', '1'),
(5722, 491, 19, '2019-01-03', '0'),
(5723, 492, 19, '2019-01-03', '0'),
(5724, 493, 19, '2019-01-03', '0'),
(5725, 496, 19, '2019-01-03', '1'),
(5726, 498, 19, '2019-01-03', '0'),
(5727, 501, 19, '2019-01-03', '0'),
(5728, 513, 20, '2019-01-03', '0'),
(5729, 541, 20, '2019-01-03', '0'),
(5730, 505, 20, '2019-01-03', '1'),
(5731, 504, 20, '2019-01-03', '1'),
(5732, 511, 20, '2019-01-03', '1'),
(5733, 512, 20, '2019-01-03', '0'),
(5734, 540, 20, '2019-01-03', '0'),
(5735, 535, 20, '2019-01-03', '0'),
(5736, 543, 20, '2019-01-03', '0'),
(5737, 544, 20, '2019-01-03', '0'),
(5738, 542, 20, '2019-01-03', '0'),
(5739, 558, 20, '2019-01-03', '1'),
(5740, 556, 20, '2019-01-03', '0'),
(5741, 538, 20, '2019-01-03', '1'),
(5742, 519, 20, '2019-01-03', '1'),
(5743, 520, 20, '2019-01-03', '1'),
(5744, 524, 20, '2019-01-03', '0'),
(5745, 523, 20, '2019-01-03', '1'),
(5746, 517, 20, '2019-01-03', '1'),
(5747, 521, 20, '2019-01-03', '0'),
(5748, 522, 20, '2019-01-03', '0'),
(5749, 529, 20, '2019-01-03', '0'),
(5750, 518, 20, '2019-01-03', '0'),
(5751, 559, 20, '2019-01-03', '0'),
(5752, 534, 20, '2019-01-03', '0'),
(5753, 545, 20, '2019-01-03', '0'),
(5754, 503, 20, '2019-01-03', '0'),
(5755, 528, 20, '2019-01-03', '1'),
(5756, 502, 20, '2019-01-03', '1'),
(5757, 539, 20, '2019-01-03', '0'),
(5758, 526, 20, '2019-01-03', '0'),
(5759, 531, 20, '2019-01-03', '1'),
(5760, 557, 20, '2019-01-03', '1'),
(5761, 532, 20, '2019-01-03', '1'),
(5762, 507, 20, '2019-01-03', '0'),
(5763, 516, 20, '2019-01-03', '0'),
(5764, 506, 20, '2019-01-03', '0'),
(5765, 527, 20, '2019-01-03', '0'),
(5766, 537, 20, '2019-01-03', '1'),
(5767, 510, 20, '2019-01-03', '1'),
(5768, 525, 20, '2019-01-03', '1'),
(5769, 515, 20, '2019-01-03', '0'),
(5770, 612, 20, '2019-01-03', '1'),
(5771, 548, 20, '2019-01-03', '1'),
(5772, 509, 20, '2019-01-03', '0'),
(5773, 514, 20, '2019-01-03', '1'),
(5774, 533, 20, '2019-01-03', '1'),
(5775, 508, 20, '2019-01-03', '0'),
(5776, 546, 20, '2019-01-03', '0'),
(5777, 547, 20, '2019-01-03', '0'),
(5778, 530, 20, '2019-01-03', '0'),
(5779, 536, 20, '2019-01-03', '0'),
(5780, 564, 21, '2019-01-03', '0'),
(5781, 565, 21, '2019-01-03', '0'),
(5782, 578, 21, '2019-01-03', '0'),
(5783, 579, 21, '2019-01-03', '0'),
(5784, 575, 21, '2019-01-03', '1'),
(5785, 563, 21, '2019-01-03', '0'),
(5786, 573, 21, '2019-01-03', '1'),
(5787, 574, 21, '2019-01-03', '1'),
(5788, 561, 21, '2019-01-03', '1'),
(5789, 600, 21, '2019-01-03', '1'),
(5790, 577, 21, '2019-01-03', '0'),
(5791, 602, 21, '2019-01-03', '1'),
(5792, 568, 21, '2019-01-03', '1'),
(5793, 570, 21, '2019-01-03', '0'),
(5794, 601, 21, '2019-01-03', '1'),
(5795, 567, 21, '2019-01-03', '0'),
(5796, 580, 21, '2019-01-03', '1'),
(5797, 576, 21, '2019-01-03', '0'),
(5798, 560, 21, '2019-01-03', '0'),
(5799, 569, 21, '2019-01-03', '1'),
(5800, 613, 21, '2019-01-03', '0'),
(5801, 610, 21, '2019-01-03', '0'),
(5802, 571, 21, '2019-01-03', '1'),
(5803, 562, 21, '2019-01-03', '0'),
(5804, 586, 21, '2019-01-03', '0'),
(5805, 593, 21, '2019-01-03', '1'),
(5806, 572, 21, '2019-01-03', '1'),
(5807, 599, 21, '2019-01-03', '0'),
(5808, 566, 21, '2019-01-03', '0'),
(5809, 590, 21, '2019-01-03', '0'),
(5810, 591, 21, '2019-01-03', '1'),
(5811, 595, 21, '2019-01-03', '1'),
(5812, 608, 21, '2019-01-03', '0'),
(5813, 607, 21, '2019-01-03', '0'),
(5814, 596, 21, '2019-01-03', '1'),
(5815, 609, 21, '2019-01-03', '0'),
(5816, 581, 21, '2019-01-03', '0'),
(5817, 587, 21, '2019-01-03', '1'),
(5818, 594, 21, '2019-01-03', '0'),
(5819, 584, 21, '2019-01-03', '1'),
(5820, 605, 21, '2019-01-03', '0'),
(5821, 588, 21, '2019-01-03', '1'),
(5822, 592, 21, '2019-01-03', '1'),
(5823, 606, 21, '2019-01-03', '0'),
(5824, 585, 21, '2019-01-03', '1'),
(5825, 598, 21, '2019-01-03', '1'),
(5826, 582, 21, '2019-01-03', '1'),
(5827, 604, 21, '2019-01-03', '0'),
(5828, 589, 21, '2019-01-03', '1'),
(5829, 603, 21, '2019-01-03', '1'),
(5830, 583, 21, '2019-01-03', '1'),
(5831, 597, 21, '2019-01-03', '1'),
(5832, 620, 24, '2019-01-07', '1'),
(5833, 616, 24, '2019-01-07', '1'),
(5834, 628, 24, '2019-01-07', '1'),
(5835, 629, 24, '2019-01-07', '1'),
(5836, 645, 24, '2019-01-07', '1'),
(5837, 618, 24, '2019-01-07', '1'),
(5838, 621, 24, '2019-01-07', '1'),
(5839, 644, 24, '2019-01-07', '1'),
(5840, 622, 24, '2019-01-07', '1'),
(5841, 615, 24, '2019-01-07', '1'),
(5842, 637, 24, '2019-01-07', '1'),
(5843, 634, 24, '2019-01-07', '1'),
(5844, 619, 24, '2019-01-07', '1'),
(5845, 639, 24, '2019-01-07', '1'),
(5846, 633, 24, '2019-01-07', '1'),
(5847, 627, 24, '2019-01-07', '1'),
(5848, 638, 24, '2019-01-07', '1'),
(5849, 614, 24, '2019-01-07', '1'),
(5850, 678, 24, '2019-01-07', '1'),
(5851, 681, 24, '2019-01-07', '1'),
(5852, 617, 24, '2019-01-07', '1'),
(5853, 650, 24, '2019-01-07', '1'),
(5854, 682, 24, '2019-01-07', '1'),
(5855, 632, 24, '2019-01-07', '1'),
(5856, 635, 24, '2019-01-07', '0'),
(5857, 677, 24, '2019-01-07', '1'),
(5858, 643, 24, '2019-01-07', '1'),
(5859, 680, 24, '2019-01-07', '1'),
(5860, 648, 24, '2019-01-07', '1'),
(5861, 641, 24, '2019-01-07', '1'),
(5862, 640, 24, '2019-01-07', '1'),
(5863, 625, 24, '2019-01-07', '1'),
(5864, 683, 24, '2019-01-07', '1'),
(5865, 631, 24, '2019-01-07', '1'),
(5866, 642, 24, '2019-01-07', '1'),
(5867, 646, 24, '2019-01-07', '1'),
(5868, 623, 24, '2019-01-07', '1'),
(5869, 630, 24, '2019-01-07', '1'),
(5870, 649, 24, '2019-01-07', '1'),
(5871, 679, 24, '2019-01-07', '1'),
(5872, 624, 24, '2019-01-07', '1'),
(5873, 636, 24, '2019-01-07', '1'),
(5874, 684, 24, '2019-01-07', '0'),
(5875, 647, 24, '2019-01-07', '1'),
(5876, 626, 24, '2019-01-07', '1'),
(5877, 699, 25, '2019-01-07', '0'),
(5878, 723, 25, '2019-01-07', '1'),
(5879, 692, 25, '2019-01-07', '0'),
(5880, 688, 25, '2019-01-07', '1'),
(5881, 695, 25, '2019-01-07', '1'),
(5882, 719, 25, '2019-01-07', '1'),
(5883, 697, 25, '2019-01-07', '1'),
(5884, 693, 25, '2019-01-07', '1'),
(5885, 698, 25, '2019-01-07', '1'),
(5886, 717, 25, '2019-01-07', '1'),
(5887, 720, 25, '2019-01-07', '1'),
(5888, 712, 25, '2019-01-07', '1'),
(5889, 707, 25, '2019-01-07', '1'),
(5890, 700, 25, '2019-01-07', '1'),
(5891, 696, 25, '2019-01-07', '1'),
(5892, 751, 25, '2019-01-07', '0'),
(5893, 750, 25, '2019-01-07', '0'),
(5894, 721, 25, '2019-01-07', '1'),
(5895, 705, 25, '2019-01-07', '1'),
(5896, 690, 25, '2019-01-07', '1'),
(5897, 748, 25, '2019-01-07', '0'),
(5898, 702, 25, '2019-01-07', '1'),
(5899, 709, 25, '2019-01-07', '1'),
(5900, 687, 25, '2019-01-07', '1'),
(5901, 711, 25, '2019-01-07', '1'),
(5902, 725, 25, '2019-01-07', '1'),
(5903, 708, 25, '2019-01-07', '1'),
(5904, 706, 25, '2019-01-07', '1'),
(5905, 726, 25, '2019-01-07', '1'),
(5906, 722, 25, '2019-01-07', '1'),
(5907, 713, 25, '2019-01-07', '1'),
(5908, 715, 25, '2019-01-07', '1'),
(5909, 691, 25, '2019-01-07', '1'),
(5910, 710, 25, '2019-01-07', '1'),
(5911, 689, 25, '2019-01-07', '1'),
(5912, 714, 25, '2019-01-07', '1'),
(5913, 749, 25, '2019-01-07', '1'),
(5914, 724, 25, '2019-01-07', '1'),
(5915, 716, 25, '2019-01-07', '1'),
(5916, 701, 25, '2019-01-07', '1'),
(5917, 685, 25, '2019-01-07', '1'),
(5918, 694, 25, '2019-01-07', '1'),
(5919, 703, 25, '2019-01-07', '1'),
(5920, 704, 25, '2019-01-07', '1'),
(5921, 718, 25, '2019-01-07', '1'),
(5922, 686, 25, '2019-01-07', '1'),
(5923, 32, 10, '2019-01-07', '1'),
(5924, 13, 10, '2019-01-07', '1'),
(5925, 9, 10, '2019-01-07', '1'),
(5926, 44, 10, '2019-01-07', '1'),
(5927, 28, 10, '2019-01-07', '1'),
(5928, 45, 10, '2019-01-07', '1'),
(5929, 19, 10, '2019-01-07', '1'),
(5930, 43, 10, '2019-01-07', '1'),
(5931, 33, 10, '2019-01-07', '1'),
(5932, 4, 10, '2019-01-07', '1'),
(5933, 29, 10, '2019-01-07', '1'),
(5934, 14, 10, '2019-01-07', '1'),
(5935, 17, 10, '2019-01-07', '1'),
(5936, 3, 10, '2019-01-07', '0'),
(5937, 21, 10, '2019-01-07', '1'),
(5938, 22, 10, '2019-01-07', '1');
INSERT INTO `tbl_attendance` (`id`, `member_id`, `class_id`, `att_date`, `att_status`) VALUES
(5939, 5, 10, '2019-01-07', '1'),
(5940, 46, 10, '2019-01-07', '1'),
(5941, 11, 10, '2019-01-07', '1'),
(5942, 24, 10, '2019-01-07', '1'),
(5943, 10, 10, '2019-01-07', '1'),
(5944, 37, 10, '2019-01-07', '1'),
(5945, 41, 10, '2019-01-07', '1'),
(5946, 42, 10, '2019-01-07', '1'),
(5947, 8, 10, '2019-01-07', '1'),
(5948, 7, 10, '2019-01-07', '1'),
(5949, 20, 10, '2019-01-07', '1'),
(5950, 39, 10, '2019-01-07', '1'),
(5951, 16, 10, '2019-01-07', '1'),
(5952, 23, 10, '2019-01-07', '1'),
(5953, 31, 10, '2019-01-07', '1'),
(5954, 12, 10, '2019-01-07', '1'),
(5955, 34, 10, '2019-01-07', '1'),
(5956, 35, 10, '2019-01-07', '1'),
(5957, 15, 10, '2019-01-07', '1'),
(5958, 27, 10, '2019-01-07', '1'),
(5959, 36, 10, '2019-01-07', '1'),
(5960, 18, 10, '2019-01-07', '1'),
(5961, 25, 10, '2019-01-07', '1'),
(5962, 6, 10, '2019-01-07', '1'),
(5963, 30, 10, '2019-01-07', '1'),
(5964, 40, 10, '2019-01-07', '0'),
(5965, 38, 10, '2019-01-07', '1'),
(5966, 26, 10, '2019-01-07', '1'),
(5967, 47, 11, '2019-01-07', '1'),
(5968, 48, 11, '2019-01-07', '1'),
(5969, 49, 11, '2019-01-07', '1'),
(5970, 71, 11, '2019-01-07', '1'),
(5971, 50, 11, '2019-01-07', '1'),
(5972, 51, 11, '2019-01-07', '0'),
(5973, 52, 11, '2019-01-07', '1'),
(5974, 53, 11, '2019-01-07', '1'),
(5975, 54, 11, '2019-01-07', '1'),
(5976, 55, 11, '2019-01-07', '1'),
(5977, 57, 11, '2019-01-07', '0'),
(5978, 58, 11, '2019-01-07', '1'),
(5979, 78, 11, '2019-01-07', '1'),
(5980, 59, 11, '2019-01-07', '1'),
(5981, 88, 11, '2019-01-07', '1'),
(5982, 60, 11, '2019-01-07', '1'),
(5983, 61, 11, '2019-01-07', '1'),
(5984, 62, 11, '2019-01-07', '1'),
(5985, 63, 11, '2019-01-07', '1'),
(5986, 65, 11, '2019-01-07', '1'),
(5987, 64, 11, '2019-01-07', '1'),
(5988, 90, 11, '2019-01-07', '1'),
(5989, 66, 11, '2019-01-07', '1'),
(5990, 67, 11, '2019-01-07', '1'),
(5991, 68, 11, '2019-01-07', '1'),
(5992, 69, 11, '2019-01-07', '1'),
(5993, 70, 11, '2019-01-07', '1'),
(5994, 87, 11, '2019-01-07', '1'),
(5995, 72, 11, '2019-01-07', '0'),
(5996, 188, 11, '2019-01-07', '0'),
(5997, 56, 11, '2019-01-07', '1'),
(5998, 73, 11, '2019-01-07', '0'),
(5999, 74, 11, '2019-01-07', '1'),
(6000, 75, 11, '2019-01-07', '1'),
(6001, 76, 11, '2019-01-07', '1'),
(6002, 77, 11, '2019-01-07', '1'),
(6003, 79, 11, '2019-01-07', '1'),
(6004, 91, 11, '2019-01-07', '1'),
(6005, 80, 11, '2019-01-07', '0'),
(6006, 81, 11, '2019-01-07', '1'),
(6007, 82, 11, '2019-01-07', '1'),
(6008, 83, 11, '2019-01-07', '1'),
(6009, 84, 11, '2019-01-07', '0'),
(6010, 85, 11, '2019-01-07', '0'),
(6011, 86, 11, '2019-01-07', '1'),
(6012, 89, 11, '2019-01-07', '1'),
(6013, 259, 12, '2019-01-08', '1'),
(6014, 235, 12, '2019-01-08', '1'),
(6015, 240, 12, '2019-01-08', '0'),
(6016, 237, 12, '2019-01-08', '1'),
(6017, 261, 12, '2019-01-08', '1'),
(6018, 262, 12, '2019-01-08', '1'),
(6019, 238, 12, '2019-01-08', '1'),
(6020, 236, 12, '2019-01-08', '1'),
(6021, 239, 12, '2019-01-08', '1'),
(6022, 247, 12, '2019-01-08', '1'),
(6023, 234, 12, '2019-01-08', '1'),
(6024, 255, 12, '2019-01-08', '1'),
(6025, 249, 12, '2019-01-08', '1'),
(6026, 250, 12, '2019-01-08', '1'),
(6027, 256, 12, '2019-01-08', '0'),
(6028, 253, 12, '2019-01-08', '1'),
(6029, 254, 12, '2019-01-08', '1'),
(6030, 248, 12, '2019-01-08', '1'),
(6031, 265, 12, '2019-01-08', '1'),
(6032, 264, 12, '2019-01-08', '1'),
(6033, 263, 12, '2019-01-08', '1'),
(6034, 241, 12, '2019-01-08', '1'),
(6035, 243, 12, '2019-01-08', '1'),
(6036, 267, 12, '2019-01-08', '1'),
(6037, 273, 12, '2019-01-08', '1'),
(6038, 258, 12, '2019-01-08', '1'),
(6039, 233, 12, '2019-01-08', '1'),
(6040, 271, 12, '2019-01-08', '1'),
(6041, 269, 12, '2019-01-08', '1'),
(6042, 257, 12, '2019-01-08', '1'),
(6043, 260, 12, '2019-01-08', '1'),
(6044, 270, 12, '2019-01-08', '1'),
(6045, 272, 12, '2019-01-08', '1'),
(6046, 244, 12, '2019-01-08', '1'),
(6047, 266, 12, '2019-01-08', '1'),
(6048, 246, 12, '2019-01-08', '1'),
(6049, 242, 12, '2019-01-08', '1'),
(6050, 245, 12, '2019-01-08', '0'),
(6051, 268, 12, '2019-01-08', '0'),
(6052, 232, 12, '2019-01-08', '1'),
(6053, 252, 12, '2019-01-08', '0'),
(6054, 251, 12, '2019-01-08', '1'),
(6055, 454, 19, '2019-01-17', '1'),
(6056, 457, 19, '2019-01-17', '1'),
(6057, 460, 19, '2019-01-17', '1'),
(6058, 461, 19, '2019-01-17', '1'),
(6059, 462, 19, '2019-01-17', '1'),
(6060, 465, 19, '2019-01-17', '1'),
(6061, 469, 19, '2019-01-17', '1'),
(6062, 472, 19, '2019-01-17', '1'),
(6063, 473, 19, '2019-01-17', '1'),
(6064, 474, 19, '2019-01-17', '1'),
(6065, 476, 19, '2019-01-17', '0'),
(6066, 482, 19, '2019-01-17', '1'),
(6067, 484, 19, '2019-01-17', '1'),
(6068, 485, 19, '2019-01-17', '1'),
(6069, 486, 19, '2019-01-17', '1'),
(6070, 488, 19, '2019-01-17', '1'),
(6071, 753, 19, '2019-01-17', '1'),
(6072, 494, 19, '2019-01-17', '1'),
(6073, 495, 19, '2019-01-17', '1'),
(6074, 497, 19, '2019-01-17', '1'),
(6075, 499, 19, '2019-01-17', '1'),
(6076, 500, 19, '2019-01-17', '0'),
(6077, 752, 19, '2019-01-17', '1'),
(6078, 455, 19, '2019-01-17', '0'),
(6079, 456, 19, '2019-01-17', '0'),
(6080, 458, 19, '2019-01-17', '1'),
(6081, 459, 19, '2019-01-17', '1'),
(6082, 463, 19, '2019-01-17', '0'),
(6083, 464, 19, '2019-01-17', '0'),
(6084, 466, 19, '2019-01-17', '1'),
(6085, 467, 19, '2019-01-17', '1'),
(6086, 468, 19, '2019-01-17', '1'),
(6087, 470, 19, '2019-01-17', '1'),
(6088, 471, 19, '2019-01-17', '0'),
(6089, 475, 19, '2019-01-17', '1'),
(6090, 477, 19, '2019-01-17', '1'),
(6091, 478, 19, '2019-01-17', '1'),
(6092, 479, 19, '2019-01-17', '0'),
(6093, 481, 19, '2019-01-17', '1'),
(6094, 483, 19, '2019-01-17', '1'),
(6095, 554, 19, '2019-01-17', '1'),
(6096, 489, 19, '2019-01-17', '0'),
(6097, 490, 19, '2019-01-17', '1'),
(6098, 491, 19, '2019-01-17', '1'),
(6099, 492, 19, '2019-01-17', '1'),
(6100, 493, 19, '2019-01-17', '1'),
(6101, 496, 19, '2019-01-17', '1'),
(6102, 498, 19, '2019-01-17', '1'),
(6103, 501, 19, '2019-01-17', '1'),
(6104, 555, 19, '2019-01-17', '0'),
(6105, 480, 19, '2019-01-17', '0'),
(6106, 487, 19, '2019-01-17', '0'),
(6107, 513, 20, '2019-01-17', '1'),
(6108, 541, 20, '2019-01-17', '1'),
(6109, 505, 20, '2019-01-17', '1'),
(6110, 504, 20, '2019-01-17', '1'),
(6111, 536, 20, '2019-01-17', '1'),
(6112, 511, 20, '2019-01-17', '1'),
(6113, 512, 20, '2019-01-17', '1'),
(6114, 540, 20, '2019-01-17', '1'),
(6115, 535, 20, '2019-01-17', '0'),
(6116, 544, 20, '2019-01-17', '1'),
(6117, 542, 20, '2019-01-17', '1'),
(6118, 558, 20, '2019-01-17', '1'),
(6119, 556, 20, '2019-01-17', '1'),
(6120, 538, 20, '2019-01-17', '1'),
(6121, 519, 20, '2019-01-17', '1'),
(6122, 520, 20, '2019-01-17', '1'),
(6123, 524, 20, '2019-01-17', '1'),
(6124, 523, 20, '2019-01-17', '1'),
(6125, 517, 20, '2019-01-17', '1'),
(6126, 521, 20, '2019-01-17', '1'),
(6127, 522, 20, '2019-01-17', '1'),
(6128, 529, 20, '2019-01-17', '1'),
(6129, 518, 20, '2019-01-17', '1'),
(6130, 559, 20, '2019-01-17', '0'),
(6131, 534, 20, '2019-01-17', '1'),
(6132, 545, 20, '2019-01-17', '1'),
(6133, 503, 20, '2019-01-17', '1'),
(6134, 528, 20, '2019-01-17', '1'),
(6135, 502, 20, '2019-01-17', '1'),
(6136, 539, 20, '2019-01-17', '0'),
(6137, 526, 20, '2019-01-17', '1'),
(6138, 557, 20, '2019-01-17', '1'),
(6139, 516, 20, '2019-01-17', '1'),
(6140, 506, 20, '2019-01-17', '1'),
(6141, 527, 20, '2019-01-17', '1'),
(6142, 537, 20, '2019-01-17', '1'),
(6143, 510, 20, '2019-01-17', '1'),
(6144, 525, 20, '2019-01-17', '1'),
(6145, 515, 20, '2019-01-17', '0'),
(6146, 612, 20, '2019-01-17', '1'),
(6147, 548, 20, '2019-01-17', '1'),
(6148, 509, 20, '2019-01-17', '1'),
(6149, 514, 20, '2019-01-17', '1'),
(6150, 533, 20, '2019-01-17', '1'),
(6151, 508, 20, '2019-01-17', '1'),
(6152, 546, 20, '2019-01-17', '1'),
(6153, 547, 20, '2019-01-17', '1'),
(6154, 530, 20, '2019-01-17', '1'),
(6155, 564, 21, '2019-01-17', '1'),
(6156, 565, 21, '2019-01-17', '1'),
(6157, 578, 21, '2019-01-17', '1'),
(6158, 579, 21, '2019-01-17', '1'),
(6159, 575, 21, '2019-01-17', '1'),
(6160, 573, 21, '2019-01-17', '1'),
(6161, 574, 21, '2019-01-17', '1'),
(6162, 561, 21, '2019-01-17', '1'),
(6163, 602, 21, '2019-01-17', '1'),
(6164, 568, 21, '2019-01-17', '1'),
(6165, 570, 21, '2019-01-17', '1'),
(6166, 601, 21, '2019-01-17', '1'),
(6167, 567, 21, '2019-01-17', '1'),
(6168, 580, 21, '2019-01-17', '1'),
(6169, 576, 21, '2019-01-17', '1'),
(6170, 569, 21, '2019-01-17', '1'),
(6171, 613, 21, '2019-01-17', '1'),
(6172, 610, 21, '2019-01-17', '1'),
(6173, 571, 21, '2019-01-17', '1'),
(6174, 562, 21, '2019-01-17', '1'),
(6175, 586, 21, '2019-01-17', '1'),
(6176, 593, 21, '2019-01-17', '1'),
(6177, 572, 21, '2019-01-17', '1'),
(6178, 599, 21, '2019-01-17', '1'),
(6179, 566, 21, '2019-01-17', '1'),
(6180, 590, 21, '2019-01-17', '1'),
(6181, 591, 21, '2019-01-17', '1'),
(6182, 595, 21, '2019-01-17', '1'),
(6183, 607, 21, '2019-01-17', '1'),
(6184, 596, 21, '2019-01-17', '1'),
(6185, 609, 21, '2019-01-17', '1'),
(6186, 587, 21, '2019-01-17', '1'),
(6187, 594, 21, '2019-01-17', '1'),
(6188, 584, 21, '2019-01-17', '1'),
(6189, 588, 21, '2019-01-17', '1'),
(6190, 592, 21, '2019-01-17', '1'),
(6191, 598, 21, '2019-01-17', '1'),
(6192, 582, 21, '2019-01-17', '1'),
(6193, 604, 21, '2019-01-17', '1'),
(6194, 603, 21, '2019-01-17', '1'),
(6195, 583, 21, '2019-01-17', '1'),
(6196, 597, 21, '2019-01-17', '1'),
(6197, 589, 21, '2019-01-17', '1'),
(6198, 585, 21, '2019-01-17', '1'),
(6199, 600, 21, '2019-01-17', '1'),
(6200, 581, 21, '2019-01-17', '1'),
(6201, 605, 21, '2019-01-17', '1'),
(6202, 606, 21, '2019-01-17', '1'),
(6203, 608, 21, '2019-01-17', '1'),
(6204, 563, 21, '2019-01-17', '1'),
(6205, 560, 21, '2019-01-17', '1'),
(6206, 577, 21, '2019-01-17', '0'),
(6207, 259, 12, '2019-01-22', '1'),
(6208, 235, 12, '2019-01-22', '0'),
(6209, 240, 12, '2019-01-22', '0'),
(6210, 237, 12, '2019-01-22', '0'),
(6211, 261, 12, '2019-01-22', '0'),
(6212, 262, 12, '2019-01-22', '1'),
(6213, 238, 12, '2019-01-22', '0'),
(6214, 236, 12, '2019-01-22', '1'),
(6215, 239, 12, '2019-01-22', '1'),
(6216, 247, 12, '2019-01-22', '1'),
(6217, 234, 12, '2019-01-22', '1'),
(6218, 255, 12, '2019-01-22', '1'),
(6219, 249, 12, '2019-01-22', '1'),
(6220, 250, 12, '2019-01-22', '1'),
(6221, 256, 12, '2019-01-22', '1'),
(6222, 253, 12, '2019-01-22', '1'),
(6223, 254, 12, '2019-01-22', '1'),
(6224, 248, 12, '2019-01-22', '1'),
(6225, 265, 12, '2019-01-22', '0'),
(6226, 264, 12, '2019-01-22', '0'),
(6227, 263, 12, '2019-01-22', '0'),
(6228, 241, 12, '2019-01-22', '0'),
(6229, 243, 12, '2019-01-22', '1'),
(6230, 267, 12, '2019-01-22', '1'),
(6231, 273, 12, '2019-01-22', '1'),
(6232, 258, 12, '2019-01-22', '1'),
(6233, 233, 12, '2019-01-22', '0'),
(6234, 271, 12, '2019-01-22', '1'),
(6235, 269, 12, '2019-01-22', '1'),
(6236, 257, 12, '2019-01-22', '1'),
(6237, 260, 12, '2019-01-22', '1'),
(6238, 270, 12, '2019-01-22', '1'),
(6239, 272, 12, '2019-01-22', '0'),
(6240, 244, 12, '2019-01-22', '0'),
(6241, 266, 12, '2019-01-22', '1'),
(6242, 246, 12, '2019-01-22', '0'),
(6243, 242, 12, '2019-01-22', '1'),
(6244, 245, 12, '2019-01-22', '1'),
(6245, 268, 12, '2019-01-22', '0'),
(6246, 252, 12, '2019-01-22', '1'),
(6247, 232, 12, '2019-01-22', '0'),
(6248, 251, 12, '2019-01-22', '0'),
(6249, 280, 13, '2019-01-22', '0'),
(6250, 282, 13, '2019-01-22', '1'),
(6251, 283, 13, '2019-01-22', '0'),
(6252, 285, 13, '2019-01-22', '0'),
(6253, 286, 13, '2019-01-22', '0'),
(6254, 289, 13, '2019-01-22', '1'),
(6255, 291, 13, '2019-01-22', '1'),
(6256, 292, 13, '2019-01-22', '1'),
(6257, 293, 13, '2019-01-22', '1'),
(6258, 294, 13, '2019-01-22', '1'),
(6259, 299, 13, '2019-01-22', '0'),
(6260, 307, 13, '2019-01-22', '1'),
(6261, 309, 13, '2019-01-22', '1'),
(6262, 310, 13, '2019-01-22', '1'),
(6263, 313, 13, '2019-01-22', '1'),
(6264, 316, 13, '2019-01-22', '1'),
(6265, 276, 13, '2019-01-22', '1'),
(6266, 277, 13, '2019-01-22', '0'),
(6267, 278, 13, '2019-01-22', '1'),
(6268, 279, 13, '2019-01-22', '1'),
(6269, 281, 13, '2019-01-22', '1'),
(6270, 284, 13, '2019-01-22', '0'),
(6271, 287, 13, '2019-01-22', '1'),
(6272, 288, 13, '2019-01-22', '1'),
(6273, 290, 13, '2019-01-22', '1'),
(6274, 295, 13, '2019-01-22', '1'),
(6275, 296, 13, '2019-01-22', '1'),
(6276, 297, 13, '2019-01-22', '1'),
(6277, 298, 13, '2019-01-22', '1'),
(6278, 301, 13, '2019-01-22', '1'),
(6279, 303, 13, '2019-01-22', '1'),
(6280, 304, 13, '2019-01-22', '1'),
(6281, 305, 13, '2019-01-22', '1'),
(6282, 306, 13, '2019-01-22', '1'),
(6283, 308, 13, '2019-01-22', '1'),
(6284, 300, 13, '2019-01-22', '0'),
(6285, 302, 13, '2019-01-22', '0'),
(6286, 275, 13, '2019-01-22', '0'),
(6287, 550, 13, '2019-01-22', '0'),
(6288, 311, 13, '2019-01-22', '0'),
(6289, 312, 13, '2019-01-22', '0'),
(6290, 314, 13, '2019-01-22', '0'),
(6291, 315, 13, '2019-01-22', '0'),
(6292, 317, 13, '2019-01-22', '0'),
(6293, 363, 15, '2019-01-22', '1'),
(6294, 364, 15, '2019-01-22', '1'),
(6295, 549, 15, '2019-01-22', '0'),
(6296, 371, 15, '2019-01-22', '1'),
(6297, 373, 15, '2019-01-22', '1'),
(6298, 374, 15, '2019-01-22', '1'),
(6299, 376, 15, '2019-01-22', '1'),
(6300, 377, 15, '2019-01-22', '1'),
(6301, 378, 15, '2019-01-22', '1'),
(6302, 381, 15, '2019-01-22', '1'),
(6303, 382, 15, '2019-01-22', '1'),
(6304, 385, 15, '2019-01-22', '1'),
(6305, 387, 15, '2019-01-22', '1'),
(6306, 388, 15, '2019-01-22', '1'),
(6307, 390, 15, '2019-01-22', '1'),
(6308, 392, 15, '2019-01-22', '0'),
(6309, 393, 15, '2019-01-22', '1'),
(6310, 397, 15, '2019-01-22', '1'),
(6311, 399, 15, '2019-01-22', '1'),
(6312, 361, 15, '2019-01-22', '1'),
(6313, 398, 15, '2019-01-22', '1'),
(6314, 365, 15, '2019-01-22', '1'),
(6315, 366, 15, '2019-01-22', '1'),
(6316, 400, 15, '2019-01-22', '0'),
(6317, 611, 15, '2019-01-22', '1'),
(6318, 367, 15, '2019-01-22', '1'),
(6319, 368, 15, '2019-01-22', '1'),
(6320, 369, 15, '2019-01-22', '1'),
(6321, 370, 15, '2019-01-22', '1'),
(6322, 375, 15, '2019-01-22', '1'),
(6323, 380, 15, '2019-01-22', '1'),
(6324, 379, 15, '2019-01-22', '1'),
(6325, 372, 15, '2019-01-22', '1'),
(6326, 362, 15, '2019-01-22', '1'),
(6327, 383, 15, '2019-01-22', '0'),
(6328, 384, 15, '2019-01-22', '1'),
(6329, 386, 15, '2019-01-22', '0'),
(6330, 389, 15, '2019-01-22', '1'),
(6331, 391, 15, '2019-01-22', '1'),
(6332, 394, 15, '2019-01-22', '1'),
(6333, 395, 15, '2019-01-22', '1'),
(6334, 396, 15, '2019-01-22', '0'),
(6335, 360, 15, '2019-01-22', '0'),
(6336, 359, 15, '2019-01-22', '0'),
(6337, 770, 26, '2019-01-29', '1'),
(6338, 771, 26, '2019-01-29', '1'),
(6339, 772, 26, '2019-01-29', '1'),
(6340, 774, 26, '2019-01-29', '1'),
(6341, 775, 26, '2019-01-29', '1'),
(6342, 776, 26, '2019-01-29', '1'),
(6343, 777, 26, '2019-01-29', '1'),
(6344, 778, 26, '2019-01-29', '1'),
(6345, 780, 26, '2019-01-29', '1'),
(6346, 781, 26, '2019-01-29', '1'),
(6347, 782, 26, '2019-01-29', '1'),
(6348, 783, 26, '2019-01-29', '1'),
(6349, 784, 26, '2019-01-29', '1'),
(6350, 785, 26, '2019-01-29', '1'),
(6351, 786, 26, '2019-01-29', '1'),
(6352, 787, 26, '2019-01-29', '1'),
(6353, 788, 26, '2019-01-29', '1'),
(6354, 789, 26, '2019-01-29', '1'),
(6355, 790, 26, '2019-01-29', '1'),
(6356, 791, 26, '2019-01-29', '1'),
(6357, 792, 26, '2019-01-29', '1'),
(6358, 793, 26, '2019-01-29', '1'),
(6359, 794, 26, '2019-01-29', '1'),
(6360, 795, 26, '2019-01-29', '1'),
(6361, 796, 26, '2019-01-29', '1'),
(6362, 797, 26, '2019-01-29', '1'),
(6363, 798, 26, '2019-01-29', '1'),
(6364, 754, 26, '2019-01-29', '1'),
(6365, 755, 26, '2019-01-29', '1'),
(6366, 756, 26, '2019-01-29', '1'),
(6367, 773, 26, '2019-01-29', '1'),
(6368, 757, 26, '2019-01-29', '1'),
(6369, 758, 26, '2019-01-29', '1'),
(6370, 759, 26, '2019-01-29', '1'),
(6371, 760, 26, '2019-01-29', '1'),
(6372, 779, 26, '2019-01-29', '1'),
(6373, 761, 26, '2019-01-29', '1'),
(6374, 762, 26, '2019-01-29', '1'),
(6375, 763, 26, '2019-01-29', '1'),
(6376, 764, 26, '2019-01-29', '1'),
(6377, 765, 26, '2019-01-29', '1'),
(6378, 766, 26, '2019-01-29', '1'),
(6379, 769, 26, '2019-01-29', '1'),
(6380, 767, 26, '2019-01-29', '1'),
(6381, 768, 26, '2019-01-29', '0'),
(6382, 799, 26, '2019-01-29', '1');

-- --------------------------------------------------------

--
-- Table structure for table `tbl_class`
--

CREATE TABLE `tbl_class` (
  `class_id` int(11) NOT NULL,
  `instructor` varchar(11) NOT NULL,
  `class_name` varchar(200) NOT NULL,
  `class_schedule` varchar(100) NOT NULL,
  `class_desc` varchar(200) NOT NULL,
  `class_room` int(11) NOT NULL,
  `SY` int(11) NOT NULL
) ENGINE=InnoDB DEFAULT CHARSET=latin1;

--
-- Dumping data for table `tbl_class`
--

INSERT INTO `tbl_class` (`class_id`, `instructor`, `class_name`, `class_schedule`, `class_desc`, `class_room`, `SY`) VALUES
(10, '1', 'Office Productivity', 'Monday | 1:00 PM - 2:00 PM', 'Grade 7 - St. Thomas', 1, 1),
(11, '1', 'Office Productivity', 'Monday | 4:00 PM - 5:00 PM', 'Grade 7 - St. Joseph', 1, 1),
(12, '1', 'Desktop Publishing', 'Tuesday | 8:50 AM - 9:50 AM', 'Grade 8 - St. Nicholas', 1, 1),
(13, '1', 'Desktop Publishing', 'Tuesday | 1:00 PM - 2:00 PM', 'Grade 8 - St. Sebastian', 1, 1),
(14, '1', 'Desktop Publishing', 'Tuesday | 3:00 PM - 4:00 PM', 'Grade 8 - St. Christopher', 1, 1),
(15, '1', 'Desktop Publishing', 'Tuesday | 4:00 PM - 5:00 PM', 'Grade 8 - St. Claire', 1, 1),
(16, '1', 'VB.NET Fundamentals', 'Wednesday | 10:50 AM - 11:50 AM', 'Grade 9 - St. Patrick', 1, 1),
(17, '1', 'VB.NET Fundamentals', 'Wednesday | 3:00 PM - 4:00 PM', 'Grade 9 - St.  Benedict', 1, 1),
(18, '1', 'VB.NET Fundamentals', 'Wednesday | 4:00 PM - 5:00 PM', 'Grade 9 - St. Ignatius', 1, 1),
(19, '1', 'Accounting for Basic Bookkeeping', 'Thursday | 8:30 AM - 9:30 AM', 'Grade 10 - St. Peter & Paul', 1, 1),
(20, '1', 'Accounting for Basic Bookkeeping', 'Thursday | 1:00 PM - 2:00 PM', 'Grade 10 - St. John the Baptist', 1, 1),
(21, '1', 'Accounting for Basic Bookkeeping', 'Thursday | 2:00 PM - 3:00 PM', 'Grade 10 - St. Michael', 1, 1),
(24, '1', 'Office Productivity', 'Monday | 8:50 AM -9:50 AM', 'Grade 7 - St. John Paul II', 1, 1),
(25, '1', 'Office Productivity', 'Monday | 10:50 AM - 11:50 AM', 'Grade 7 - St. Theresa', 1, 1),
(26, '1', 'Desktop Publishing', 'Tuesday | 1:00 PM - 2:00 PM', 'St. Francis Xavier', 1, 1),
(27, '1', 'Office Productivity', 'Monday | 2:00 PM - 3:00 PM', 'Grade 7 - St. Jerome', 1, 1);

-- --------------------------------------------------------

--
-- Table structure for table `tbl_class_member`
--

CREATE TABLE `tbl_class_member` (
  `member_id` int(11) NOT NULL,
  `class_id` int(11) NOT NULL,
  `student_id` int(11) NOT NULL,
  `std_status` varchar(20) NOT NULL
) ENGINE=InnoDB DEFAULT CHARSET=latin1;

--
-- Dumping data for table `tbl_class_member`
--

INSERT INTO `tbl_class_member` (`member_id`, `class_id`, `student_id`, `std_status`) VALUES
(3, 10, 7, 'active'),
(4, 10, 5, 'active'),
(5, 10, 41, 'active'),
(6, 10, 8, 'active'),
(7, 10, 35, 'active'),
(8, 10, 48, 'active'),
(9, 10, 39, 'active'),
(10, 10, 24, 'active'),
(11, 10, 47, 'active'),
(12, 10, 40, 'active'),
(13, 10, 16, 'active'),
(14, 10, 19, 'active'),
(15, 10, 34, 'active'),
(16, 10, 31, 'active'),
(17, 10, 27, 'active'),
(18, 10, 33, 'active'),
(19, 10, 38, 'active'),
(20, 10, 18, 'active'),
(21, 10, 10, 'active'),
(22, 10, 30, 'active'),
(23, 10, 32, 'active'),
(24, 10, 28, 'active'),
(25, 10, 26, 'active'),
(26, 10, 6, 'active'),
(27, 10, 14, 'active'),
(28, 10, 13, 'active'),
(29, 10, 17, 'active'),
(30, 10, 11, 'active'),
(31, 10, 36, 'active'),
(32, 10, 22, 'active'),
(33, 10, 29, 'active'),
(34, 10, 25, 'active'),
(35, 10, 37, 'active'),
(36, 10, 23, 'active'),
(37, 10, 46, 'active'),
(38, 10, 42, 'active'),
(39, 10, 45, 'active'),
(40, 10, 44, 'active'),
(41, 10, 43, 'active'),
(42, 10, 15, 'active'),
(43, 10, 21, 'active'),
(44, 10, 12, 'active'),
(45, 10, 20, 'active'),
(46, 10, 9, 'active'),
(47, 11, 52, 'active'),
(48, 11, 53, 'active'),
(49, 11, 55, 'active'),
(50, 11, 57, 'active'),
(51, 11, 58, 'active'),
(52, 11, 59, 'active'),
(53, 11, 60, 'active'),
(54, 11, 63, 'active'),
(55, 11, 62, 'active'),
(56, 11, 64, 'active'),
(57, 11, 69, 'active'),
(58, 11, 71, 'active'),
(59, 11, 74, 'active'),
(60, 11, 77, 'active'),
(61, 11, 78, 'active'),
(62, 11, 79, 'active'),
(63, 11, 82, 'active'),
(64, 11, 83, 'active'),
(65, 11, 85, 'active'),
(66, 11, 49, 'active'),
(67, 11, 50, 'active'),
(68, 11, 76, 'active'),
(69, 11, 51, 'active'),
(70, 11, 56, 'active'),
(71, 11, 54, 'active'),
(72, 11, 61, 'active'),
(73, 11, 65, 'active'),
(74, 11, 66, 'active'),
(75, 11, 67, 'active'),
(76, 11, 68, 'active'),
(77, 11, 70, 'active'),
(78, 11, 72, 'active'),
(79, 11, 73, 'active'),
(80, 11, 75, 'active'),
(81, 11, 80, 'active'),
(82, 11, 81, 'active'),
(83, 11, 84, 'active'),
(84, 11, 86, 'active'),
(85, 11, 87, 'active'),
(86, 11, 88, 'active'),
(87, 11, 89, 'active'),
(88, 11, 90, 'active'),
(89, 11, 93, 'active'),
(90, 11, 92, 'active'),
(91, 11, 91, 'active'),
(92, 14, 94, 'active'),
(93, 14, 95, 'active'),
(94, 14, 96, 'active'),
(95, 14, 97, 'active'),
(96, 14, 98, 'active'),
(97, 14, 99, 'active'),
(98, 14, 100, 'active'),
(99, 14, 101, 'active'),
(100, 14, 102, 'active'),
(101, 14, 103, 'active'),
(102, 14, 104, 'active'),
(103, 14, 105, 'active'),
(104, 14, 106, 'active'),
(105, 14, 107, 'active'),
(106, 14, 108, 'active'),
(107, 14, 109, 'active'),
(108, 14, 110, 'active'),
(109, 14, 111, 'active'),
(110, 14, 112, 'active'),
(111, 14, 113, 'active'),
(112, 14, 114, 'active'),
(113, 14, 115, 'active'),
(114, 14, 116, 'active'),
(115, 14, 117, 'active'),
(116, 14, 118, 'active'),
(117, 14, 119, 'active'),
(118, 14, 120, 'active'),
(119, 14, 121, 'active'),
(120, 14, 122, 'active'),
(121, 14, 123, 'active'),
(122, 14, 124, 'active'),
(123, 14, 125, 'active'),
(124, 14, 126, 'active'),
(125, 14, 127, 'active'),
(126, 14, 128, 'active'),
(127, 14, 129, 'active'),
(128, 14, 130, 'active'),
(129, 14, 131, 'active'),
(130, 14, 132, 'active'),
(131, 14, 133, 'active'),
(132, 14, 134, 'active'),
(133, 14, 135, 'active'),
(134, 14, 136, 'active'),
(135, 14, 137, 'active'),
(136, 14, 138, 'active'),
(137, 14, 139, 'active'),
(138, 16, 165, 'active'),
(139, 16, 180, 'active'),
(140, 16, 178, 'active'),
(141, 16, 179, 'active'),
(142, 16, 167, 'active'),
(143, 16, 177, 'active'),
(144, 16, 181, 'active'),
(145, 16, 161, 'active'),
(146, 16, 184, 'active'),
(147, 16, 174, 'active'),
(148, 16, 183, 'active'),
(149, 16, 172, 'active'),
(150, 16, 162, 'active'),
(151, 16, 175, 'active'),
(152, 16, 182, 'active'),
(153, 16, 185, 'active'),
(154, 16, 163, 'active'),
(155, 16, 187, 'active'),
(156, 16, 171, 'active'),
(157, 16, 186, 'active'),
(158, 16, 164, 'active'),
(159, 16, 166, 'active'),
(160, 16, 176, 'active'),
(161, 16, 173, 'active'),
(162, 16, 168, 'active'),
(163, 16, 169, 'active'),
(164, 16, 160, 'active'),
(165, 16, 170, 'active'),
(166, 16, 149, 'active'),
(167, 16, 143, 'active'),
(168, 16, 144, 'active'),
(169, 16, 159, 'active'),
(170, 16, 150, 'active'),
(171, 16, 154, 'active'),
(172, 16, 146, 'active'),
(173, 16, 158, 'active'),
(174, 16, 153, 'active'),
(175, 16, 148, 'active'),
(176, 16, 151, 'active'),
(177, 16, 147, 'active'),
(178, 16, 145, 'active'),
(179, 16, 140, 'active'),
(180, 16, 155, 'active'),
(181, 16, 142, 'active'),
(182, 16, 157, 'active'),
(183, 16, 141, 'active'),
(184, 16, 156, 'active'),
(186, 16, 231, 'active'),
(187, 16, 232, 'active'),
(188, 11, 233, 'active'),
(189, 17, 230, 'active'),
(190, 17, 228, 'active'),
(191, 17, 205, 'active'),
(192, 17, 214, 'active'),
(193, 17, 212, 'active'),
(194, 17, 213, 'active'),
(195, 17, 215, 'active'),
(196, 17, 216, 'active'),
(197, 17, 217, 'active'),
(198, 17, 218, 'active'),
(199, 17, 225, 'active'),
(200, 17, 223, 'active'),
(201, 17, 224, 'active'),
(202, 17, 204, 'active'),
(203, 17, 201, 'active'),
(204, 17, 194, 'active'),
(205, 17, 196, 'active'),
(206, 17, 195, 'active'),
(207, 17, 188, 'active'),
(208, 17, 191, 'active'),
(209, 17, 193, 'active'),
(210, 17, 198, 'active'),
(211, 17, 200, 'active'),
(212, 17, 206, 'active'),
(213, 17, 192, 'active'),
(214, 17, 222, 'active'),
(215, 17, 209, 'active'),
(216, 17, 199, 'active'),
(217, 17, 229, 'active'),
(218, 17, 189, 'active'),
(219, 17, 197, 'active'),
(220, 17, 208, 'active'),
(221, 17, 190, 'active'),
(222, 17, 207, 'active'),
(223, 17, 202, 'active'),
(224, 17, 203, 'active'),
(225, 17, 219, 'active'),
(226, 17, 210, 'active'),
(227, 17, 220, 'active'),
(228, 17, 227, 'active'),
(229, 17, 221, 'active'),
(230, 17, 226, 'active'),
(231, 17, 211, 'active'),
(232, 12, 259, 'active'),
(233, 12, 297, 'active'),
(234, 12, 281, 'active'),
(235, 12, 287, 'active'),
(236, 12, 292, 'active'),
(237, 12, 296, 'active'),
(238, 12, 282, 'active'),
(239, 12, 294, 'active'),
(240, 12, 290, 'active'),
(241, 12, 276, 'active'),
(242, 12, 264, 'active'),
(243, 12, 262, 'active'),
(244, 12, 267, 'active'),
(245, 12, 258, 'active'),
(246, 12, 266, 'active'),
(247, 12, 283, 'active'),
(248, 12, 293, 'active'),
(249, 12, 284, 'active'),
(250, 12, 285, 'active'),
(251, 12, 263, 'active'),
(252, 12, 265, 'active'),
(253, 12, 295, 'active'),
(254, 12, 286, 'active'),
(255, 12, 288, 'active'),
(256, 12, 289, 'active'),
(257, 12, 256, 'active'),
(258, 12, 273, 'active'),
(259, 12, 291, 'active'),
(260, 12, 271, 'active'),
(261, 12, 280, 'active'),
(262, 12, 269, 'active'),
(263, 12, 278, 'active'),
(264, 12, 277, 'active'),
(265, 12, 257, 'active'),
(266, 12, 270, 'active'),
(267, 12, 275, 'active'),
(268, 12, 274, 'active'),
(269, 12, 279, 'active'),
(270, 12, 272, 'active'),
(271, 12, 260, 'active'),
(272, 12, 268, 'active'),
(273, 12, 261, 'active'),
(275, 13, 234, 'active'),
(276, 13, 235, 'active'),
(277, 13, 236, 'active'),
(278, 13, 238, 'active'),
(279, 13, 237, 'active'),
(280, 13, 301, 'active'),
(281, 13, 239, 'active'),
(282, 13, 302, 'active'),
(283, 13, 303, 'active'),
(284, 13, 240, 'active'),
(285, 13, 304, 'active'),
(286, 13, 305, 'active'),
(287, 13, 241, 'active'),
(288, 13, 242, 'active'),
(289, 13, 306, 'active'),
(290, 13, 243, 'active'),
(291, 13, 307, 'active'),
(292, 13, 308, 'active'),
(293, 13, 309, 'active'),
(294, 13, 310, 'active'),
(295, 13, 244, 'active'),
(296, 13, 245, 'active'),
(297, 13, 246, 'active'),
(298, 13, 247, 'active'),
(299, 13, 311, 'active'),
(300, 13, 312, 'active'),
(301, 13, 248, 'active'),
(302, 13, 313, 'active'),
(303, 13, 249, 'active'),
(304, 13, 250, 'active'),
(305, 13, 251, 'active'),
(306, 13, 252, 'active'),
(307, 13, 314, 'active'),
(308, 13, 253, 'active'),
(309, 13, 315, 'active'),
(310, 13, 316, 'active'),
(311, 13, 254, 'active'),
(312, 13, 255, 'active'),
(313, 13, 317, 'active'),
(314, 13, 298, 'active'),
(315, 13, 299, 'active'),
(316, 13, 318, 'active'),
(317, 13, 300, 'active'),
(359, 15, 319, 'active'),
(360, 15, 320, 'active'),
(361, 15, 322, 'active'),
(362, 15, 323, 'active'),
(363, 15, 343, 'active'),
(364, 15, 344, 'active'),
(365, 15, 325, 'active'),
(366, 15, 326, 'active'),
(367, 15, 328, 'active'),
(368, 15, 327, 'active'),
(369, 15, 329, 'active'),
(370, 15, 330, 'active'),
(371, 15, 349, 'active'),
(372, 15, 334, 'active'),
(373, 15, 348, 'active'),
(374, 15, 347, 'active'),
(375, 15, 331, 'active'),
(376, 15, 346, 'active'),
(377, 15, 345, 'active'),
(378, 15, 350, 'active'),
(379, 15, 333, 'active'),
(380, 15, 332, 'active'),
(381, 15, 351, 'active'),
(382, 15, 352, 'active'),
(383, 15, 335, 'active'),
(384, 15, 336, 'active'),
(385, 15, 353, 'active'),
(386, 15, 337, 'active'),
(387, 15, 354, 'active'),
(388, 15, 355, 'active'),
(389, 15, 338, 'active'),
(390, 15, 356, 'active'),
(391, 15, 339, 'active'),
(392, 15, 357, 'active'),
(393, 15, 358, 'active'),
(394, 15, 340, 'active'),
(395, 15, 341, 'active'),
(396, 15, 342, 'active'),
(397, 15, 359, 'active'),
(398, 15, 360, 'active'),
(399, 15, 362, 'active'),
(400, 15, 361, 'active'),
(401, 17, 363, 'active'),
(402, 17, 364, 'active'),
(403, 17, 365, 'active'),
(404, 17, 366, 'active'),
(405, 17, 367, 'active'),
(406, 18, 402, 'active'),
(407, 18, 400, 'active'),
(408, 18, 387, 'active'),
(409, 18, 404, 'active'),
(410, 18, 374, 'active'),
(411, 18, 405, 'active'),
(412, 18, 408, 'active'),
(413, 18, 399, 'active'),
(414, 18, 394, 'active'),
(415, 18, 411, 'active'),
(416, 18, 392, 'active'),
(417, 18, 390, 'active'),
(418, 18, 412, 'active'),
(419, 18, 413, 'active'),
(420, 18, 373, 'active'),
(421, 18, 386, 'active'),
(422, 18, 380, 'active'),
(423, 18, 383, 'active'),
(424, 18, 397, 'active'),
(425, 18, 398, 'active'),
(426, 18, 391, 'active'),
(427, 18, 369, 'active'),
(428, 18, 382, 'active'),
(429, 18, 372, 'active'),
(430, 18, 379, 'active'),
(431, 18, 403, 'active'),
(432, 18, 410, 'active'),
(433, 18, 376, 'active'),
(434, 18, 415, 'active'),
(435, 18, 407, 'active'),
(436, 18, 371, 'active'),
(437, 18, 401, 'active'),
(438, 18, 409, 'active'),
(439, 18, 377, 'active'),
(440, 18, 406, 'active'),
(441, 18, 388, 'active'),
(442, 18, 395, 'active'),
(443, 18, 378, 'active'),
(444, 18, 414, 'active'),
(445, 18, 385, 'active'),
(446, 18, 375, 'active'),
(447, 18, 384, 'active'),
(448, 18, 381, 'active'),
(449, 18, 396, 'active'),
(450, 18, 389, 'active'),
(451, 18, 393, 'active'),
(452, 18, 368, 'active'),
(453, 18, 370, 'active'),
(454, 19, 450, 'active'),
(455, 19, 460, 'active'),
(456, 19, 461, 'active'),
(457, 19, 421, 'active'),
(458, 19, 447, 'active'),
(459, 19, 440, 'active'),
(460, 19, 425, 'active'),
(461, 19, 457, 'active'),
(462, 19, 419, 'active'),
(463, 19, 435, 'active'),
(464, 19, 463, 'active'),
(465, 19, 455, 'active'),
(466, 19, 453, 'active'),
(467, 19, 429, 'active'),
(468, 19, 462, 'active'),
(469, 19, 424, 'active'),
(470, 19, 452, 'active'),
(471, 19, 445, 'active'),
(472, 19, 416, 'active'),
(473, 19, 454, 'active'),
(474, 19, 456, 'active'),
(475, 19, 459, 'active'),
(476, 19, 420, 'active'),
(477, 19, 446, 'active'),
(478, 19, 423, 'active'),
(479, 19, 448, 'active'),
(480, 19, 438, 'active'),
(481, 19, 427, 'active'),
(482, 19, 441, 'active'),
(483, 19, 437, 'active'),
(484, 19, 432, 'active'),
(485, 19, 431, 'active'),
(486, 19, 417, 'active'),
(487, 19, 443, 'active'),
(488, 19, 433, 'active'),
(489, 19, 444, 'active'),
(490, 19, 449, 'active'),
(491, 19, 422, 'active'),
(492, 19, 430, 'active'),
(493, 19, 426, 'active'),
(494, 19, 442, 'active'),
(495, 19, 451, 'active'),
(496, 19, 436, 'active'),
(497, 19, 434, 'active'),
(498, 19, 439, 'active'),
(499, 19, 458, 'active'),
(500, 19, 418, 'active'),
(501, 19, 428, 'active'),
(502, 20, 464, 'active'),
(503, 20, 465, 'active'),
(504, 20, 466, 'active'),
(505, 20, 467, 'active'),
(506, 20, 468, 'active'),
(507, 20, 469, 'active'),
(508, 20, 470, 'active'),
(509, 20, 471, 'active'),
(510, 20, 472, 'active'),
(511, 20, 473, 'active'),
(512, 20, 474, 'active'),
(513, 20, 475, 'active'),
(514, 20, 476, 'active'),
(515, 20, 477, 'active'),
(516, 20, 478, 'active'),
(517, 20, 479, 'active'),
(518, 20, 480, 'active'),
(519, 20, 481, 'active'),
(520, 20, 482, 'active'),
(521, 20, 483, 'active'),
(522, 20, 484, 'active'),
(523, 20, 485, 'active'),
(524, 20, 486, 'active'),
(525, 20, 487, 'active'),
(526, 20, 488, 'active'),
(527, 20, 489, 'active'),
(528, 20, 490, 'active'),
(529, 20, 491, 'active'),
(530, 20, 492, 'active'),
(531, 20, 493, 'active'),
(532, 20, 494, 'active'),
(533, 20, 495, 'active'),
(534, 20, 496, 'active'),
(535, 20, 497, 'active'),
(536, 20, 498, 'active'),
(537, 20, 499, 'active'),
(538, 20, 500, 'active'),
(539, 20, 501, 'active'),
(540, 20, 502, 'active'),
(541, 20, 503, 'active'),
(542, 20, 504, 'active'),
(543, 20, 505, 'active'),
(544, 20, 506, 'active'),
(545, 20, 507, 'active'),
(546, 20, 508, 'active'),
(547, 20, 509, 'active'),
(548, 20, 510, 'active'),
(549, 15, 511, 'active'),
(550, 13, 512, 'active'),
(551, 17, 513, 'active'),
(552, 17, 514, 'active'),
(553, 18, 515, 'active'),
(554, 19, 516, 'active'),
(555, 19, 517, 'active'),
(556, 20, 520, 'active'),
(557, 20, 518, 'active'),
(558, 20, 519, 'active'),
(559, 20, 521, 'active'),
(560, 21, 522, 'active'),
(561, 21, 523, 'active'),
(562, 21, 524, 'active'),
(563, 21, 525, 'active'),
(564, 21, 526, 'active'),
(565, 21, 527, 'active'),
(566, 21, 528, 'active'),
(567, 21, 529, 'active'),
(568, 21, 530, 'active'),
(569, 21, 531, 'active'),
(570, 21, 532, 'active'),
(571, 21, 533, 'active'),
(572, 21, 534, 'active'),
(573, 21, 535, 'active'),
(574, 21, 536, 'active'),
(575, 21, 537, 'active'),
(576, 21, 538, 'active'),
(577, 21, 539, 'active'),
(578, 21, 540, 'active'),
(579, 21, 541, 'active'),
(580, 21, 542, 'active'),
(581, 21, 543, 'active'),
(582, 21, 544, 'active'),
(583, 21, 545, 'active'),
(584, 21, 546, 'active'),
(585, 21, 547, 'active'),
(586, 21, 548, 'active'),
(587, 21, 549, 'active'),
(588, 21, 550, 'active'),
(589, 21, 551, 'active'),
(590, 21, 552, 'active'),
(591, 21, 553, 'active'),
(592, 21, 554, 'active'),
(593, 21, 555, 'active'),
(594, 21, 556, 'active'),
(595, 21, 557, 'active'),
(596, 21, 558, 'active'),
(597, 21, 559, 'active'),
(598, 21, 560, 'active'),
(599, 21, 561, 'active'),
(600, 21, 562, 'active'),
(601, 21, 563, 'active'),
(602, 21, 564, 'active'),
(603, 21, 565, 'active'),
(604, 21, 566, 'active'),
(605, 21, 567, 'active'),
(606, 21, 568, 'active'),
(607, 21, 569, 'active'),
(608, 21, 570, 'active'),
(609, 21, 571, 'active'),
(610, 21, 572, 'active'),
(611, 15, 573, 'active'),
(612, 20, 574, 'active'),
(613, 21, 575, 'active'),
(614, 24, 577, 'active'),
(615, 24, 578, 'active'),
(616, 24, 579, 'active'),
(617, 24, 580, 'active'),
(618, 24, 581, 'active'),
(619, 24, 582, 'active'),
(620, 24, 583, 'active'),
(621, 24, 584, 'active'),
(622, 24, 585, 'active'),
(623, 24, 586, 'active'),
(624, 24, 587, 'active'),
(625, 24, 588, 'active'),
(626, 24, 589, 'active'),
(627, 24, 590, 'active'),
(628, 24, 591, 'active'),
(629, 24, 592, 'active'),
(630, 24, 593, 'active'),
(631, 24, 594, 'active'),
(632, 24, 595, 'active'),
(633, 24, 596, 'active'),
(634, 24, 597, 'active'),
(635, 24, 598, 'active'),
(636, 24, 599, 'active'),
(637, 24, 600, 'active'),
(638, 24, 601, 'active'),
(639, 24, 602, 'active'),
(640, 24, 603, 'active'),
(641, 24, 604, 'active'),
(642, 24, 605, 'active'),
(643, 24, 606, 'active'),
(644, 24, 607, 'active'),
(645, 24, 608, 'active'),
(646, 24, 609, 'active'),
(647, 24, 610, 'active'),
(648, 24, 611, 'active'),
(649, 24, 612, 'active'),
(650, 24, 613, 'active'),
(677, 24, 618, 'active'),
(678, 24, 617, 'active'),
(679, 24, 616, 'active'),
(680, 24, 615, 'active'),
(681, 24, 614, 'active'),
(682, 24, 621, 'active'),
(683, 24, 619, 'active'),
(684, 24, 620, 'active'),
(685, 25, 623, 'active'),
(686, 25, 624, 'active'),
(687, 25, 625, 'active'),
(688, 25, 626, 'active'),
(689, 25, 627, 'active'),
(690, 25, 628, 'active'),
(691, 25, 629, 'active'),
(692, 25, 630, 'active'),
(693, 25, 631, 'active'),
(694, 25, 632, 'active'),
(695, 25, 633, 'active'),
(696, 25, 634, 'active'),
(697, 25, 635, 'active'),
(698, 25, 636, 'active'),
(699, 25, 637, 'active'),
(700, 25, 638, 'active'),
(701, 25, 639, 'active'),
(702, 25, 640, 'active'),
(703, 25, 641, 'active'),
(704, 25, 642, 'active'),
(705, 25, 643, 'active'),
(706, 25, 644, 'active'),
(707, 25, 645, 'active'),
(708, 25, 646, 'active'),
(709, 25, 647, 'active'),
(710, 25, 648, 'active'),
(711, 25, 649, 'active'),
(712, 25, 650, 'active'),
(713, 25, 651, 'active'),
(714, 25, 652, 'active'),
(715, 25, 653, 'active'),
(716, 25, 654, 'active'),
(717, 25, 655, 'active'),
(718, 25, 656, 'active'),
(719, 25, 657, 'active'),
(720, 25, 658, 'active'),
(721, 25, 659, 'active'),
(722, 25, 660, 'active'),
(723, 25, 661, 'active'),
(724, 25, 662, 'active'),
(725, 25, 663, 'active'),
(726, 25, 664, 'active'),
(748, 25, 666, 'active'),
(749, 25, 665, 'active'),
(750, 25, 668, 'active'),
(751, 25, 667, 'active'),
(752, 19, 669, 'active'),
(753, 19, 576, ''),
(754, 26, 670, 'active'),
(755, 26, 671, 'active'),
(756, 26, 672, 'active'),
(757, 26, 673, 'active'),
(758, 26, 674, 'active'),
(759, 26, 675, 'active'),
(760, 26, 676, 'active'),
(761, 26, 677, 'active'),
(762, 26, 678, 'active'),
(763, 26, 679, 'active'),
(764, 26, 680, 'active'),
(765, 26, 681, 'active'),
(766, 26, 682, 'active'),
(767, 26, 683, 'active'),
(768, 26, 684, 'active'),
(769, 26, 685, 'active'),
(770, 26, 686, 'active'),
(771, 26, 687, 'active'),
(772, 26, 688, 'active'),
(773, 26, 689, 'active'),
(774, 26, 690, 'active'),
(775, 26, 691, 'active'),
(776, 26, 692, 'active'),
(777, 26, 693, 'active'),
(778, 26, 694, 'active'),
(779, 26, 695, 'active'),
(780, 26, 696, 'active'),
(781, 26, 697, 'active'),
(782, 26, 698, 'active'),
(783, 26, 699, 'active'),
(784, 26, 700, 'active'),
(785, 26, 701, 'active'),
(786, 26, 702, 'active'),
(787, 26, 703, 'active'),
(788, 26, 704, 'active'),
(789, 26, 705, 'active'),
(790, 26, 706, 'active'),
(791, 26, 707, 'active'),
(792, 26, 708, 'active'),
(793, 26, 709, 'active'),
(794, 26, 710, 'active'),
(795, 26, 711, 'active'),
(796, 26, 712, 'active'),
(797, 26, 713, 'active'),
(798, 26, 714, 'active'),
(799, 26, 715, '');

-- --------------------------------------------------------

--
-- Table structure for table `tbl_class_quiz`
--

CREATE TABLE `tbl_class_quiz` (
  `id` int(11) NOT NULL,
  `class_id` int(11) NOT NULL,
  `quiz_code` varchar(20) NOT NULL,
  `date_take` date NOT NULL,
  `no_items` double NOT NULL
) ENGINE=InnoDB DEFAULT CHARSET=latin1;

--
-- Dumping data for table `tbl_class_quiz`
--

INSERT INTO `tbl_class_quiz` (`id`, `class_id`, `quiz_code`, `date_take`, `no_items`) VALUES
(4, 10, '10001', '2018-07-09', 15),
(7, 11, 'Quiz 1', '2018-07-09', 15);

-- --------------------------------------------------------

--
-- Table structure for table `tbl_class_quiz_record`
--

CREATE TABLE `tbl_class_quiz_record` (
  `id` int(11) NOT NULL,
  `member_id` int(11) NOT NULL,
  `class_id` int(11) NOT NULL,
  `date_recorded` datetime NOT NULL,
  `quiz_id` int(11) NOT NULL,
  `quiz_score` int(11) NOT NULL
) ENGINE=InnoDB DEFAULT CHARSET=latin1;

--
-- Dumping data for table `tbl_class_quiz_record`
--

INSERT INTO `tbl_class_quiz_record` (`id`, `member_id`, `class_id`, `date_recorded`, `quiz_id`, `quiz_score`) VALUES
(1, 32, 10, '2018-07-16 06:18:39', 4, 13),
(3, 30, 10, '2018-07-16 06:42:47', 4, 15),
(4, 5, 10, '2018-07-16 06:47:01', 4, 8),
(5, 43, 10, '2018-07-16 06:49:46', 4, 12),
(6, 36, 10, '2018-07-16 06:50:27', 4, 15),
(7, 11, 10, '2018-07-16 06:50:48', 4, 13),
(8, 4, 10, '2018-07-16 06:51:02', 4, 5),
(9, 14, 10, '2018-07-16 06:51:12', 4, 14),
(10, 19, 10, '2018-07-16 06:51:20', 4, 9),
(11, 42, 10, '2018-07-16 06:51:32', 4, 14),
(12, 9, 10, '2018-07-16 06:51:39', 4, 12),
(13, 20, 10, '2018-07-16 06:51:51', 4, 10),
(14, 45, 10, '2018-07-16 06:52:05', 4, 10),
(15, 21, 10, '2018-07-16 06:52:12', 4, 15),
(16, 23, 10, '2018-07-16 06:52:24', 4, 8),
(17, 46, 10, '2018-07-16 06:52:34', 4, 14),
(18, 26, 10, '2018-07-16 06:52:45', 4, 12),
(19, 7, 10, '2018-07-16 06:53:00', 4, 4),
(20, 31, 10, '2018-07-16 06:53:07', 4, 13),
(21, 25, 10, '2018-07-16 06:53:26', 4, 5),
(22, 39, 10, '2018-07-16 06:53:36', 4, 9),
(23, 22, 10, '2018-07-16 06:53:47', 4, 14),
(24, 33, 10, '2018-07-16 06:53:56', 4, 15),
(25, 38, 10, '2018-07-16 06:54:07', 4, 4),
(26, 40, 10, '2018-07-16 06:54:16', 4, 12),
(27, 10, 10, '2018-07-16 06:54:28', 4, 15),
(28, 18, 10, '2018-07-16 06:54:41', 4, 6),
(29, 17, 10, '2018-07-16 06:54:52', 4, 10),
(30, 34, 10, '2018-07-16 06:55:01', 4, 15),
(31, 15, 10, '2018-07-16 06:55:48', 4, 7),
(32, 16, 10, '2018-07-16 06:56:12', 4, 14),
(33, 35, 10, '2018-07-16 06:56:24', 4, 14),
(34, 6, 10, '2018-07-16 06:56:54', 4, 15),
(35, 27, 10, '2018-07-16 06:57:09', 4, 15),
(36, 13, 10, '2018-07-16 06:57:23', 4, 14),
(37, 44, 10, '2018-07-16 06:57:33', 4, 8),
(38, 28, 10, '2018-07-16 06:57:39', 4, 6),
(39, 8, 10, '2018-07-16 06:57:52', 4, 9),
(40, 37, 10, '2018-07-16 06:57:59', 4, 11),
(41, 12, 10, '2018-07-16 06:58:09', 4, 11),
(42, 29, 10, '2018-07-16 06:58:14', 4, 9),
(43, 24, 10, '2018-07-16 06:58:26', 4, 15),
(44, 91, 11, '2018-07-16 07:13:08', 7, 7),
(45, 67, 11, '2018-07-16 07:14:03', 7, 8),
(46, 57, 11, '2018-07-16 07:14:14', 7, 8),
(47, 80, 11, '2018-07-16 07:14:41', 7, 8),
(48, 79, 11, '2018-07-16 07:15:13', 7, 10),
(49, 82, 11, '2018-07-16 07:15:38', 7, 5),
(50, 56, 11, '2018-07-16 07:15:54', 7, 1),
(51, 70, 11, '2018-07-16 07:16:13', 7, 1),
(52, 66, 11, '2018-07-16 07:16:29', 7, 2),
(53, 49, 11, '2018-07-16 07:16:40', 7, 10),
(54, 52, 11, '2018-07-16 07:16:51', 7, 10),
(55, 53, 11, '2018-07-16 07:17:00', 7, 7),
(56, 69, 11, '2018-07-16 07:17:15', 7, 6),
(57, 81, 11, '2018-07-16 07:17:31', 7, 2),
(58, 85, 11, '2018-07-16 07:17:46', 7, 8),
(59, 61, 11, '2018-07-16 07:17:59', 7, 6),
(60, 83, 11, '2018-07-16 07:18:17', 7, 4),
(61, 72, 11, '2018-07-16 07:18:30', 7, 3),
(62, 76, 11, '2018-07-16 07:18:50', 7, 1),
(63, 68, 11, '2018-07-16 07:19:05', 7, 10),
(64, 89, 11, '2018-07-16 07:19:32', 7, 7),
(65, 75, 11, '2018-07-16 07:20:11', 7, 7),
(66, 65, 11, '2018-07-16 07:20:24', 7, 12),
(67, 48, 11, '2018-07-16 07:20:46', 7, 5),
(68, 58, 11, '2018-07-16 07:20:56', 7, 5),
(69, 78, 11, '2018-07-16 07:21:10', 7, 0),
(70, 55, 11, '2018-07-16 07:21:28', 7, 7),
(71, 87, 11, '2018-07-16 07:21:50', 7, 5),
(72, 63, 11, '2018-07-16 07:37:03', 7, 10),
(73, 88, 11, '2018-07-16 07:37:15', 7, 4),
(74, 86, 11, '2018-07-16 07:37:29', 7, 10),
(75, 77, 11, '2018-07-16 07:37:44', 7, 4),
(76, 54, 11, '2018-07-16 07:38:11', 7, 7),
(77, 62, 11, '2018-07-16 07:38:21', 7, 4),
(78, 64, 11, '2018-07-16 07:38:41', 7, 7),
(79, 47, 11, '2018-07-16 07:38:54', 7, 7),
(80, 60, 11, '2018-07-16 07:39:08', 7, 13),
(81, 71, 11, '2018-07-16 07:39:18', 7, 6),
(82, 74, 11, '2018-07-16 07:39:36', 7, 5),
(83, 50, 11, '2018-07-16 07:39:47', 7, 1),
(84, 59, 11, '2018-07-16 07:40:01', 7, 4),
(85, 3, 10, '2018-07-30 15:01:47', 4, 12);

-- --------------------------------------------------------

--
-- Table structure for table `tbl_class_schedule`
--

CREATE TABLE `tbl_class_schedule` (
  `scd_id` int(11) NOT NULL,
  `schedule_time` varchar(50) NOT NULL,
  `schedule_date` varchar(10) NOT NULL,
  `grade` int(11) NOT NULL,
  `section` int(11) NOT NULL,
  `teacher_id` int(11) NOT NULL,
  `room_id` int(11) NOT NULL,
  `sy` int(11) NOT NULL
) ENGINE=InnoDB DEFAULT CHARSET=latin1;

-- --------------------------------------------------------

--
-- Table structure for table `tbl_grade`
--

CREATE TABLE `tbl_grade` (
  `id` int(11) NOT NULL,
  `grade` varchar(100) NOT NULL,
  `grade_desc` varchar(100) NOT NULL
) ENGINE=InnoDB DEFAULT CHARSET=latin1;

--
-- Dumping data for table `tbl_grade`
--

INSERT INTO `tbl_grade` (`id`, `grade`, `grade_desc`) VALUES
(1, 'Grade 7', 'Grade 7'),
(2, 'Grade 8', 'Grade 8'),
(3, 'Grade 9', 'Grade 9'),
(4, 'Grade 10', 'Grade 10'),
(5, 'Grade 11', 'Grade 11'),
(6, 'Grade 12', 'Grade 12');

-- --------------------------------------------------------

--
-- Table structure for table `tbl_room`
--

CREATE TABLE `tbl_room` (
  `id` int(11) NOT NULL,
  `room_number` varchar(100) NOT NULL,
  `room_location` varchar(100) NOT NULL
) ENGINE=InnoDB DEFAULT CHARSET=latin1;

-- --------------------------------------------------------

--
-- Table structure for table `tbl_section`
--

CREATE TABLE `tbl_section` (
  `id` int(11) NOT NULL,
  `section_name` varchar(100) NOT NULL,
  `section_desc` varchar(100) NOT NULL
) ENGINE=InnoDB DEFAULT CHARSET=latin1;

--
-- Dumping data for table `tbl_section`
--

INSERT INTO `tbl_section` (`id`, `section_name`, `section_desc`) VALUES
(1, 'St. Joseph', 'St. Joseph'),
(3, 'St. Sebastian', 'St. Sebastian'),
(4, 'St. ignatius', 'St. ignatius'),
(5, 'St. Peter and Paul', 'St. Peter and Paul'),
(6, 'St. Claire', 'St. Claire'),
(7, 'St. John the Baptist', 'St. John the Baptist'),
(8, 'St. Thomas Aquinas', 'St. Thomas Aquinas'),
(9, 'St. Nicholas', 'St. Nicholas'),
(10, 'St. Christopher', 'St. Christopher'),
(11, 'St. Patrick', 'St. Patrick'),
(12, 'St. Benedict', 'St. Benedict'),
(13, 'St. Michael', 'St. Michael'),
(14, 'St. John Paul II', 'St. John Paul II'),
(15, 'St. Theresa', 'St. Theresa'),
(16, 'St. Francis Xavier', 'St. Francis Xavier');

-- --------------------------------------------------------

--
-- Table structure for table `tbl_student`
--

CREATE TABLE `tbl_student` (
  `student_id` int(11) NOT NULL,
  `student_name` varchar(100) NOT NULL,
  `gender` varchar(20) NOT NULL,
  `student_grade` int(11) NOT NULL,
  `student_section` int(11) NOT NULL
) ENGINE=InnoDB DEFAULT CHARSET=latin1;

--
-- Dumping data for table `tbl_student`
--

INSERT INTO `tbl_student` (`student_id`, `student_name`, `gender`, `student_grade`, `student_section`) VALUES
(5, 'Erillo, Angelica M. ', 'F', 1, 8),
(6, 'Toroy, Joshua Charlz A.', 'M', 1, 8),
(7, 'Gilar, Abbygale C.', 'F', 1, 8),
(8, 'Graciadas, Arylle Paolo G.', 'M', 1, 8),
(9, 'Linas, Zion Angela S. ', 'F', 1, 8),
(10, 'Gregorio, Janelle F. ', 'F', 1, 8),
(11, 'Jayme, Luis Antonio S. ', 'M', 1, 8),
(12, 'Calfoforo, Veronica S. ', 'F', 1, 8),
(13, 'Coloso, Juliana S. ', 'F', 1, 8),
(14, 'Coralde, Joshua Miguel J. ', 'M', 1, 8),
(15, 'Roa, Timi Hope M. ', 'F', 1, 8),
(16, 'Cabinbin, Danica G. ', 'F', 1, 8),
(17, 'Evangelista, Lolie May P. ', 'F', 1, 8),
(18, 'Siruelo, Jafra Jul J. ', 'F', 1, 8),
(19, 'Fairbanks, Dareen Veerol E. ', 'F', 1, 8),
(20, 'Cuenca, Ybbabeiram D. ', 'F', 1, 8),
(21, 'De la Paz, Veronica Donne G. ', 'F', 1, 8),
(22, 'Bayrante, Martha-Ann Jaycee S.', 'F', 1, 8),
(23, 'Cuevas, Paolo Carlo O.', 'M', 1, 8),
(24, 'Oviedo, Cheska Nicole R. ', 'F', 1, 8),
(25, 'Yanson, Nahden N.', 'F', 1, 8),
(26, 'Genta, John Michael G. ', 'M', 1, 8),
(27, 'Galusmo, Eusel Aien Shen H. ', 'F', 1, 8),
(28, 'Montero, Joanne T. ', 'F', 1, 8),
(29, 'De La Victoria, Mary Kaira D. ', 'F', 1, 8),
(30, 'Herbolario, Jersy Yvon R. ', 'F', 1, 8),
(31, 'Valente, Eurich R. ', 'F', 1, 8),
(32, 'Villacita, Jhierene Kem P. ', 'F', 1, 8),
(33, 'Flores, Hardie Laurence M. ', 'M', 1, 8),
(34, 'Bestuir, Denver V.', 'M', 1, 8),
(35, 'Siason, Aya Lorraine B. ', 'F', 1, 8),
(36, 'Villo, Ma. Sae Clarithy S. ', 'F', 1, 8),
(37, 'Baylon, Norbert Francis E. ', 'M', 1, 8),
(38, 'Cuevas, Honey ', 'F', 1, 8),
(39, 'Cajeda, Charmaine Rose T.', 'F', 1, 8),
(40, 'Vingno, Crisha Joy T. ', 'F', 1, 8),
(41, 'Limaco, April Joy P.', 'F', 1, 8),
(42, 'Soriano, Ralph Jayson T. ', 'M', 1, 8),
(43, 'Rio, Ryza Jane E. ', 'F', 1, 8),
(44, 'Regalia III, Ricardo F. ', 'M', 1, 8),
(45, 'Tortusa, Reane Atasha M. ', 'F', 1, 8),
(46, 'Ricafort, Prete Giellana S. ', 'F', 1, 8),
(47, 'Lisas, Chris Dawn Marie L. ', 'F', 1, 8),
(48, 'Serra, Cathlea T. ', 'F', 1, 8),
(49, 'Javier, Marchiel M.', 'M', 1, 1),
(50, 'Lachica, Jomiel Jade C. ', 'M', 1, 1),
(51, 'Lambojon, Keith Owen R.', 'M', 1, 1),
(52, 'Lambojon, Mariane Nicole J.', 'F', 1, 1),
(53, 'Lapore, Erielle S.', 'F', 1, 1),
(54, 'Laya, Lynce M.', 'F', 1, 1),
(55, 'Laurico, Daniela G.', 'F', 1, 1),
(56, 'Laurico, Mike Angelo S.', 'M', 1, 1),
(57, 'Legaspi, Athena E.', 'F', 1, 1),
(58, 'Limsiaco, Roxanne S.', 'F', 1, 1),
(59, 'Lingamen, Anne Marcelle R.', 'F', 1, 1),
(60, 'Lobrique, Rexelle A.', 'F', 1, 1),
(61, 'Lopez, John Lloyd C.', 'M', 1, 1),
(62, 'Lusoc, Ma. Alexa Graciela Louise M.', 'F', 1, 1),
(63, 'Lozano, Kyrain Mae A.', 'F', 1, 1),
(64, 'Magallanes, Ashley Kendric V.', 'M', 1, 1),
(65, 'Magbanua, Marco Antonio C.', 'M', 1, 1),
(66, 'Makilan, Cyrus I.', 'M', 1, 1),
(67, 'Malinao, Renz Gabriel N.', 'M', 1, 1),
(68, 'Mantac, June Patrick T.', 'M', 1, 1),
(69, 'Mariano, Nicole Franzaine S.', 'F', 1, 1),
(70, 'Martinez, Rho Randyle G.', 'M', 1, 1),
(71, 'Martir, Aerian A.', 'F', 1, 1),
(72, 'Mayo, Glexie Glenn N.', 'F', 1, 1),
(73, 'Mayol, Vince Howell C.', 'M', 1, 1),
(74, 'Melvida, Chauncy T.', 'F', 1, 1),
(75, 'Mendoza, Aidrie John T.', 'M', 1, 1),
(76, 'Lacson, Dean Alexis M.', 'M', 1, 1),
(77, 'Mosqueda, Ma. Angela Beatrice M.', 'F', 1, 1),
(78, 'Muripaga, Jasmine C.', 'F', 1, 1),
(79, 'Muyana, Jillian Mae D.', 'F', 1, 1),
(80, 'Neri, Rheden Mark Y.', 'M', 1, 1),
(81, 'Ng, Keen Sean ', 'M', 1, 1),
(82, 'Niango, Aaliyah Faith T.', 'F', 1, 1),
(83, 'Ordoez, Jescele Faith S.', 'F', 1, 1),
(84, 'Ogapong, John Dave M.', 'M', 1, 1),
(85, 'Omagap, Frances Hannah Mikhaela G.', 'F', 1, 1),
(86, 'Ordonia, Ireneo A.', 'M', 1, 1),
(87, 'Oreta, Jian Khylle T.', 'M', 1, 1),
(88, 'Ortilla, Robert Carl S.', 'M', 1, 1),
(89, 'Longno, Vince Ros B.', 'M', 1, 1),
(90, 'Moises, Kristina Cashemeira J.', 'F', 1, 1),
(91, 'Medecio, Eugene Kirtz', 'M', 1, 1),
(92, 'Jadan Jr., Eric E.', 'M', 1, 1),
(93, 'Oyos, Sebastian Miguel S.', 'M', 1, 1),
(94, 'ADOLFO, ADONIS LANCE I', 'M', 2, 10),
(95, 'ADOLFO, JR. JOHNNY Y.', 'M', 2, 10),
(96, 'ALIBANGO, FRANCIS JEFF S.', 'M', 2, 10),
(97, 'ALMAIZ, CALEB P.', 'M', 2, 10),
(98, 'AMITA, JOHN LORENCE M.', 'M', 2, 10),
(99, 'ARROYO, DYNO S.', 'M', 2, 10),
(100, 'AZERO, RHAUL B.', 'M', 2, 10),
(101, 'BANDOLA, RODZ CHRISTIAN F.', 'M', 2, 10),
(102, 'BESO, KY M.', 'M', 2, 10),
(103, 'BLANCAFLOR, KARL MIGUEL L.', 'M', 2, 10),
(104, 'BLANCO, ALEX JAKE B.', 'M', 2, 10),
(105, 'BOCOL, ALVIN REY E.', 'M', 2, 10),
(106, 'BOCOL, CEDRICK VHON F.', 'M', 2, 10),
(107, 'BORJA, NEIL CHRISTIAN V.', 'M', 2, 10),
(108, 'CABANAS, JUSTINE REY B', 'M', 2, 10),
(109, 'CABAERO, HANZ URIEL P.', 'M', 2, 10),
(110, 'ERASMO, IJ HERVIC T.', 'M', 2, 10),
(111, 'FLORES, JAYPIE C.', 'M', 2, 10),
(112, 'GONZALES, BRYLE T.', 'M', 2, 10),
(113, 'MAGBANUA, JOVET VIN HALF G.', 'M', 2, 10),
(114, 'MAGBATO, EDRIAN DONN J.', 'M', 2, 10),
(115, 'MANGAO, GOERGE ADRIAN B.', 'M', 2, 10),
(116, 'ALABAN, HEART SHANE S', 'F', 2, 10),
(117, 'ALBON, NATHALIE MAE L.', 'F', 2, 10),
(118, 'ALIPERIO, JOLIE MAE R.', 'F', 2, 10),
(119, 'AMAJADO KAREN JOYCE A.', 'F', 2, 10),
(120, 'ARIOLA YLA E.', 'F', 2, 10),
(121, 'AUSAN, KAREN K', 'F', 2, 10),
(122, 'BACSARSA, RELYN JANE V.', 'F', 2, 10),
(123, 'BALINAS, ELOIM MAE ROSANA T.', 'F', 2, 10),
(124, 'BALOYO, JESSAMAE JANE D.', 'F', 2, 10),
(125, 'BARCELONA MAUREENE ANNE T.', 'F', 2, 10),
(126, 'BERGORIO, NOELLEE O.', 'F', 2, 10),
(127, 'BERTANICO, CHARIZE MARIE M.', 'F', 2, 10),
(128, 'BOLIVAR, MAEVA ISALINE J.', 'F', 2, 10),
(129, 'BONILLA, ERICKA  JEAN D.', 'F', 2, 10),
(130, 'BOYOC, FRANCHEZCKA JULIANA P.', 'F', 2, 10),
(131, 'BROSOTO, MARITONY R.', 'F', 2, 10),
(132, 'CABALATUNGAN, RHEA JOY A.', 'F', 2, 10),
(133, 'ENRIQUEZ, LINDSAY JANE G.', 'F', 2, 10),
(134, 'GELLECANAO, JOHNNA MARIE A.', 'F', 2, 10),
(135, 'MADRIGALLO, JENEROSS M.', 'F', 2, 10),
(136, 'MONTESINO, JOHANNAH E.', 'F', 2, 10),
(137, 'REMIENDO, CHIEZKA B.', 'F', 2, 10),
(138, 'TAQUISO, JARA LEONETTE P.', 'F', 2, 10),
(139, 'VALDEZ, DAISY JANE B.', 'F', 2, 10),
(140, 'Cardiente, James Patrick V.', 'M', 3, 11),
(141, 'Lo-on, Kiyr John', 'M', 3, 11),
(142, 'Cua, Rod Francis T.', 'M', 3, 11),
(143, 'Agus, Leonard A.', 'M', 3, 11),
(144, 'ALBARADO, JOSH RAFAEL', 'M', 3, 11),
(145, 'CALIDGUID JR., RICO L.', 'M', 3, 11),
(146, 'ARSENIO, KIM L.', 'F', 3, 11),
(147, 'BULAWIN, JASON JAN D.', 'M', 3, 11),
(148, 'BANDOLA, KYTH DALE B.', 'M', 3, 11),
(149, 'ACUYAN, FRANCISCO H.', 'M', 3, 11),
(150, 'ANTOPINA, RALPH G.', 'M', 3, 11),
(151, 'BAYLES, JOEGEN G.', 'M', 3, 11),
(152, 'SATORIO, JOHN LOUIE S.', 'M', 3, 11),
(153, 'BAJOS, NEIL JASON R.', 'M', 3, 11),
(154, 'ARROYO, JAYRICK L.', 'M', 3, 11),
(155, 'COLOSO, CHRISTIAN JHURRY P.', 'M', 3, 11),
(156, 'MARTINEZ, RUPERTO', 'M', 3, 11),
(157, 'DAVID, JOEY G.', 'M', 3, 11),
(158, 'BAJADA, JAMIEL RIC D.', 'M', 3, 11),
(159, 'ALMAIZ, FRANZ ALDEN LUKE W.', 'M', 3, 11),
(160, 'ABENITA, CLARK RICKY G.', 'M', 3, 11),
(161, 'AMOYO, CHERRIELY ANNE L.', 'F', 3, 11),
(162, 'BARILE, NAVIGAIL GRACE', 'F', 3, 11),
(163, 'BOROY, MARY JOE', 'F', 3, 11),
(164, 'CASIPE, CHRISTINE KAYE', 'F', 3, 11),
(165, 'ABARRO, KRISTEN JOYCE', 'F', 3, 11),
(166, 'CASTAO, NICOLE ANNE M.', 'F', 3, 11),
(167, 'ALMAIZ, SHANE P.', 'F', 3, 11),
(168, 'CORDOVA, CHANIE M.', 'F', 3, 11),
(169, 'PITONG, NIKA MARIE B.', 'F', 3, 11),
(170, 'ABID, KHALIL A.', 'M', 3, 11),
(171, 'CABALATUNGAN, JEHAN C.', 'M', 3, 11),
(172, 'BARCELONA, NICOLE GWYNETH', 'F', 3, 11),
(173, 'CHIONG, SHAREN D.', 'F', 3, 11),
(174, 'AYSON, GABRIELLE ANNE A.', 'F', 3, 11),
(175, 'BATI-ON, TARA SHANNEN T.', 'F', 3, 11),
(176, 'CERTICIO, JELYN JANE G.', 'F', 3, 11),
(177, 'AMAGAN, EARL', 'M', 3, 11),
(178, 'AGUS, KATE L.', 'F', 3, 11),
(179, 'AGUS, SHEINA MARIE C.', 'F', 3, 11),
(180, 'ACUYAN, LEZIEL B.', 'F', 3, 11),
(181, 'AMBOR, JOHAINA L.', 'F', 3, 11),
(182, 'BILLEARAN,  JENNA JOY A.', 'F', 3, 11),
(183, 'BALASANGAY, CYRELL MAE', 'F', 3, 11),
(184, 'ANDAS, JOHANNAH MARIE S.', 'F', 3, 11),
(185, 'BONA, KRISTEL P.', 'F', 3, 11),
(186, 'CABALATUNGAN, REYZELLE ANN', 'F', 3, 11),
(187, 'BRAVA, ANDREA', 'F', 3, 11),
(188, 'RECAA, LALAINE JOY O.', 'F', 3, 12),
(189, 'SIMBIT, EARL JOHN G.', 'M', 3, 12),
(190, 'TALATALA, STEVE A.', 'M', 3, 12),
(191, 'RIO, IRISH GABRIELLE E.', 'F', 3, 12),
(192, 'RAMOS, JOVANI T.', 'M', 3, 12),
(193, 'SALGADO, SHEENAH TARAH M.', 'F', 3, 12),
(194, 'RUFINO, JULIANE', 'F', 3, 12),
(195, 'TACUBAN, HELEANA C.', 'F', 3, 12),
(196, 'TACUBAN, MAELLAN FAITH A.', 'F', 3, 12),
(197, 'SUMAGAYSAY, GAIL WYNARD P.', 'M', 3, 12),
(198, 'VALDESIMO, ZYRA GRACE P.', 'F', 3, 12),
(199, 'SADIO, REY ANDREI G.', 'M', 3, 12),
(200, 'VOLUNTATE, SHAYNE AIREL C.', 'F', 3, 12),
(201, 'SEGUIRA, JETHRO T.', 'M', 3, 12),
(202, 'TANTERAS, ERICHO O.', 'M', 3, 12),
(203, 'TILLES, YUAN AXL V.', 'M', 3, 12),
(204, 'TANATE, PAULA JANE G.', 'F', 3, 12),
(205, 'SALTORE, PRECIOUS EULENE D.', 'F', 3, 12),
(206, 'BACUSA, JAN LORENZ M.', 'M', 3, 12),
(207, 'TALLEDO, CARL HENRICK A.', 'M', 3, 12),
(208, 'TABUCON, GREPIL JOHN R.', 'M', 3, 12),
(209, 'RIBOYAS, BRYAN G.', 'M', 3, 12),
(210, 'TOLEDO, KERVIE LORENZO B.', 'M', 3, 12),
(211, 'ZAYCO, PATRICK RAFAEL C.', 'M', 3, 12),
(212, 'GUZON, GERALIEN E.', 'F', 3, 12),
(213, 'FLORES, ARIANNE ROSE M.', 'F', 3, 12),
(214, 'VALLAGOMESA, KEIRSTEN C.', 'F', 3, 12),
(215, 'ROQUERO, GISELLE DAWN V.', 'F', 3, 12),
(216, 'QUILLO, SCATTY G.', 'F', 3, 12),
(217, 'VIESCA, RICH ANGELLANE C.', 'F', 3, 12),
(218, 'TABASIN, RICA ROSE S.', 'F', 3, 12),
(219, 'TOACAO, EDISON M.', 'M', 3, 12),
(220, 'TORRES, JASPER E.', 'M', 3, 12),
(221, 'VALLEGA, JOHN PATRICK G.', 'M', 3, 12),
(222, 'RAVINA, MARCO JOSE', 'M', 3, 12),
(223, 'VILLACRUZ, FRANCESCA YSABEL T.', 'F', 3, 12),
(224, 'TORRES, PAULINE JOY V.', 'F', 3, 12),
(225, 'LAFORNINA, ELISHA JOYCE Y.', 'F', 3, 12),
(226, 'VILLANUEVA, RYAN S.', 'M', 3, 12),
(227, 'TRIO, FAUSTINO ERNEST B. ', 'M', 3, 12),
(228, 'VINGNO, RUBY P.', 'M', 3, 12),
(229, 'SAMPEROY, STEVEN J.', 'M', 3, 12),
(230, 'TOMENIO, ANDREI A.', 'M', 3, 12),
(231, 'ANTONIO, JOHN LOUIE S.', 'M', 3, 11),
(232, 'ARRIOLA, RHIM', 'M', 3, 11),
(233, 'Maceda, Lebron G', 'M', 1, 1),
(234, 'ALLER, EARL BRYAN G.', 'M', 2, 3),
(235, 'ARBOLARIO, JOHN PAUL', 'M', 2, 3),
(236, 'BROSOTO, DAN GIL', 'M', 2, 3),
(237, 'CAMRAL, GIL BON D.', 'M', 2, 3),
(238, 'CAETE, JOHN PAUL M.', 'M', 2, 3),
(239, 'CARIO, LOUISE CEVASTIAN C.', 'M', 2, 3),
(240, 'CASIANO, SHAME LOUIE E.', 'M', 2, 3),
(241, 'CASUMPANG GDAN D.', 'M', 2, 3),
(242, 'CHUA, JOSHUA C.', 'M', 2, 3),
(243, 'CUCHADO, JOHN RICHMAR G.', 'M', 2, 3),
(244, 'DELA CRUZ, KYLE JOHN E.', 'M', 2, 3),
(245, 'DELACRUZ, RONIC M.', 'M', 2, 3),
(246, 'DELERA, IVAN H.', 'M', 2, 3),
(247, 'DELIMA, CLIMARK S.', 'M', 2, 3),
(248, 'DIONILLO, CHRISTIAN JUSTIN P.', 'M', 2, 3),
(249, 'DISTAJO, JESLIE KYLE V.', 'M', 2, 3),
(250, 'DOGUE, RHALP M.', 'M', 2, 3),
(251, 'DOJOLES, KNEOU ANGELO G.', 'M', 2, 3),
(252, 'DOREMON, KARL OLIVER C.', 'M', 2, 3),
(253, 'DULA, LEONEL O.', 'M', 2, 3),
(254, 'EMBARQUE, JAM B.', 'M', 2, 3),
(255, 'ENCAJA, JAMAR D.', 'M', 2, 3),
(256, 'PALMA, JOSE GERWIN L.', 'M', 2, 9),
(257, 'ACUYAN, JUSTINE G.', 'M', 2, 9),
(258, 'SALGADO, HAROLD LESTER M.', 'M', 2, 9),
(259, 'SALVILLA EDRIAN G.', 'M', 2, 9),
(260, 'ORTILLA, LEONARD JAMES S.', 'M', 2, 9),
(261, 'MONTAO, MARK JASON B.', 'M', 2, 9),
(262, 'MELVIDA, STEPHEN LEE T.', 'M', 2, 9),
(263, 'VILLANUEVA, JUDE ANDREW', 'M', 2, 9),
(264, 'SALES, JOHN LAWRENCE P.', 'M', 2, 9),
(265, 'SALVIA, JODRELL A.', 'M', 2, 9),
(266, 'SALAZAR, DEAN EARL ANDRE D.', 'M', 2, 9),
(267, 'RAMOS, LIAM EZEKIEL J.', 'M', 2, 9),
(268, 'PONGYAN, DANIEL O.', 'M', 2, 9),
(269, 'ROMANO, YOLANDA', 'F', 2, 9),
(270, 'REBENITO, LUIS BENEDICTO G.', 'M', 2, 9),
(271, 'PANAGUITON, CHRISTIAN I.', 'M', 2, 9),
(272, 'PEREZ, ANDRIAN M.', 'M', 2, 9),
(273, 'MONTELIBANO, KRIS JAN E.', 'M', 2, 9),
(274, 'SALORIA, ERIC BRYLLE T.', 'M', 2, 9),
(275, 'MENODIADO, JERVY', 'M', 2, 9),
(276, 'LLAMADO, MANLANGIT, ARLOU JAY', 'M', 2, 9),
(277, 'GASPILLO, NATHANIEL T.', 'M', 2, 9),
(278, 'GUERRA, PATRICK JOHN A.', 'M', 2, 9),
(279, 'PABILLO, LHIAN GREG', 'M', 2, 9),
(280, 'REPIQUE, JADE ABBYGALE', 'F', 2, 9),
(281, 'SUMONGSONG, SOPHIA BIANCA', 'F', 2, 9),
(282, 'SERFINO, SHERMEL H.', 'F', 2, 9),
(283, 'SUMAGAYSAY, ANGELICA S.', 'F', 2, 9),
(284, 'TALAMAN, ELEANOR N.', 'F', 2, 9),
(285, 'TAVERA, HAILEY LAUREN C.', 'F', 2, 9),
(286, 'TRINIDAD, MARIEL N.', 'F', 2, 9),
(287, 'PEREZ, DANA JOY T.', 'F', 2, 9),
(288, 'TALABAN, DONALYN A.', 'F', 2, 9),
(289, 'TRAZA, RHEA JANE N.', 'F', 2, 9),
(290, 'PITONG, KRIZ ANN B.', 'F', 2, 9),
(291, 'MONTERO, ELEN JOY L.', 'F', 2, 9),
(292, 'SIASON, CLAIZA MYRRH C.', 'F', 2, 9),
(293, 'VICENTE, KRYSTINE T.', 'F', 2, 9),
(294, 'SUGANOB, DARLYN T.', 'F', 2, 9),
(295, 'TRINIDAD, LARLYN S.', 'F', 2, 9),
(296, 'RAYCO, THIENA ARRIANE I.', 'F', 2, 9),
(297, 'ORETA, KIAN JAKE', 'M', 2, 9),
(298, 'ENGADA, JOSHUA RUVIE TONGCUA T.', 'M', 2, 3),
(299, 'MEDINA, LEVHEN DAVID JOSH L.', 'M', 2, 3),
(300, 'SUGANOB, DANEMARC T.', 'M', 2, 3),
(301, 'CAAVERAL, FRANCINE B.', 'F', 2, 3),
(302, 'CARTEGENA, CEMBER JOY C.', 'F', 2, 3),
(303, 'CASALEM, ERICH S.', 'F', 2, 3),
(304, 'CASTILLO, PRINCESS BLESSY G.', 'F', 2, 3),
(305, 'CASTILLO, ZHYLA G.', 'F', 2, 3),
(306, 'CUBID, DANICA JOY M.', 'F', 2, 3),
(307, 'DAGONDONG, CARYL JANE A.', 'F', 2, 3),
(308, 'DATO, SHIELO MEL JANN J.', 'F', 2, 3),
(309, 'DE LEON, DANIELLA LORAINE B', 'F', 2, 3),
(310, 'DEJALDE, KIARA SHANE C.', 'F', 2, 3),
(311, 'DESLATE, TANYA PAULA A.', 'F', 2, 3),
(312, 'DIAZ, SHERI ANN C', 'F', 2, 3),
(313, 'DIONILLO, IRISH DOANNE D.', 'F', 2, 3),
(314, 'DORIG, JOANNA JUNE T.', 'F', 2, 3),
(315, 'DUPO, VANNESA M.', 'F', 2, 3),
(316, 'EGCA, JEANIE RYN G.', 'F', 2, 3),
(317, 'ENCAJA, JEANEROSE GLAZE O.', 'F', 2, 3),
(318, 'RAMOS, KASANDRA NICOLE S.', 'F', 2, 3),
(319, 'ADLAON, JOSEPH', 'M', 2, 6),
(320, 'COLOSO, JOAQUIN ', 'M', 2, 6),
(322, 'CUENCA, KIRK KEVIN', 'M', 2, 6),
(323, 'DELA CRUZ, MILES C.', 'M', 2, 6),
(325, 'ESCARE. JUSTIN U.', 'M', 2, 6),
(326, 'ESTAMPADOR, SHAWNE CLEM L.', 'M', 2, 6),
(327, 'FUENTES, VINCE RAY G.', 'M', 2, 6),
(328, 'FLORES, SHERWEN E.', 'M', 2, 6),
(329, 'GADOR, JOHN MARK A.', 'M', 2, 6),
(330, 'GANE, G.M A.', 'M', 2, 6),
(331, 'GATILOGO, JOSHUA J.', 'M', 2, 6),
(332, 'GINGOS, JOVEN C.', 'M', 2, 6),
(333, 'GORRICETA CHRISTIAN RIEN P.', 'M', 2, 6),
(334, 'GRACIA, JOSEPH PATRICK M.', 'M', 2, 6),
(335, 'GULMATICO, JOSH ARON C.', 'M', 2, 6),
(336, 'GUZON, ALDRIN B.', 'M', 2, 6),
(337, 'IDQUILA, VINCE', 'M', 2, 6),
(338, 'LADIOS, JUNREY ALEX J.', 'M', 2, 6),
(339, 'LANUZA, JESSIE VINCE D.', 'M', 2, 6),
(340, 'MARTINEZ, JOHN VINCEN V.', 'M', 2, 6),
(341, 'SERVITA, ANGELINO ANDRIE M.', 'M', 2, 6),
(342, 'UTANA, STEPHEN ROY L.', 'M', 2, 6),
(343, 'DOLOSO, FRANZ JOY M.', 'F', 2, 6),
(344, 'DURAN, JOEZIL L.', 'F', 2, 6),
(345, 'GAYOLA, ALYSSA KATE B.', 'F', 2, 6),
(346, 'GATON, JAY MEI T.', 'F', 2, 6),
(347, 'GARZON, FATIMA G.', 'F', 2, 6),
(348, 'GARRIDO, ALTHEA E.', 'F', 2, 6),
(349, 'GARCIA, ERICKA JUNE E.', 'F', 2, 6),
(350, 'GERASMIA, CRISLY JUNE D.', 'F', 2, 6),
(351, 'GONZAGA, JANINE MONIQUE L.', 'F', 2, 6),
(352, 'GUARTERO, SOFIA DANIELLE T.', 'F', 2, 6),
(353, 'HECHANOVA, MICKYLA B.', 'F', 2, 6),
(354, 'JALEA, YASMINE B.', 'F', 2, 6),
(355, 'JUANICO, ALYANA MARIE J.', 'F', 2, 6),
(356, 'LAMAYO, ANGEL ROSE E.', 'F', 2, 6),
(357, 'LANUZA, NIA ROSE R.', 'F', 2, 6),
(358, 'LIMA, ARHEEN JOY D.', 'F', 2, 6),
(359, 'VINGNO, SHEREEN P.', 'F', 2, 6),
(360, 'DONIA, DAVID JUSTIN', 'M', 2, 6),
(361, 'FERNANDEZ, KENNETH IAN B.', 'M', 2, 6),
(362, 'CONSTANTINO, JM A.', 'M', 2, 6),
(363, 'TAALA, JOSE CRISTOVAL F.', 'M', 3, 12),
(364, 'TALAMAN, JANBY S.', 'M', 3, 12),
(365, 'TAALA, MICKAILA F.', 'F', 3, 12),
(366, 'CABAERO, FRANCHEZCA P.', 'F', 3, 12),
(367, 'RAMOS, CHEED', 'M', 3, 12),
(368, 'TOROY, JHON EARL A.', 'M', 3, 4),
(369, 'GARPA, JEORGHINE MAE ', 'F', 3, 4),
(370, 'VILLANUEVA, FRACHETTE MITZI S.', 'F', 3, 4),
(371, 'LIRAZAN, KAISER VENICE R.', 'F', 3, 4),
(372, 'GONZAGA, JULIA MAXINE L.', 'F', 3, 4),
(373, 'DELENILA, JOHN GERARD ', 'M', 3, 4),
(374, 'BELLEZA, CHARLES JAYSON T.', 'M', 3, 4),
(375, 'ROBLES, KHEANA CLARISSE T.', 'F', 3, 4),
(376, 'JABAGAT, CIELO A.', 'F', 3, 4),
(377, 'LUMINTAC, FRANCES KATRINA G.', 'F', 3, 4),
(378, 'POYOGAO, NICOLE B.', 'F', 3, 4),
(379, 'GRANADA, PIO SEBASTIAN S.', 'M', 3, 4),
(380, 'DOCTO, MARY JANE B.', 'F', 3, 4),
(381, 'SALAS, CHRISTINE N.', 'F', 3, 4),
(382, 'GASATAYA, NOEMI A.', 'F', 3, 4),
(383, 'ELY, JENNIE VEEB C.', 'F', 3, 4),
(384, 'SABALLA, NIEL CHRISTIAN M.', 'M', 3, 4),
(385, 'RICO, JERROLD JAY M.', 'M', 3, 4),
(386, 'DIOSO, JOHN WAYNE P.', 'M', 3, 4),
(387, 'ALTEZA, KYLE CINDY V.', 'F', 3, 4),
(388, 'PANIQUE, HLIA LIN D.', 'F', 3, 4),
(389, 'SUMAGAYSAY, JENY P.', 'F', 3, 4),
(390, 'CORDOVA, JIRAH MAE O.', 'F', 3, 4),
(391, 'GARIANDO, JILLIANE C.', 'F', 3, 4),
(392, 'CORALDE, EDESSA A.', 'F', 3, 4),
(393, 'TANMOYA, JESTINE LOUISE E.', 'F', 3, 4),
(394, 'CARIAGA, ALEXA JORGE B.', 'F', 3, 4),
(395, 'PITONG, RAEZEL HARVEY M.', 'F', 3, 4),
(396, 'SII, PRINCESS FIONA L.', 'F', 3, 4),
(397, 'ESLAFOR, JUDEE ANNE B.', 'F', 3, 4),
(398, 'FELIZARIO, CRYSTAL MAE Y.', 'F', 3, 4),
(399, 'CAHILIG, EA MARIE B.', 'F', 3, 4),
(400, 'ALISBO, TRISHA MAE ', 'F', 3, 4),
(401, 'LLADOC, MA. CASIMER M.', 'F', 3, 4),
(402, 'ABAO, JIA MAE A.', 'F', 3, 4),
(403, 'GUMBAN, JOSHUA R.', 'M', 3, 4),
(404, 'ARELLANO, MARCUS C.', 'M', 3, 4),
(405, 'BENDOL, YLLYZA QUE P.', 'F', 3, 4),
(406, 'MANGAO, BRYLLE ANDRAE G.', 'M', 3, 4),
(407, 'LADIOS, PRINCESS MARIE P.', 'F', 3, 4),
(408, 'BIADORA, RIKKI MARIE V.', 'F', 3, 4),
(409, 'LUCERO, JOHN JOSEPH M.', 'M', 3, 4),
(410, 'JABAGAT, ALNARAH LYN V.', 'F', 3, 4),
(411, 'CAYA, CHRISTOPHER L.', 'M', 3, 4),
(412, 'CORTEZ, CARL JERIC D.', 'M', 3, 4),
(413, 'DE LEON, PAUL C.', 'M', 3, 4),
(414, 'REYES, APRIL GIL D.', 'F', 3, 4),
(415, 'JUDILLA, JEROME ED M.', 'M', 3, 4),
(416, 'RUBIATO, JOELA YSABEL ', 'F', 4, 5),
(417, 'TIRADO, MERSHI GRACE P.', 'F', 4, 5),
(418, 'ZAYCO, ANDREA LEE B.', 'F', 4, 5),
(419, 'PEREZ, EDLYN JOY C.', 'F', 4, 5),
(420, 'SARARAA, SHAILLAH DEANNE J.', 'F', 4, 5),
(421, 'MONTOYO, MA. CELENA R.', 'F', 4, 5),
(422, 'VALENCIA, NICKY B.', 'M', 4, 5),
(423, 'SERVANDO, CARLO LHOUISE C.', 'M', 4, 5),
(424, 'RAMO, SHENA T.', 'F', 4, 5),
(425, 'PANILAN, TREXIE E.', 'F', 4, 5),
(426, 'VILLACARLOS, RIENWIL D.', 'M', 4, 5),
(427, 'TACUBAN, JOHN LOURENZ C.', 'M', 4, 5),
(428, 'ZAYCO, JEVER S.', 'M', 4, 5),
(429, 'PINTUAN, JOHN RENIEL J.', 'M', 4, 5),
(430, 'VICENTE, ALEXANDER LOUISE T.', 'M', 4, 5),
(431, 'TILLES, KATHRINE ANNE V.', 'F', 4, 5),
(432, 'TANJAY, CHRISTINE T.', 'F', 4, 5),
(433, 'TRIO, RHEA DYNE HANNAH', 'F', 4, 5),
(434, 'VILLAROSA, JEAN MARIELLE', 'F', 4, 5),
(435, 'PEREZ, KARL KENT N.', 'M', 4, 5),
(436, 'VILLANUEVA, JOSHCEL KIT S.', 'M', 4, 5),
(437, 'TAMAYO, RUSS JAN P.', 'M', 4, 5),
(438, 'SINGSON, RONA JANE B.', 'F', 4, 5),
(439, 'VINGNO, DIRK JOHN', 'M', 4, 5),
(440, 'PAJARILLO, JOHN MARK A.', 'M', 4, 5),
(441, 'TAD-Y, ANDREA ASHLYN F.', 'F', 4, 5),
(442, 'VILLACRUZ, FENNIE JULLIENE T.', 'F', 4, 5),
(443, 'TRANCO, CRISTINA', 'F', 4, 5),
(444, 'UNATIN, JAN ALLEN B.', 'M', 4, 5),
(445, 'ROA, MEL S.', 'M', 4, 5),
(446, 'SERRA, JOE MARIE CHRISTIAN D.', 'M', 4, 5),
(447, 'OBLIGAR, KYLE T.', 'M', 4, 5),
(448, 'SII, FRANKIE L.', 'M', 4, 5),
(449, 'VALDESIMO, VIR CYDRICK T.', 'M', 4, 5),
(450, 'CORDOVA, JOHN LAE', 'F', 4, 5),
(451, 'VILLANUEVA, ARNEE GRACE', 'F', 4, 5),
(452, 'RIO, LANCE CESAR L.', 'M', 4, 5),
(453, 'PINEDA, ZYRON', 'M', 4, 5),
(454, 'SALORIA, EUNICE MARIELLE TOGLE', 'F', 4, 5),
(455, 'PINEDA, JENNEN M.', 'F', 4, 5),
(456, 'SALVADOR, LENNY REY R.', 'F', 4, 5),
(457, 'PASQUIN, HANNAH JANE', 'F', 4, 5),
(458, 'VINSON, MIA D.', 'F', 4, 5),
(459, 'SANTOCILDES, SETH LAWRENCE ', 'M', 4, 5),
(460, 'LAMAN, JOHN EUSEBIO B.', 'M', 4, 5),
(461, 'LOBRIQUE, BERNARD RAY B.', 'M', 4, 5),
(462, 'QUIMPO, KYLE ANGELO G.', 'M', 4, 5),
(463, 'PEREZ, LOUE ZIVY S.', 'M', 4, 5),
(464, 'AGUS, JESSIE JAMES M.', 'M', 4, 7),
(465, 'ADOLFO, JOHN KENNIETH', 'M', 4, 7),
(466, 'ALANZA, SHANIA JANE B.', 'F', 4, 7),
(467, 'AGUS, SHEILA MAE C.', 'F', 4, 7),
(468, 'BESO, KENNEDY M.', 'M', 4, 7),
(469, 'BANDOLA, MJ CRIS T.', 'M', 4, 7),
(470, 'GEBUSION,JR. MARLON S.', 'M', 4, 7),
(471, 'DE GUZMAN, JAYPEE A.', 'M', 4, 7),
(472, 'CASAMA, JOVIC FRANCIS V.', 'M', 4, 7),
(473, 'ALSAGAR, DAISYRIE A.', 'F', 4, 7),
(474, 'AMITA, LHORE JANE M.', 'F', 4, 7),
(475, 'ABARRO, ANNA ROSE A.', 'F', 4, 7),
(476, 'DE LUNA, NEIL JAIRUS G.', 'M', 4, 7),
(477, 'CORDERO, JUSTINE FRANCIS B.', 'M', 4, 7),
(478, 'BESAS, MAX JASON D.', 'M', 4, 7),
(479, 'DIOREC, QUEENILYN', 'F', 4, 7),
(480, 'EVANGELISTA, EXZEL MARIE', 'F', 4, 7),
(481, 'BIONO, HELEN MAE', 'F', 4, 7),
(482, 'CHAVEZ, KATRINA', 'F', 4, 7),
(483, 'DOREMON, JUNAIKA MAE', 'F', 4, 7),
(484, 'ECHARE, MAE ANGELYN', 'F', 4, 7),
(485, 'DALIMOOS, ANA MICAELA', 'F', 4, 7),
(486, 'CORONEL, WINCEL KAYE R.', 'F', 4, 7),
(487, 'CATCHETE, KEITH ADRIAN P.', 'M', 4, 7),
(488, 'ALBERINO, VINCENT', 'M', 4, 7),
(489, 'BOLIVAR, KRISTOFFERSEN C.', 'M', 4, 7),
(490, 'AGUIRRE, LUCIEN T.', 'M', 4, 7),
(491, 'ESPANOLA, TRISHA J.', 'F', 4, 7),
(492, 'TOLEDO, AUDRIC SEBASTIEN B.', 'M', 4, 7),
(493, 'ALPECHE, PAUL GERALD ', 'M', 4, 7),
(494, 'BACOLOCOS, NIO REY', 'M', 4, 7),
(495, 'DIEGO, JOHN REYMAN', 'M', 4, 7),
(496, 'ABAS, KENNETH', 'M', 4, 7),
(497, 'AUSAN, KIMBERLY', 'F', 4, 7),
(498, 'ALOJADO, RIANNA H.', 'F', 4, 7),
(499, 'CALVO, DWYGTH T.', 'M', 4, 7),
(500, 'BESO, ENCEHAYAN L.', 'F', 4, 7),
(501, 'ALABAN, KYLE JOSHUA R.', 'M', 4, 7),
(502, 'ARMADA, AILEEN MAE', 'F', 4, 7),
(503, 'ADRIAS, IVY LYN MAY B.', 'F', 4, 7),
(504, 'BALINAS, MA. ROS LOURDES T.', 'F', 4, 7),
(505, 'BACSARSA, RICA V.', 'F', 4, 7),
(506, 'BALIGUAT, SUZETTE L.', 'F', 4, 7),
(507, 'ADOLFO, ADRIANE', 'M', 4, 7),
(508, 'GUERRA, KLINT PETER ', 'M', 4, 7),
(509, 'MONTOYO, KENNETH P.', 'M', 4, 7),
(510, 'DE GUZMAN, FRITHZ D.', 'M', 4, 7),
(511, 'GALANG, JAMEL A.', 'F', 2, 6),
(512, 'CASUYON, JED D.', 'M', 2, 3),
(513, 'VALLEGA, JOHN PHILIP', 'M', 3, 12),
(514, 'VENUS, LENDON G.', 'M', 3, 12),
(515, 'NOMBRE, ROD MARTIN JE O.', 'M', 3, 4),
(516, 'TONGCUA, JUDE DARYL E.', 'M', 4, 5),
(517, 'PALACIOS, JESSA MAE', 'F', 4, 5),
(518, 'AMBOR, ASLANI', 'M', 4, 7),
(519, 'BAUTISTA, NILYN FRANCINE', 'F', 4, 7),
(520, 'BESAS, MELODY C.', 'F', 4, 7),
(521, 'PASILAN, DIANNE', 'F', 4, 7),
(522, 'NACOLANGGA, KIANA LUIE L.', 'F', 4, 13),
(523, 'HUCALINAS, JANE LESLIE A.', 'F', 4, 13),
(524, 'VALIENTE, MARIEL MARIE V.', 'F', 4, 13),
(525, 'GARNADO, KYLA', 'F', 4, 13),
(526, 'CADAYONA, SALVIE FAITH', 'F', 4, 13),
(527, 'EUSTAQIO, SHYMECA L.', 'F', 4, 13),
(528, 'FABIA, JOHN HENRY', 'M', 4, 13),
(529, 'MARTINEZ, RHINOA ANGELA', 'F', 4, 13),
(530, 'MANAOG, EMMALAINE', 'F', 4, 13),
(531, 'OLMEDO, LORAINE', 'F', 4, 13),
(532, 'MARTINEZ, CHRISTINA NICOLE B.', 'F', 4, 13),
(533, 'PARREO, MA. JULLIEN', 'F', 4, 13),
(534, 'EBIDO, EDMAR C.', 'M', 4, 13),
(535, 'GARZON, KAYE ANTONIETTE E.', 'F', 4, 13),
(536, 'GASATAYA, CHRISTINE A.', 'F', 4, 13),
(537, 'GARGANIAN, RUBIE MAE', 'F', 4, 13),
(538, 'MINGOY, HENRIETTA MARIE C.', 'F', 4, 13),
(539, 'LEGARDE, CHENSEJH DAY B.', 'F', 4, 13),
(540, 'FUENTES, FELICITY', 'F', 4, 13),
(541, 'GALLOS, EUNICE', 'F', 4, 13),
(542, 'MAYANG, DANICA', 'F', 4, 13),
(543, 'GREY, LOUIE BJORN B.', 'M', 4, 13),
(544, 'MIRASOL, EARL JOHN', 'M', 4, 13),
(545, 'ORIBE, DEAN ANGELO E.', 'M', 4, 13),
(546, 'LARA JR., RONALD P.', 'M', 4, 13),
(547, 'MANTAC, VER ANTHONY T.', 'M', 4, 13),
(548, 'BACSARSA, REY JOHN V.', 'M', 4, 13),
(549, 'JAMANDRE, JHOBERT GLENN E.', 'M', 4, 13),
(550, 'LUCERO, GERARD JOSEPH M.', 'M', 4, 13),
(551, 'NEOLAR, LEE VINCENT G.', 'M', 4, 13),
(552, 'FERNANDEZ, JULIAN LOUIS', 'M', 4, 13),
(553, 'GALANG III, BENJAMIN', 'M', 4, 13),
(554, 'MAGBANUA, JOSHUA ANTON', 'M', 4, 13),
(555, 'DELA CERNA JR., ROLANDO A.', 'M', 4, 13),
(556, 'LAMAYO, ARLIE E.', 'M', 4, 13),
(557, 'GATOC, GARY DANIEL S.', 'M', 4, 13),
(558, 'GERONA, MICHAEL VINCENT E.', 'M', 4, 13),
(559, 'PAGTALUNAN, EMJAY B.', 'M', 4, 13),
(560, 'MARTIR, JULIUS EDWARD A.', 'M', 4, 13),
(561, 'ENGADA, JUSTINE ROBERT T.', 'M', 4, 13),
(562, 'JOMEN, KIA A.', 'F', 4, 13),
(563, 'MARTINEZ, JULIE MAY', 'F', 4, 13),
(564, 'MAGHUYOP, APRIL JOY', 'F', 4, 13),
(565, 'NOMBRE, IAN CZAR', 'M', 4, 13),
(566, 'MUNTALVO, JOHN KENNETH', 'M', 4, 13),
(567, 'LAURICO, JOTHAM', 'M', 4, 13),
(568, 'MANGAO, JEZZER Y.', 'M', 4, 13),
(569, 'GERONA, CLARK GODWIN V.', 'M', 4, 13),
(570, 'GERASMIA, PAUL CRISLY', 'M', 4, 13),
(571, 'GONZALES, LEE ANDREW', 'M', 4, 13),
(572, 'PAMPOSA, JAIMIE S.', 'F', 4, 13),
(573, 'FLORES, JOSHUA C.', 'M', 2, 6),
(574, 'CUISON, PATRICK RENIEL D.', 'M', 4, 7),
(575, 'OVIEDO, KAELA', 'F', 4, 13),
(576, 'Sornito, Aliah Gwyneth', 'F', 4, 5),
(577, 'CORTEZ, ARIANNE CASSANDRA B.', 'F', 1, 14),
(578, 'BRAVO, PRINCESS JOY B.', 'F', 1, 14),
(579, 'ADOLFO, JUDELIN A.', 'F', 1, 14),
(580, 'ABAJA, ARTHUR G.', 'M', 1, 14),
(581, 'APOSAGA, MAY FRANCE L.', 'F', 1, 14),
(582, 'CARI-AN, KRISTINE NATHALIE L.', 'F', 1, 14),
(583, 'ACUYAN, GIRLIE B.', 'F', 1, 14),
(584, 'BALASANGAY, SCARLET MARIE M.', 'F', 1, 14),
(585, 'BILLION, ELEAH ROSE B.', 'F', 1, 14),
(586, 'BORJA, AISLY T.', 'M', 1, 14),
(587, 'CADAVIS, JOHN SILVER P.', 'M', 1, 14),
(588, 'BENDOL, JOHN EXEQUEL P.', 'M', 1, 14),
(589, 'CASTAO JUVY H.', 'M', 1, 14),
(590, 'CERCADO, PRECIOUS C.', 'F', 1, 14),
(591, 'AGUIRRE, SEAN YUKI R.', 'F', 1, 14),
(592, 'ALTEZA, KARYL ANNE V.', 'F', 1, 14),
(593, 'BOYAYOT, ZENREY RONIL', 'M', 1, 14),
(594, 'BIAS, JOHN REY C.', 'M', 1, 14),
(595, 'AGUS, RALPH ROMEO M.', 'M', 1, 14),
(596, 'CAYA, CHRISTYLL MARIE L.', 'F', 1, 14),
(597, 'CAHILIG, RIZA MAE T.', 'F', 1, 14),
(598, 'ALBON, SHAN L.', 'M', 1, 14),
(599, 'CALVO, MANNY F.', 'M', 1, 14),
(600, 'CAAL, MEAZEL GRACE M.', 'F', 1, 14),
(601, 'CHAVEZ, KYLA MAE T.', 'F', 1, 14),
(602, 'CARTAGENA, JUNELA C.', 'F', 1, 14),
(603, 'BELDIA, CHURD MAY', 'M', 1, 14),
(604, 'AYAGAN, FRANCIS TOFFY D.', 'M', 1, 14),
(605, 'BOCAUTO, GORDON B.', 'M', 1, 14),
(606, 'ANTONIO, JEROME S.', 'M', 1, 14),
(607, 'BENGAL, CHARISSA O.', 'F', 1, 14),
(608, 'APAWAN, SHANNEL M.', 'F', 1, 14),
(609, 'BONGAITA, ADRIAN PHILIP T.', 'M', 1, 14),
(610, 'CARIO, LAWRENCE GAVRIEL C.', 'M', 1, 14),
(611, 'APLA-ON JARED KEITH G.', 'M', 1, 14),
(612, 'BUENA, JOSHUA BEN A.', 'M', 1, 14),
(613, 'ACUYAN, LAWRENCE B.', 'M', 1, 14),
(614, 'DE ASIS, JANELL BERNALYN M.', 'F', 1, 14),
(615, 'APAWAN, KERT JERICK ', 'M', 1, 14),
(616, 'BUHAT, JADE MARK S.', 'M', 1, 14),
(617, 'DAGUNAN, PRINCESS NATHALIE S.', 'F', 1, 14),
(618, 'ALIBANGO, FRANCIS XAVIER S.', 'M', 1, 14),
(619, 'BIAS, ALBERT D.', 'M', 1, 14),
(620, 'CARBONEDA, RYLE KRYSTOPER', 'M', 1, 14),
(621, 'AGUILLON, TAKESHI M.', 'M', 1, 14),
(623, 'SALGADO, JAMES IVAN', 'M', 1, 15),
(624, 'SIONOSA, CHRISTMARK G.', 'M', 1, 15),
(625, 'PAMPOSA, JOSHUA S.', 'M', 1, 15),
(626, 'PARILLA, ANGELICA WAYNE D.', 'F', 1, 15),
(627, 'RABINO, JOHN ROLAND D.', 'M', 1, 15),
(628, 'SORNITO, AUDREY A.', 'F', 1, 15),
(629, 'QUILLO, SKITCH G.', 'M', 1, 15),
(630, 'PANTA, EDEN ROSE A.', 'F', 1, 15),
(631, 'PONTE, JANILLE P.', 'F', 1, 15),
(632, 'SALUTA, EDWARD LUIS A.', 'M', 1, 15),
(633, 'PEARANDA, JIMILAH P.', 'F', 1, 15),
(634, 'SEGUIRO, RHOCEL S.', 'F', 1, 15),
(635, 'PEREZ, DYHNA JANNE T.', 'F', 1, 15),
(636, 'PORRAS, MARIELLE JHANE B.', 'F', 1, 15),
(637, 'ORTALIZ, RHEA ALEXA N.', 'F', 1, 15),
(638, 'SALES, SUE SHANE A.', 'F', 1, 15),
(639, 'ROSALES, JOHN MICHAEL', 'M', 1, 15),
(640, 'PABE, DARWEN JOHN M.', 'M', 1, 15),
(641, 'SANONG, ZYRILLE JAMES G.', 'M', 1, 15),
(642, 'SEGUIRO, FRANZEN LEE B.', 'M', 1, 15),
(643, 'SOLONGON, YNARRA FRANZENE T.', 'F', 1, 15),
(644, 'PIEL, JOVIAL A.', 'M', 1, 15),
(645, 'SALDITOS, ERICA JANE E.', 'F', 1, 15),
(646, 'PEROCO, JACE ANTHON', 'M', 1, 15),
(647, 'PAMPOSA, CHRISTIAN A.', 'M', 1, 15),
(648, 'QUIMPO, KARL G.', 'M', 1, 15),
(649, 'PAULIN, JOSE MIGUEL', 'M', 1, 15),
(650, 'RIOPAY, TRISHA MAE', 'F', 1, 15),
(651, 'PRESALDO, MARK STEPHEN C.', 'M', 1, 15),
(652, 'RADA, JAPHET Z.', 'M', 1, 15),
(653, 'PUTONG, REMAN F.', 'M', 1, 15),
(654, 'RIO, DAVID L.', 'M', 1, 15),
(655, 'QUIZAN, IRENE GRACE A.', 'F', 1, 15),
(656, 'SERISOLA, LORDGIV ELAIJAH', 'M', 1, 15),
(657, 'PERALTA,MA. ALEXANDRA CAMILLE', 'F', 1, 15),
(658, 'RALA, CLEO NICOLE B.', 'F', 1, 15),
(659, 'SERVANO, EUNICE PEARL E.', 'F', 1, 15),
(660, 'PORRAS, JO CHRISTIAN V.', 'M', 1, 15),
(661, 'PAGTAGUAN, RIANA GABRIELLE H.', 'F', 1, 15),
(662, 'REYES, ALJOIS BJOERN B.', 'M', 1, 15),
(663, 'PEREZ, CHIAN URIEL N.', 'M', 1, 15),
(664, 'PONCE, ANDREI NOEL T.', 'M', 1, 15),
(665, 'RELENTE, GIAN CARLO C.', 'M', 1, 15),
(666, 'TABIANO, HERMIE JANE J.', 'F', 1, 15),
(667, 'SERVANDO, RAIZA T.', 'F', 1, 15),
(668, 'SERVANDO, ROMELYN T.', 'F', 1, 15),
(669, 'BENIGAY, GUYRIL MARK', 'M', 4, 5),
(670, 'Arian, Lenard Q.', 'M', 2, 16),
(671, 'Bocafigura, John Paul', 'M', 2, 16),
(672, 'Boga, John Lowayne G.', 'M', 2, 16),
(673, 'Cordero, Alexef G.', 'M', 2, 16),
(674, 'Domiguez, Al Rafael Z.', 'M', 2, 16),
(675, 'Gargaritano, Joelito Jr. T.', 'M', 2, 16),
(676, 'Gayares, Raphael T.', 'M', 2, 16),
(677, 'Herbolario, Kenth Jero R.', 'M', 2, 16),
(678, 'Lugtu, Carlos Ynrico S.', 'M', 2, 16),
(679, 'Magbanua, Joshua C.', 'M', 2, 16),
(680, 'Pal, Lovepreetz Charles G.', 'M', 2, 16),
(681, 'Pasol, Dale Jaspher B.', 'M', 2, 16),
(682, 'Ramos, Christian Paul T.', 'M', 2, 16),
(683, 'Vallega, Fritz G.', 'M', 2, 16),
(684, 'Villila, Angelito', 'M', 2, 16),
(685, 'Ramos, Ron', 'M', 2, 16),
(686, 'Agus, Kaye Angela M.', 'F', 2, 16),
(687, 'Aral, Kristine Joy N.', 'F', 2, 16),
(688, 'Barcimo, Lorrine Marie Grace Ayagan', 'F', 2, 16),
(689, 'Bungay, Farah Thea V.', 'F', 2, 16),
(690, 'Dela Paz, Donne Auguste Dominique G.', 'F', 2, 16),
(691, 'Dojoles, Sophia Victoria A.', 'F', 2, 16),
(692, 'Dunque, Khian Grace V.', 'F', 2, 16),
(693, 'Espanola, Angelyn G.', 'F', 2, 16),
(694, 'Estremera, Rhea Joy P.', 'F', 2, 16),
(695, 'Gicana, Jaclyn M.', 'F', 2, 16),
(696, 'Javier, Ma. Bianca M.', 'F', 2, 16),
(697, 'Lascano, Janelle S.', 'F', 2, 16),
(698, 'Mirasol, Erica Julliene B.', 'F', 2, 16),
(699, 'Olavia, Ketz G.', 'F', 2, 16),
(700, 'Oviedo, Nathalie Yvette R.', 'F', 2, 16),
(701, 'Pedregosa, Gwyneth Ros I.', 'F', 2, 16),
(702, 'Pico, Pearl Zayhen M.', 'F', 2, 16),
(703, 'Puchero, Judee Anthonette D.', 'F', 2, 16),
(704, 'Siason, Khea Faye B.', 'F', 2, 16),
(705, 'Siason, Nickole Y.', 'F', 2, 16),
(706, 'Trestiza, Christine Abegail', 'F', 2, 16),
(707, 'Tuvalles, Dynzel Joy R.', 'F', 2, 16),
(708, 'Utana, Rianah T.', 'F', 2, 16),
(709, 'Uy, Mary Kayla G.', 'F', 2, 16),
(710, 'Vallagomesa, Alyssa G.', 'F', 2, 16),
(711, 'Villanueva, Joselle May A.', 'F', 2, 16),
(712, 'Villanueva, Marian Faith B.', 'F', 2, 16),
(713, 'Villar, Blessie Shane E.', 'F', 2, 16),
(714, 'Zamora, Kirsha Lavyne Q.', 'F', 2, 16),
(715, 'Galang, Clarish Kaye', 'F', 2, 16);

-- --------------------------------------------------------

--
-- Table structure for table `tbl_teacher`
--

CREATE TABLE `tbl_teacher` (
  `teacher_id` int(11) NOT NULL,
  `teacher_name` varchar(100) NOT NULL,
  `teacher_advisory` int(11) NOT NULL
) ENGINE=InnoDB DEFAULT CHARSET=latin1;

--
-- Dumping data for table `tbl_teacher`
--

INSERT INTO `tbl_teacher` (`teacher_id`, `teacher_name`, `teacher_advisory`) VALUES
(1, 'John D. Canete', 0);

-- --------------------------------------------------------

--
-- Table structure for table `tbl_user`
--

CREATE TABLE `tbl_user` (
  `user_id` int(11) NOT NULL,
  `user_name` varchar(100) NOT NULL,
  `user_pass` varchar(100) NOT NULL,
  `user_type` varchar(100) NOT NULL,
  `user_details` varchar(100) NOT NULL
) ENGINE=InnoDB DEFAULT CHARSET=latin1;

--
-- Dumping data for table `tbl_user`
--

INSERT INTO `tbl_user` (`user_id`, `user_name`, `user_pass`, `user_type`, `user_details`) VALUES
(1, 'superbyte', 'superbyte', 'teacher', '1'),
(2, 'admin', 'admin', 'admin', 'admin');

-- --------------------------------------------------------

--
-- Stand-in structure for view `test`
-- (See below for the actual view)
--
CREATE TABLE `test` (
`id` int(11)
,`member_id` int(11)
,`class_id` int(11)
,`att_date` date
,`att_status` varchar(100)
,`2018-07-09` varchar(100)
,`2018-07-23` varchar(100)
,`2018-07-30` varchar(100)
);

-- --------------------------------------------------------

--
-- Structure for view `test`
--
DROP TABLE IF EXISTS `test`;

CREATE ALGORITHM=UNDEFINED DEFINER=`root`@`localhost` SQL SECURITY DEFINER VIEW `test`  AS  (select `tbl_attendance`.`id` AS `id`,`tbl_attendance`.`member_id` AS `member_id`,`tbl_attendance`.`class_id` AS `class_id`,`tbl_attendance`.`att_date` AS `att_date`,`tbl_attendance`.`att_status` AS `att_status`,(case when (`tbl_attendance`.`att_date` = '2018-07-09') then `tbl_attendance`.`att_status` end) AS `2018-07-09`,(case when (`tbl_attendance`.`att_date` = '2018-07-23') then `tbl_attendance`.`att_status` end) AS `2018-07-23`,(case when (`tbl_attendance`.`att_date` = '2018-07-30') then `tbl_attendance`.`att_status` end) AS `2018-07-30` from `tbl_attendance`) ;

--
-- Indexes for dumped tables
--

--
-- Indexes for table `student_grades_hs`
--
ALTER TABLE `student_grades_hs`
  ADD PRIMARY KEY (`id`);

--
-- Indexes for table `tbl_advisory`
--
ALTER TABLE `tbl_advisory`
  ADD PRIMARY KEY (`id`);

--
-- Indexes for table `tbl_attendance`
--
ALTER TABLE `tbl_attendance`
  ADD PRIMARY KEY (`id`);

--
-- Indexes for table `tbl_class`
--
ALTER TABLE `tbl_class`
  ADD PRIMARY KEY (`class_id`);

--
-- Indexes for table `tbl_class_member`
--
ALTER TABLE `tbl_class_member`
  ADD PRIMARY KEY (`member_id`);

--
-- Indexes for table `tbl_class_quiz`
--
ALTER TABLE `tbl_class_quiz`
  ADD PRIMARY KEY (`id`);

--
-- Indexes for table `tbl_class_quiz_record`
--
ALTER TABLE `tbl_class_quiz_record`
  ADD PRIMARY KEY (`id`);

--
-- Indexes for table `tbl_class_schedule`
--
ALTER TABLE `tbl_class_schedule`
  ADD PRIMARY KEY (`scd_id`);

--
-- Indexes for table `tbl_grade`
--
ALTER TABLE `tbl_grade`
  ADD PRIMARY KEY (`id`);

--
-- Indexes for table `tbl_room`
--
ALTER TABLE `tbl_room`
  ADD PRIMARY KEY (`id`);

--
-- Indexes for table `tbl_section`
--
ALTER TABLE `tbl_section`
  ADD PRIMARY KEY (`id`);

--
-- Indexes for table `tbl_student`
--
ALTER TABLE `tbl_student`
  ADD PRIMARY KEY (`student_id`);

--
-- Indexes for table `tbl_teacher`
--
ALTER TABLE `tbl_teacher`
  ADD PRIMARY KEY (`teacher_id`);

--
-- Indexes for table `tbl_user`
--
ALTER TABLE `tbl_user`
  ADD PRIMARY KEY (`user_id`);

--
-- AUTO_INCREMENT for dumped tables
--

--
-- AUTO_INCREMENT for table `student_grades_hs`
--
ALTER TABLE `student_grades_hs`
  MODIFY `id` int(11) NOT NULL AUTO_INCREMENT, AUTO_INCREMENT=21;

--
-- AUTO_INCREMENT for table `tbl_advisory`
--
ALTER TABLE `tbl_advisory`
  MODIFY `id` int(11) NOT NULL AUTO_INCREMENT;

--
-- AUTO_INCREMENT for table `tbl_attendance`
--
ALTER TABLE `tbl_attendance`
  MODIFY `id` int(11) NOT NULL AUTO_INCREMENT, AUTO_INCREMENT=6383;

--
-- AUTO_INCREMENT for table `tbl_class`
--
ALTER TABLE `tbl_class`
  MODIFY `class_id` int(11) NOT NULL AUTO_INCREMENT, AUTO_INCREMENT=28;

--
-- AUTO_INCREMENT for table `tbl_class_member`
--
ALTER TABLE `tbl_class_member`
  MODIFY `member_id` int(11) NOT NULL AUTO_INCREMENT, AUTO_INCREMENT=800;

--
-- AUTO_INCREMENT for table `tbl_class_quiz`
--
ALTER TABLE `tbl_class_quiz`
  MODIFY `id` int(11) NOT NULL AUTO_INCREMENT, AUTO_INCREMENT=8;

--
-- AUTO_INCREMENT for table `tbl_class_quiz_record`
--
ALTER TABLE `tbl_class_quiz_record`
  MODIFY `id` int(11) NOT NULL AUTO_INCREMENT, AUTO_INCREMENT=86;

--
-- AUTO_INCREMENT for table `tbl_class_schedule`
--
ALTER TABLE `tbl_class_schedule`
  MODIFY `scd_id` int(11) NOT NULL AUTO_INCREMENT;

--
-- AUTO_INCREMENT for table `tbl_grade`
--
ALTER TABLE `tbl_grade`
  MODIFY `id` int(11) NOT NULL AUTO_INCREMENT, AUTO_INCREMENT=7;

--
-- AUTO_INCREMENT for table `tbl_room`
--
ALTER TABLE `tbl_room`
  MODIFY `id` int(11) NOT NULL AUTO_INCREMENT;

--
-- AUTO_INCREMENT for table `tbl_section`
--
ALTER TABLE `tbl_section`
  MODIFY `id` int(11) NOT NULL AUTO_INCREMENT, AUTO_INCREMENT=17;

--
-- AUTO_INCREMENT for table `tbl_student`
--
ALTER TABLE `tbl_student`
  MODIFY `student_id` int(11) NOT NULL AUTO_INCREMENT, AUTO_INCREMENT=716;

--
-- AUTO_INCREMENT for table `tbl_teacher`
--
ALTER TABLE `tbl_teacher`
  MODIFY `teacher_id` int(11) NOT NULL AUTO_INCREMENT, AUTO_INCREMENT=2;

--
-- AUTO_INCREMENT for table `tbl_user`
--
ALTER TABLE `tbl_user`
  MODIFY `user_id` int(11) NOT NULL AUTO_INCREMENT, AUTO_INCREMENT=3;
COMMIT;

/*!40101 SET CHARACTER_SET_CLIENT=@OLD_CHARACTER_SET_CLIENT */;
/*!40101 SET CHARACTER_SET_RESULTS=@OLD_CHARACTER_SET_RESULTS */;
/*!40101 SET COLLATION_CONNECTION=@OLD_COLLATION_CONNECTION */;
